{
  "schema": "1",
  "action": "refocus",
  "status": "improved",
  "source": {
    "path": "C:\\Users\\erict\\OneDrive\\Desktop\\Projects\\optical-design-v1\\docs\\research\\full-release\\final-mcp\\mcp-jobs\\ab21f583781c4aedb3c290fe314935e1\\inputs\\model.zmx",
    "sha256": "4fe32615eac8c57b2d80c6745c99f0e3235f7586a2917e62dffe0aba2b9f7cf8"
  },
  "spec": {
    "schema": "1",
    "name": "Synthetic 50 mm singlet: bounded refocus demonstration",
    "fields": [
      1
    ],
    "wavelengths": [
      1
    ],
    "frequencies_cyc_per_mm": [
      20
    ],
    "requirements": [
      {
        "id": "focal-length",
        "metric": "efl_mm",
        "unit": "mm",
        "min": 48,
        "max": 51
      },
      {
        "id": "track",
        "metric": "total_track_mm",
        "unit": "mm",
        "max": 65
      },
      {
        "id": "contrast",
        "metric": "mtf",
        "field": 1,
        "wavelength": 1,
        "frequency": 20,
        "axis": "tangential",
        "unit": "1",
        "min": 0.3
      },
      {
        "id": "spot",
        "metric": "rms_spot_um",
        "field": 1,
        "wavelength": 1,
        "unit": "um",
        "max": 30
      }
    ],
    "objective": {
      "metric": "rms_spot_um",
      "field": 1,
      "wavelength": 1,
      "direction": "minimize"
    },
    "focus": {
      "min_mm": 44,
      "max_mm": 51
    },
    "budget": {
      "max_evaluations": 25,
      "timeout_s": 300
    },
    "analysis": {
      "sampling": 128,
      "use_polarization": false
    },
    "minimum_gain": 0.001
  },
  "python_version": "3.11.15",
  "baseline": {
    "inspection": {
      "engine": {
        "name": "OpticStudio",
        "version": "24.1.0",
        "zospy_version": "2.1.5",
        "pythonnet_version": "3.1.0",
        "license": "PremiumEdition"
      },
      "focus_mm": 60.0,
      "image_surface": 3,
      "surfaces": [
        {
          "index": 0,
          "is_image": false,
          "is_stop": false,
          "type": "Standard",
          "radius_mm": "Infinity",
          "thickness_mm": "Infinity",
          "material": "",
          "conic": 0.0,
          "coating": "",
          "tilts": [
            0.0,
            0.0,
            0.0,
            0.0,
            0.0,
            0.0,
            0.0,
            0.0,
            0.0,
            0.0
          ],
          "aperture": "None",
          "semi_diameter_solve": "Automatic",
          "asphere_coefficients": []
        },
        {
          "index": 1,
          "is_image": false,
          "is_stop": true,
          "type": "EvenAspheric",
          "radius_mm": 50.0,
          "thickness_mm": 5.0,
          "material": "N-BK7",
          "conic": -0.5,
          "coating": "",
          "tilts": [
            0.0,
            0.0,
            0.0,
            0.0,
            0.0,
            0.0,
            0.0,
            0.0,
            0.0,
            0.0
          ],
          "aperture": "None",
          "semi_diameter_solve": "Automatic",
          "asphere_coefficients": [
            {
              "order": 2,
              "value": 0.0,
              "unit": "mm^-1"
            },
            {
              "order": 4,
              "value": 1e-06,
              "unit": "mm^-3"
            },
            {
              "order": 6,
              "value": -1e-09,
              "unit": "mm^-5"
            },
            {
              "order": 8,
              "value": 0.0,
              "unit": "mm^-7"
            },
            {
              "order": 10,
              "value": 0.0,
              "unit": "mm^-9"
            },
            {
              "order": 12,
              "value": 0.0,
              "unit": "mm^-11"
            },
            {
              "order": 14,
              "value": 0.0,
              "unit": "mm^-13"
            },
            {
              "order": 16,
              "value": 1e-20,
              "unit": "mm^-15"
            }
          ]
        },
        {
          "index": 2,
          "is_image": false,
          "is_stop": false,
          "type": "Standard",
          "radius_mm": -50.0,
          "thickness_mm": 60.0,
          "material": "",
          "conic": 0.0,
          "coating": "",
          "tilts": [
            0.0,
            0.0,
            0.0,
            0.0,
            0.0,
            0.0,
            0.0,
            0.0,
            0.0,
            0.0
          ],
          "aperture": "None",
          "semi_diameter_solve": "Automatic",
          "asphere_coefficients": []
        },
        {
          "index": 3,
          "is_image": true,
          "is_stop": false,
          "type": "Standard",
          "radius_mm": "Infinity",
          "thickness_mm": "Infinity",
          "material": "",
          "conic": 0.0,
          "coating": "",
          "tilts": [
            0.0,
            0.0,
            0.0,
            0.0,
            0.0,
            0.0,
            0.0,
            0.0,
            0.0,
            0.0
          ],
          "aperture": "None",
          "semi_diameter_solve": "Automatic",
          "asphere_coefficients": []
        }
      ],
      "invariants": {
        "surfaces": [
          {
            "index": 0,
            "is_image": false,
            "is_stop": false,
            "type": "Standard",
            "radius_mm": "Infinity",
            "thickness_mm": "Infinity",
            "material": "",
            "conic": 0.0,
            "coating": "",
            "tilts": [
              0.0,
              0.0,
              0.0,
              0.0,
              0.0,
              0.0,
              0.0,
              0.0,
              0.0,
              0.0
            ],
            "aperture": "None",
            "semi_diameter_solve": "Automatic",
            "asphere_coefficients": []
          },
          {
            "index": 1,
            "is_image": false,
            "is_stop": true,
            "type": "EvenAspheric",
            "radius_mm": 50.0,
            "thickness_mm": 5.0,
            "material": "N-BK7",
            "conic": -0.5,
            "coating": "",
            "tilts": [
              0.0,
              0.0,
              0.0,
              0.0,
              0.0,
              0.0,
              0.0,
              0.0,
              0.0,
              0.0
            ],
            "aperture": "None",
            "semi_diameter_solve": "Automatic",
            "asphere_coefficients": [
              {
                "order": 2,
                "value": 0.0,
                "unit": "mm^-1"
              },
              {
                "order": 4,
                "value": 1e-06,
                "unit": "mm^-3"
              },
              {
                "order": 6,
                "value": -1e-09,
                "unit": "mm^-5"
              },
              {
                "order": 8,
                "value": 0.0,
                "unit": "mm^-7"
              },
              {
                "order": 10,
                "value": 0.0,
                "unit": "mm^-9"
              },
              {
                "order": 12,
                "value": 0.0,
                "unit": "mm^-11"
              },
              {
                "order": 14,
                "value": 0.0,
                "unit": "mm^-13"
              },
              {
                "order": 16,
                "value": 1e-20,
                "unit": "mm^-15"
              }
            ]
          },
          {
            "index": 2,
            "is_image": false,
            "is_stop": false,
            "type": "Standard",
            "radius_mm": -50.0,
            "material": "",
            "conic": 0.0,
            "coating": "",
            "tilts": [
              0.0,
              0.0,
              0.0,
              0.0,
              0.0,
              0.0,
              0.0,
              0.0,
              0.0,
              0.0
            ],
            "aperture": "None",
            "semi_diameter_solve": "Automatic",
            "asphere_coefficients": []
          },
          {
            "index": 3,
            "is_image": true,
            "is_stop": false,
            "type": "Standard",
            "radius_mm": "Infinity",
            "thickness_mm": "Infinity",
            "material": "",
            "conic": 0.0,
            "coating": "",
            "tilts": [
              0.0,
              0.0,
              0.0,
              0.0,
              0.0,
              0.0,
              0.0,
              0.0,
              0.0,
              0.0
            ],
            "aperture": "None",
            "semi_diameter_solve": "Automatic",
            "asphere_coefficients": []
          }
        ],
        "fields": [
          {
            "index": 1,
            "x_deg": 0.0,
            "y_deg": 0.0,
            "weight": 1.0
          }
        ],
        "wavelengths": [
          {
            "index": 1,
            "um": 0.55,
            "weight": 1.0,
            "primary": true
          }
        ],
        "aperture_type": "EntrancePupilDiameter",
        "aperture_mm": 10.0,
        "lens_units": "mm"
      },
      "limits": [
        "Sequential centered Standard conic/EvenAspheric refractive systems; fixed shape coefficients; angle fields; mm; EPD.",
        "Geometric centroid RMS spot and scalar FFT MTF are distinct metrics.",
        "A sparse pupil ray check detects gross failures; it is not a full vignetting analysis."
      ]
    },
    "measurements": [
      {
        "metric": "efl_mm",
        "unit": "mm",
        "value": 49.05139286997028,
        "settings": {
          "wavelength": 1,
          "wavelength_um": 0.55
        }
      },
      {
        "metric": "f_number",
        "unit": "1",
        "value": 4.905139,
        "settings": {
          "wavelength": 1,
          "wavelength_um": 0.55
        }
      },
      {
        "metric": "total_track_mm",
        "unit": "mm",
        "value": 65.0
      },
      {
        "metric": "image_distance_mm",
        "unit": "mm",
        "value": 60.0
      },
      {
        "metric": "rms_spot_um",
        "field": 1,
        "wavelength": 1,
        "unit": "um",
        "value": 993.4228136201618,
        "settings": {
          "reference": "centroid",
          "ray_density": 16,
          "native_analysis": "StandardSpot",
          "ray_check_count": 17,
          "field": 1,
          "field_xy_deg": [
            0.0,
            0.0
          ],
          "wavelength": 1,
          "wavelength_um": 0.55,
          "spectral_mode": "monochromatic"
        }
      },
      {
        "metric": "mtf",
        "field": 1,
        "wavelength": 1,
        "frequency": 20,
        "axis": "tangential",
        "unit": "1",
        "value": 0.00040010977242531186,
        "settings": {
          "analysis": "FFTMTF",
          "sampling": 128,
          "polarization": false,
          "frequency_interpolation": "linear; no extrapolation"
        }
      },
      {
        "metric": "mtf",
        "field": 1,
        "wavelength": 1,
        "frequency": 20,
        "axis": "sagittal",
        "unit": "1",
        "value": 0.00040010977242531186,
        "settings": {
          "analysis": "FFTMTF",
          "sampling": 128,
          "polarization": false,
          "frequency_interpolation": "linear; no extrapolation"
        }
      }
    ],
    "assessment": {
      "passes": false,
      "requirements": [
        {
          "id": "focal-length",
          "key": "efl_mm",
          "requirement": {
            "id": "focal-length",
            "metric": "efl_mm",
            "unit": "mm",
            "min": 48,
            "max": 51
          },
          "status": "pass",
          "value": 49.05139286997028,
          "unit": "mm"
        },
        {
          "id": "track",
          "key": "total_track_mm",
          "requirement": {
            "id": "track",
            "metric": "total_track_mm",
            "unit": "mm",
            "max": 65
          },
          "status": "pass",
          "value": 65.0,
          "unit": "mm"
        },
        {
          "id": "contrast",
          "key": "mtf|f=1|w=1|nu=20|axis=tangential",
          "requirement": {
            "id": "contrast",
            "metric": "mtf",
            "field": 1,
            "wavelength": 1,
            "frequency": 20,
            "axis": "tangential",
            "unit": "1",
            "min": 0.3
          },
          "status": "fail",
          "value": 0.00040010977242531186,
          "unit": "1"
        },
        {
          "id": "spot",
          "key": "rms_spot_um|f=1|w=1",
          "requirement": {
            "id": "spot",
            "metric": "rms_spot_um",
            "field": 1,
            "wavelength": 1,
            "unit": "um",
            "max": 30
          },
          "status": "fail",
          "value": 993.4228136201618,
          "unit": "um"
        }
      ]
    },
    "objective_breakdown": {
      "aggregation": "scalar",
      "direction": "minimize",
      "value": 993.4228136201618,
      "unit": "um",
      "terms": [
        {
          "metric": "rms_spot_um",
          "field": 1,
          "wavelength": 1,
          "key": "rms_spot_um|f=1|w=1",
          "unit": "um",
          "value": 993.4228136201618
        }
      ]
    },
    "objective_value": 993.4228136201618
  },
  "candidate": {
    "inspection": {
      "engine": {
        "name": "OpticStudio",
        "version": "24.1.0",
        "zospy_version": "2.1.5",
        "pythonnet_version": "3.1.0",
        "license": "PremiumEdition"
      },
      "focus_mm": 46.7694746245767,
      "image_surface": 3,
      "surfaces": [
        {
          "index": 0,
          "is_image": false,
          "is_stop": false,
          "type": "Standard",
          "radius_mm": "Infinity",
          "thickness_mm": "Infinity",
          "material": "",
          "conic": 0.0,
          "coating": "",
          "tilts": [
            0.0,
            0.0,
            0.0,
            0.0,
            0.0,
            0.0,
            0.0,
            0.0,
            0.0,
            0.0
          ],
          "aperture": "None",
          "semi_diameter_solve": "Automatic",
          "asphere_coefficients": []
        },
        {
          "index": 1,
          "is_image": false,
          "is_stop": true,
          "type": "EvenAspheric",
          "radius_mm": 50.0,
          "thickness_mm": 5.0,
          "material": "N-BK7",
          "conic": -0.5,
          "coating": "",
          "tilts": [
            0.0,
            0.0,
            0.0,
            0.0,
            0.0,
            0.0,
            0.0,
            0.0,
            0.0,
            0.0
          ],
          "aperture": "None",
          "semi_diameter_solve": "Automatic",
          "asphere_coefficients": [
            {
              "order": 2,
              "value": 0.0,
              "unit": "mm^-1"
            },
            {
              "order": 4,
              "value": 1e-06,
              "unit": "mm^-3"
            },
            {
              "order": 6,
              "value": -1e-09,
              "unit": "mm^-5"
            },
            {
              "order": 8,
              "value": 0.0,
              "unit": "mm^-7"
            },
            {
              "order": 10,
              "value": 0.0,
              "unit": "mm^-9"
            },
            {
              "order": 12,
              "value": 0.0,
              "unit": "mm^-11"
            },
            {
              "order": 14,
              "value": 0.0,
              "unit": "mm^-13"
            },
            {
              "order": 16,
              "value": 1e-20,
              "unit": "mm^-15"
            }
          ]
        },
        {
          "index": 2,
          "is_image": false,
          "is_stop": false,
          "type": "Standard",
          "radius_mm": -50.0,
          "thickness_mm": 46.7694746245767,
          "material": "",
          "conic": 0.0,
          "coating": "",
          "tilts": [
            0.0,
            0.0,
            0.0,
            0.0,
            0.0,
            0.0,
            0.0,
            0.0,
            0.0,
            0.0
          ],
          "aperture": "None",
          "semi_diameter_solve": "Automatic",
          "asphere_coefficients": []
        },
        {
          "index": 3,
          "is_image": true,
          "is_stop": false,
          "type": "Standard",
          "radius_mm": "Infinity",
          "thickness_mm": "Infinity",
          "material": "",
          "conic": 0.0,
          "coating": "",
          "tilts": [
            0.0,
            0.0,
            0.0,
            0.0,
            0.0,
            0.0,
            0.0,
            0.0,
            0.0,
            0.0
          ],
          "aperture": "None",
          "semi_diameter_solve": "Automatic",
          "asphere_coefficients": []
        }
      ],
      "invariants": {
        "surfaces": [
          {
            "index": 0,
            "is_image": false,
            "is_stop": false,
            "type": "Standard",
            "radius_mm": "Infinity",
            "thickness_mm": "Infinity",
            "material": "",
            "conic": 0.0,
            "coating": "",
            "tilts": [
              0.0,
              0.0,
              0.0,
              0.0,
              0.0,
              0.0,
              0.0,
              0.0,
              0.0,
              0.0
            ],
            "aperture": "None",
            "semi_diameter_solve": "Automatic",
            "asphere_coefficients": []
          },
          {
            "index": 1,
            "is_image": false,
            "is_stop": true,
            "type": "EvenAspheric",
            "radius_mm": 50.0,
            "thickness_mm": 5.0,
            "material": "N-BK7",
            "conic": -0.5,
            "coating": "",
            "tilts": [
              0.0,
              0.0,
              0.0,
              0.0,
              0.0,
              0.0,
              0.0,
              0.0,
              0.0,
              0.0
            ],
            "aperture": "None",
            "semi_diameter_solve": "Automatic",
            "asphere_coefficients": [
              {
                "order": 2,
                "value": 0.0,
                "unit": "mm^-1"
              },
              {
                "order": 4,
                "value": 1e-06,
                "unit": "mm^-3"
              },
              {
                "order": 6,
                "value": -1e-09,
                "unit": "mm^-5"
              },
              {
                "order": 8,
                "value": 0.0,
                "unit": "mm^-7"
              },
              {
                "order": 10,
                "value": 0.0,
                "unit": "mm^-9"
              },
              {
                "order": 12,
                "value": 0.0,
                "unit": "mm^-11"
              },
              {
                "order": 14,
                "value": 0.0,
                "unit": "mm^-13"
              },
              {
                "order": 16,
                "value": 1e-20,
                "unit": "mm^-15"
              }
            ]
          },
          {
            "index": 2,
            "is_image": false,
            "is_stop": false,
            "type": "Standard",
            "radius_mm": -50.0,
            "material": "",
            "conic": 0.0,
            "coating": "",
            "tilts": [
              0.0,
              0.0,
              0.0,
              0.0,
              0.0,
              0.0,
              0.0,
              0.0,
              0.0,
              0.0
            ],
            "aperture": "None",
            "semi_diameter_solve": "Automatic",
            "asphere_coefficients": []
          },
          {
            "index": 3,
            "is_image": true,
            "is_stop": false,
            "type": "Standard",
            "radius_mm": "Infinity",
            "thickness_mm": "Infinity",
            "material": "",
            "conic": 0.0,
            "coating": "",
            "tilts": [
              0.0,
              0.0,
              0.0,
              0.0,
              0.0,
              0.0,
              0.0,
              0.0,
              0.0,
              0.0
            ],
            "aperture": "None",
            "semi_diameter_solve": "Automatic",
            "asphere_coefficients": []
          }
        ],
        "fields": [
          {
            "index": 1,
            "x_deg": 0.0,
            "y_deg": 0.0,
            "weight": 1.0
          }
        ],
        "wavelengths": [
          {
            "index": 1,
            "um": 0.55,
            "weight": 1.0,
            "primary": true
          }
        ],
        "aperture_type": "EntrancePupilDiameter",
        "aperture_mm": 10.0,
        "lens_units": "mm"
      },
      "limits": [
        "Sequential centered Standard conic/EvenAspheric refractive systems; fixed shape coefficients; angle fields; mm; EPD.",
        "Geometric centroid RMS spot and scalar FFT MTF are distinct metrics.",
        "A sparse pupil ray check detects gross failures; it is not a full vignetting analysis."
      ]
    },
    "measurements": [
      {
        "metric": "efl_mm",
        "unit": "mm",
        "value": 49.05139286997028,
        "settings": {
          "wavelength": 1,
          "wavelength_um": 0.55
        }
      },
      {
        "metric": "f_number",
        "unit": "1",
        "value": 4.905139,
        "settings": {
          "wavelength": 1,
          "wavelength_um": 0.55
        }
      },
      {
        "metric": "total_track_mm",
        "unit": "mm",
        "value": 51.76947
      },
      {
        "metric": "image_distance_mm",
        "unit": "mm",
        "value": 46.7694746245767
      },
      {
        "metric": "rms_spot_um",
        "field": 1,
        "wavelength": 1,
        "unit": "um",
        "value": 15.841366208313875,
        "settings": {
          "reference": "centroid",
          "ray_density": 16,
          "native_analysis": "StandardSpot",
          "ray_check_count": 17,
          "field": 1,
          "field_xy_deg": [
            0.0,
            0.0
          ],
          "wavelength": 1,
          "wavelength_um": 0.55,
          "spectral_mode": "monochromatic"
        }
      },
      {
        "metric": "mtf",
        "field": 1,
        "wavelength": 1,
        "frequency": 20,
        "axis": "tangential",
        "unit": "1",
        "value": 0.3985805096694023,
        "settings": {
          "analysis": "FFTMTF",
          "sampling": 128,
          "polarization": false,
          "frequency_interpolation": "linear; no extrapolation"
        }
      },
      {
        "metric": "mtf",
        "field": 1,
        "wavelength": 1,
        "frequency": 20,
        "axis": "sagittal",
        "unit": "1",
        "value": 0.3985805096694023,
        "settings": {
          "analysis": "FFTMTF",
          "sampling": 128,
          "polarization": false,
          "frequency_interpolation": "linear; no extrapolation"
        }
      }
    ],
    "assessment": {
      "passes": true,
      "requirements": [
        {
          "id": "focal-length",
          "key": "efl_mm",
          "requirement": {
            "id": "focal-length",
            "metric": "efl_mm",
            "unit": "mm",
            "min": 48,
            "max": 51
          },
          "status": "pass",
          "value": 49.05139286997028,
          "unit": "mm"
        },
        {
          "id": "track",
          "key": "total_track_mm",
          "requirement": {
            "id": "track",
            "metric": "total_track_mm",
            "unit": "mm",
            "max": 65
          },
          "status": "pass",
          "value": 51.76947,
          "unit": "mm"
        },
        {
          "id": "contrast",
          "key": "mtf|f=1|w=1|nu=20|axis=tangential",
          "requirement": {
            "id": "contrast",
            "metric": "mtf",
            "field": 1,
            "wavelength": 1,
            "frequency": 20,
            "axis": "tangential",
            "unit": "1",
            "min": 0.3
          },
          "status": "pass",
          "value": 0.3985805096694023,
          "unit": "1"
        },
        {
          "id": "spot",
          "key": "rms_spot_um|f=1|w=1",
          "requirement": {
            "id": "spot",
            "metric": "rms_spot_um",
            "field": 1,
            "wavelength": 1,
            "unit": "um",
            "max": 30
          },
          "status": "pass",
          "value": 15.841366208313875,
          "unit": "um"
        }
      ]
    },
    "objective_breakdown": {
      "aggregation": "scalar",
      "direction": "minimize",
      "value": 15.841366208313875,
      "unit": "um",
      "terms": [
        {
          "metric": "rms_spot_um",
          "field": 1,
          "wavelength": 1,
          "key": "rms_spot_um|f=1|w=1",
          "unit": "um",
          "value": 15.841366208313875
        }
      ]
    },
    "objective_value": 15.841366208313875
  },
  "history": [
    {
      "focus_mm": 60.0,
      "assessment": {
        "passes": false,
        "requirements": [
          {
            "id": "focal-length",
            "key": "efl_mm",
            "requirement": {
              "id": "focal-length",
              "metric": "efl_mm",
              "unit": "mm",
              "min": 48,
              "max": 51
            },
            "status": "pass",
            "value": 49.05139286997028,
            "unit": "mm"
          },
          {
            "id": "track",
            "key": "total_track_mm",
            "requirement": {
              "id": "track",
              "metric": "total_track_mm",
              "unit": "mm",
              "max": 65
            },
            "status": "pass",
            "value": 65.0,
            "unit": "mm"
          },
          {
            "id": "contrast",
            "key": "mtf|f=1|w=1|nu=20|axis=tangential",
            "requirement": {
              "id": "contrast",
              "metric": "mtf",
              "field": 1,
              "wavelength": 1,
              "frequency": 20,
              "axis": "tangential",
              "unit": "1",
              "min": 0.3
            },
            "status": "fail",
            "value": 0.00040010977242531186,
            "unit": "1"
          },
          {
            "id": "spot",
            "key": "rms_spot_um|f=1|w=1",
            "requirement": {
              "id": "spot",
              "metric": "rms_spot_um",
              "field": 1,
              "wavelength": 1,
              "unit": "um",
              "max": 30
            },
            "status": "fail",
            "value": 993.4228136201618,
            "unit": "um"
          }
        ]
      },
      "measurements": [
        {
          "metric": "efl_mm",
          "unit": "mm",
          "value": 49.05139286997028,
          "settings": {
            "wavelength": 1,
            "wavelength_um": 0.55
          }
        },
        {
          "metric": "f_number",
          "unit": "1",
          "value": 4.905139,
          "settings": {
            "wavelength": 1,
            "wavelength_um": 0.55
          }
        },
        {
          "metric": "total_track_mm",
          "unit": "mm",
          "value": 65.0
        },
        {
          "metric": "image_distance_mm",
          "unit": "mm",
          "value": 60.0
        },
        {
          "metric": "rms_spot_um",
          "field": 1,
          "wavelength": 1,
          "unit": "um",
          "value": 993.4228136201618,
          "settings": {
            "reference": "centroid",
            "ray_density": 16,
            "native_analysis": "StandardSpot",
            "ray_check_count": 17,
            "field": 1,
            "field_xy_deg": [
              0.0,
              0.0
            ],
            "wavelength": 1,
            "wavelength_um": 0.55,
            "spectral_mode": "monochromatic"
          }
        },
        {
          "metric": "mtf",
          "field": 1,
          "wavelength": 1,
          "frequency": 20,
          "axis": "tangential",
          "unit": "1",
          "value": 0.00040010977242531186,
          "settings": {
            "analysis": "FFTMTF",
            "sampling": 128,
            "polarization": false,
            "frequency_interpolation": "linear; no extrapolation"
          }
        },
        {
          "metric": "mtf",
          "field": 1,
          "wavelength": 1,
          "frequency": 20,
          "axis": "sagittal",
          "unit": "1",
          "value": 0.00040010977242531186,
          "settings": {
            "analysis": "FFTMTF",
            "sampling": 128,
            "polarization": false,
            "frequency_interpolation": "linear; no extrapolation"
          }
        }
      ],
      "objective_breakdown": {
        "aggregation": "scalar",
        "direction": "minimize",
        "value": 993.4228136201618,
        "unit": "um",
        "terms": [
          {
            "metric": "rms_spot_um",
            "field": 1,
            "wavelength": 1,
            "key": "rms_spot_um|f=1|w=1",
            "unit": "um",
            "value": 993.4228136201618
          }
        ]
      },
      "objective_value": 993.4228136201618
    },
    {
      "focus_mm": 44.0,
      "assessment": {
        "passes": false,
        "requirements": [
          {
            "id": "focal-length",
            "key": "efl_mm",
            "requirement": {
              "id": "focal-length",
              "metric": "efl_mm",
              "unit": "mm",
              "min": 48,
              "max": 51
            },
            "status": "pass",
            "value": 49.05139286997028,
            "unit": "mm"
          },
          {
            "id": "track",
            "key": "total_track_mm",
            "requirement": {
              "id": "track",
              "metric": "total_track_mm",
              "unit": "mm",
              "max": 65
            },
            "status": "pass",
            "value": 49.0,
            "unit": "mm"
          },
          {
            "id": "contrast",
            "key": "mtf|f=1|w=1|nu=20|axis=tangential",
            "requirement": {
              "id": "contrast",
              "metric": "mtf",
              "field": 1,
              "wavelength": 1,
              "frequency": 20,
              "axis": "tangential",
              "unit": "1",
              "min": 0.3
            },
            "status": "fail",
            "value": 0.0014067957906027538,
            "unit": "1"
          },
          {
            "id": "spot",
            "key": "rms_spot_um|f=1|w=1",
            "requirement": {
              "id": "spot",
              "metric": "rms_spot_um",
              "field": 1,
              "wavelength": 1,
              "unit": "um",
              "max": 30
            },
            "status": "fail",
            "value": 209.05205046273818,
            "unit": "um"
          }
        ]
      },
      "measurements": [
        {
          "metric": "efl_mm",
          "unit": "mm",
          "value": 49.05139286997028,
          "settings": {
            "wavelength": 1,
            "wavelength_um": 0.55
          }
        },
        {
          "metric": "f_number",
          "unit": "1",
          "value": 4.905139,
          "settings": {
            "wavelength": 1,
            "wavelength_um": 0.55
          }
        },
        {
          "metric": "total_track_mm",
          "unit": "mm",
          "value": 49.0
        },
        {
          "metric": "image_distance_mm",
          "unit": "mm",
          "value": 44.0
        },
        {
          "metric": "rms_spot_um",
          "field": 1,
          "wavelength": 1,
          "unit": "um",
          "value": 209.05205046273818,
          "settings": {
            "reference": "centroid",
            "ray_density": 16,
            "native_analysis": "StandardSpot",
            "ray_check_count": 17,
            "field": 1,
            "field_xy_deg": [
              0.0,
              0.0
            ],
            "wavelength": 1,
            "wavelength_um": 0.55,
            "spectral_mode": "monochromatic"
          }
        },
        {
          "metric": "mtf",
          "field": 1,
          "wavelength": 1,
          "frequency": 20,
          "axis": "tangential",
          "unit": "1",
          "value": 0.0014067957906027538,
          "settings": {
            "analysis": "FFTMTF",
            "sampling": 128,
            "polarization": false,
            "frequency_interpolation": "linear; no extrapolation"
          }
        },
        {
          "metric": "mtf",
          "field": 1,
          "wavelength": 1,
          "frequency": 20,
          "axis": "sagittal",
          "unit": "1",
          "value": 0.0014067957906027538,
          "settings": {
            "analysis": "FFTMTF",
            "sampling": 128,
            "polarization": false,
            "frequency_interpolation": "linear; no extrapolation"
          }
        }
      ],
      "objective_breakdown": {
        "aggregation": "scalar",
        "direction": "minimize",
        "value": 209.05205046273818,
        "unit": "um",
        "terms": [
          {
            "metric": "rms_spot_um",
            "field": 1,
            "wavelength": 1,
            "key": "rms_spot_um|f=1|w=1",
            "unit": "um",
            "value": 209.05205046273818
          }
        ]
      },
      "objective_value": 209.05205046273818
    },
    {
      "focus_mm": 45.1666666666667,
      "assessment": {
        "passes": false,
        "requirements": [
          {
            "id": "focal-length",
            "key": "efl_mm",
            "requirement": {
              "id": "focal-length",
              "metric": "efl_mm",
              "unit": "mm",
              "min": 48,
              "max": 51
            },
            "status": "pass",
            "value": 49.05139286997028,
            "unit": "mm"
          },
          {
            "id": "track",
            "key": "total_track_mm",
            "requirement": {
              "id": "track",
              "metric": "total_track_mm",
              "unit": "mm",
              "max": 65
            },
            "status": "pass",
            "value": 50.16667,
            "unit": "mm"
          },
          {
            "id": "contrast",
            "key": "mtf|f=1|w=1|nu=20|axis=tangential",
            "requirement": {
              "id": "contrast",
              "metric": "mtf",
              "field": 1,
              "wavelength": 1,
              "frequency": 20,
              "axis": "tangential",
              "unit": "1",
              "min": 0.3
            },
            "status": "fail",
            "value": 0.012925140953683757,
            "unit": "1"
          },
          {
            "id": "spot",
            "key": "rms_spot_um|f=1|w=1",
            "requirement": {
              "id": "spot",
              "metric": "rms_spot_um",
              "field": 1,
              "wavelength": 1,
              "unit": "um",
              "max": 30
            },
            "status": "fail",
            "value": 121.85725575822296,
            "unit": "um"
          }
        ]
      },
      "measurements": [
        {
          "metric": "efl_mm",
          "unit": "mm",
          "value": 49.05139286997028,
          "settings": {
            "wavelength": 1,
            "wavelength_um": 0.55
          }
        },
        {
          "metric": "f_number",
          "unit": "1",
          "value": 4.905139,
          "settings": {
            "wavelength": 1,
            "wavelength_um": 0.55
          }
        },
        {
          "metric": "total_track_mm",
          "unit": "mm",
          "value": 50.16667
        },
        {
          "metric": "image_distance_mm",
          "unit": "mm",
          "value": 45.1666666666667
        },
        {
          "metric": "rms_spot_um",
          "field": 1,
          "wavelength": 1,
          "unit": "um",
          "value": 121.85725575822296,
          "settings": {
            "reference": "centroid",
            "ray_density": 16,
            "native_analysis": "StandardSpot",
            "ray_check_count": 17,
            "field": 1,
            "field_xy_deg": [
              0.0,
              0.0
            ],
            "wavelength": 1,
            "wavelength_um": 0.55,
            "spectral_mode": "monochromatic"
          }
        },
        {
          "metric": "mtf",
          "field": 1,
          "wavelength": 1,
          "frequency": 20,
          "axis": "tangential",
          "unit": "1",
          "value": 0.012925140953683757,
          "settings": {
            "analysis": "FFTMTF",
            "sampling": 128,
            "polarization": false,
            "frequency_interpolation": "linear; no extrapolation"
          }
        },
        {
          "metric": "mtf",
          "field": 1,
          "wavelength": 1,
          "frequency": 20,
          "axis": "sagittal",
          "unit": "1",
          "value": 0.012925140953683757,
          "settings": {
            "analysis": "FFTMTF",
            "sampling": 128,
            "polarization": false,
            "frequency_interpolation": "linear; no extrapolation"
          }
        }
      ],
      "objective_breakdown": {
        "aggregation": "scalar",
        "direction": "minimize",
        "value": 121.85725575822296,
        "unit": "um",
        "terms": [
          {
            "metric": "rms_spot_um",
            "field": 1,
            "wavelength": 1,
            "key": "rms_spot_um|f=1|w=1",
            "unit": "um",
            "value": 121.85725575822296
          }
        ]
      },
      "objective_value": 121.85725575822296
    },
    {
      "focus_mm": 46.3333333333333,
      "assessment": {
        "passes": false,
        "requirements": [
          {
            "id": "focal-length",
            "key": "efl_mm",
            "requirement": {
              "id": "focal-length",
              "metric": "efl_mm",
              "unit": "mm",
              "min": 48,
              "max": 51
            },
            "status": "pass",
            "value": 49.05139286997028,
            "unit": "mm"
          },
          {
            "id": "track",
            "key": "total_track_mm",
            "requirement": {
              "id": "track",
              "metric": "total_track_mm",
              "unit": "mm",
              "max": 65
            },
            "status": "pass",
            "value": 51.33333,
            "unit": "mm"
          },
          {
            "id": "contrast",
            "key": "mtf|f=1|w=1|nu=20|axis=tangential",
            "requirement": {
              "id": "contrast",
              "metric": "mtf",
              "field": 1,
              "wavelength": 1,
              "frequency": 20,
              "axis": "tangential",
              "unit": "1",
              "min": 0.3
            },
            "status": "fail",
            "value": 0.09426056990445728,
            "unit": "1"
          },
          {
            "id": "spot",
            "key": "rms_spot_um|f=1|w=1",
            "requirement": {
              "id": "spot",
              "metric": "rms_spot_um",
              "field": 1,
              "wavelength": 1,
              "unit": "um",
              "max": 30
            },
            "status": "fail",
            "value": 36.77996228176662,
            "unit": "um"
          }
        ]
      },
      "measurements": [
        {
          "metric": "efl_mm",
          "unit": "mm",
          "value": 49.05139286997028,
          "settings": {
            "wavelength": 1,
            "wavelength_um": 0.55
          }
        },
        {
          "metric": "f_number",
          "unit": "1",
          "value": 4.905139,
          "settings": {
            "wavelength": 1,
            "wavelength_um": 0.55
          }
        },
        {
          "metric": "total_track_mm",
          "unit": "mm",
          "value": 51.33333
        },
        {
          "metric": "image_distance_mm",
          "unit": "mm",
          "value": 46.3333333333333
        },
        {
          "metric": "rms_spot_um",
          "field": 1,
          "wavelength": 1,
          "unit": "um",
          "value": 36.77996228176662,
          "settings": {
            "reference": "centroid",
            "ray_density": 16,
            "native_analysis": "StandardSpot",
            "ray_check_count": 17,
            "field": 1,
            "field_xy_deg": [
              0.0,
              0.0
            ],
            "wavelength": 1,
            "wavelength_um": 0.55,
            "spectral_mode": "monochromatic"
          }
        },
        {
          "metric": "mtf",
          "field": 1,
          "wavelength": 1,
          "frequency": 20,
          "axis": "tangential",
          "unit": "1",
          "value": 0.09426056990445728,
          "settings": {
            "analysis": "FFTMTF",
            "sampling": 128,
            "polarization": false,
            "frequency_interpolation": "linear; no extrapolation"
          }
        },
        {
          "metric": "mtf",
          "field": 1,
          "wavelength": 1,
          "frequency": 20,
          "axis": "sagittal",
          "unit": "1",
          "value": 0.09426056990445728,
          "settings": {
            "analysis": "FFTMTF",
            "sampling": 128,
            "polarization": false,
            "frequency_interpolation": "linear; no extrapolation"
          }
        }
      ],
      "objective_breakdown": {
        "aggregation": "scalar",
        "direction": "minimize",
        "value": 36.77996228176662,
        "unit": "um",
        "terms": [
          {
            "metric": "rms_spot_um",
            "field": 1,
            "wavelength": 1,
            "key": "rms_spot_um|f=1|w=1",
            "unit": "um",
            "value": 36.77996228176662
          }
        ]
      },
      "objective_value": 36.77996228176662
    },
    {
      "focus_mm": 47.5,
      "assessment": {
        "passes": false,
        "requirements": [
          {
            "id": "focal-length",
            "key": "efl_mm",
            "requirement": {
              "id": "focal-length",
              "metric": "efl_mm",
              "unit": "mm",
              "min": 48,
              "max": 51
            },
            "status": "pass",
            "value": 49.05139286997028,
            "unit": "mm"
          },
          {
            "id": "track",
            "key": "total_track_mm",
            "requirement": {
              "id": "track",
              "metric": "total_track_mm",
              "unit": "mm",
              "max": 65
            },
            "status": "pass",
            "value": 52.5,
            "unit": "mm"
          },
          {
            "id": "contrast",
            "key": "mtf|f=1|w=1|nu=20|axis=tangential",
            "requirement": {
              "id": "contrast",
              "metric": "mtf",
              "field": 1,
              "wavelength": 1,
              "frequency": 20,
              "axis": "tangential",
              "unit": "1",
              "min": 0.3
            },
            "status": "fail",
            "value": 0.12306908117061248,
            "unit": "1"
          },
          {
            "id": "spot",
            "key": "rms_spot_um|f=1|w=1",
            "requirement": {
              "id": "spot",
              "metric": "rms_spot_um",
              "field": 1,
              "wavelength": 1,
              "unit": "um",
              "max": 30
            },
            "status": "fail",
            "value": 56.687603020785275,
            "unit": "um"
          }
        ]
      },
      "measurements": [
        {
          "metric": "efl_mm",
          "unit": "mm",
          "value": 49.05139286997028,
          "settings": {
            "wavelength": 1,
            "wavelength_um": 0.55
          }
        },
        {
          "metric": "f_number",
          "unit": "1",
          "value": 4.905139,
          "settings": {
            "wavelength": 1,
            "wavelength_um": 0.55
          }
        },
        {
          "metric": "total_track_mm",
          "unit": "mm",
          "value": 52.5
        },
        {
          "metric": "image_distance_mm",
          "unit": "mm",
          "value": 47.5
        },
        {
          "metric": "rms_spot_um",
          "field": 1,
          "wavelength": 1,
          "unit": "um",
          "value": 56.687603020785275,
          "settings": {
            "reference": "centroid",
            "ray_density": 16,
            "native_analysis": "StandardSpot",
            "ray_check_count": 17,
            "field": 1,
            "field_xy_deg": [
              0.0,
              0.0
            ],
            "wavelength": 1,
            "wavelength_um": 0.55,
            "spectral_mode": "monochromatic"
          }
        },
        {
          "metric": "mtf",
          "field": 1,
          "wavelength": 1,
          "frequency": 20,
          "axis": "tangential",
          "unit": "1",
          "value": 0.12306908117061248,
          "settings": {
            "analysis": "FFTMTF",
            "sampling": 128,
            "polarization": false,
            "frequency_interpolation": "linear; no extrapolation"
          }
        },
        {
          "metric": "mtf",
          "field": 1,
          "wavelength": 1,
          "frequency": 20,
          "axis": "sagittal",
          "unit": "1",
          "value": 0.12306908117061248,
          "settings": {
            "analysis": "FFTMTF",
            "sampling": 128,
            "polarization": false,
            "frequency_interpolation": "linear; no extrapolation"
          }
        }
      ],
      "objective_breakdown": {
        "aggregation": "scalar",
        "direction": "minimize",
        "value": 56.687603020785275,
        "unit": "um",
        "terms": [
          {
            "metric": "rms_spot_um",
            "field": 1,
            "wavelength": 1,
            "key": "rms_spot_um|f=1|w=1",
            "unit": "um",
            "value": 56.687603020785275
          }
        ]
      },
      "objective_value": 56.687603020785275
    },
    {
      "focus_mm": 48.6666666666667,
      "assessment": {
        "passes": false,
        "requirements": [
          {
            "id": "focal-length",
            "key": "efl_mm",
            "requirement": {
              "id": "focal-length",
              "metric": "efl_mm",
              "unit": "mm",
              "min": 48,
              "max": 51
            },
            "status": "pass",
            "value": 49.05139286997028,
            "unit": "mm"
          },
          {
            "id": "track",
            "key": "total_track_mm",
            "requirement": {
              "id": "track",
              "metric": "total_track_mm",
              "unit": "mm",
              "max": 65
            },
            "status": "pass",
            "value": 53.66667,
            "unit": "mm"
          },
          {
            "id": "contrast",
            "key": "mtf|f=1|w=1|nu=20|axis=tangential",
            "requirement": {
              "id": "contrast",
              "metric": "mtf",
              "field": 1,
              "wavelength": 1,
              "frequency": 20,
              "axis": "tangential",
              "unit": "1",
              "min": 0.3
            },
            "status": "fail",
            "value": 0.0038363573487794874,
            "unit": "1"
          },
          {
            "id": "spot",
            "key": "rms_spot_um|f=1|w=1",
            "requirement": {
              "id": "spot",
              "metric": "rms_spot_um",
              "field": 1,
              "wavelength": 1,
              "unit": "um",
              "max": 30
            },
            "status": "fail",
            "value": 142.93826259371127,
            "unit": "um"
          }
        ]
      },
      "measurements": [
        {
          "metric": "efl_mm",
          "unit": "mm",
          "value": 49.05139286997028,
          "settings": {
            "wavelength": 1,
            "wavelength_um": 0.55
          }
        },
        {
          "metric": "f_number",
          "unit": "1",
          "value": 4.905139,
          "settings": {
            "wavelength": 1,
            "wavelength_um": 0.55
          }
        },
        {
          "metric": "total_track_mm",
          "unit": "mm",
          "value": 53.66667
        },
        {
          "metric": "image_distance_mm",
          "unit": "mm",
          "value": 48.6666666666667
        },
        {
          "metric": "rms_spot_um",
          "field": 1,
          "wavelength": 1,
          "unit": "um",
          "value": 142.93826259371127,
          "settings": {
            "reference": "centroid",
            "ray_density": 16,
            "native_analysis": "StandardSpot",
            "ray_check_count": 17,
            "field": 1,
            "field_xy_deg": [
              0.0,
              0.0
            ],
            "wavelength": 1,
            "wavelength_um": 0.55,
            "spectral_mode": "monochromatic"
          }
        },
        {
          "metric": "mtf",
          "field": 1,
          "wavelength": 1,
          "frequency": 20,
          "axis": "tangential",
          "unit": "1",
          "value": 0.0038363573487794874,
          "settings": {
            "analysis": "FFTMTF",
            "sampling": 128,
            "polarization": false,
            "frequency_interpolation": "linear; no extrapolation"
          }
        },
        {
          "metric": "mtf",
          "field": 1,
          "wavelength": 1,
          "frequency": 20,
          "axis": "sagittal",
          "unit": "1",
          "value": 0.0038363573487794874,
          "settings": {
            "analysis": "FFTMTF",
            "sampling": 128,
            "polarization": false,
            "frequency_interpolation": "linear; no extrapolation"
          }
        }
      ],
      "objective_breakdown": {
        "aggregation": "scalar",
        "direction": "minimize",
        "value": 142.93826259371127,
        "unit": "um",
        "terms": [
          {
            "metric": "rms_spot_um",
            "field": 1,
            "wavelength": 1,
            "key": "rms_spot_um|f=1|w=1",
            "unit": "um",
            "value": 142.93826259371127
          }
        ]
      },
      "objective_value": 142.93826259371127
    },
    {
      "focus_mm": 49.8333333333333,
      "assessment": {
        "passes": false,
        "requirements": [
          {
            "id": "focal-length",
            "key": "efl_mm",
            "requirement": {
              "id": "focal-length",
              "metric": "efl_mm",
              "unit": "mm",
              "min": 48,
              "max": 51
            },
            "status": "pass",
            "value": 49.05139286997028,
            "unit": "mm"
          },
          {
            "id": "track",
            "key": "total_track_mm",
            "requirement": {
              "id": "track",
              "metric": "total_track_mm",
              "unit": "mm",
              "max": 65
            },
            "status": "pass",
            "value": 54.83333,
            "unit": "mm"
          },
          {
            "id": "contrast",
            "key": "mtf|f=1|w=1|nu=20|axis=tangential",
            "requirement": {
              "id": "contrast",
              "metric": "mtf",
              "field": 1,
              "wavelength": 1,
              "frequency": 20,
              "axis": "tangential",
              "unit": "1",
              "min": 0.3
            },
            "status": "fail",
            "value": 0.0002708546021228229,
            "unit": "1"
          },
          {
            "id": "spot",
            "key": "rms_spot_um|f=1|w=1",
            "requirement": {
              "id": "spot",
              "metric": "rms_spot_um",
              "field": 1,
              "wavelength": 1,
              "unit": "um",
              "max": 30
            },
            "status": "fail",
            "value": 230.23108685979898,
            "unit": "um"
          }
        ]
      },
      "measurements": [
        {
          "metric": "efl_mm",
          "unit": "mm",
          "value": 49.05139286997028,
          "settings": {
            "wavelength": 1,
            "wavelength_um": 0.55
          }
        },
        {
          "metric": "f_number",
          "unit": "1",
          "value": 4.905139,
          "settings": {
            "wavelength": 1,
            "wavelength_um": 0.55
          }
        },
        {
          "metric": "total_track_mm",
          "unit": "mm",
          "value": 54.83333
        },
        {
          "metric": "image_distance_mm",
          "unit": "mm",
          "value": 49.8333333333333
        },
        {
          "metric": "rms_spot_um",
          "field": 1,
          "wavelength": 1,
          "unit": "um",
          "value": 230.23108685979898,
          "settings": {
            "reference": "centroid",
            "ray_density": 16,
            "native_analysis": "StandardSpot",
            "ray_check_count": 17,
            "field": 1,
            "field_xy_deg": [
              0.0,
              0.0
            ],
            "wavelength": 1,
            "wavelength_um": 0.55,
            "spectral_mode": "monochromatic"
          }
        },
        {
          "metric": "mtf",
          "field": 1,
          "wavelength": 1,
          "frequency": 20,
          "axis": "tangential",
          "unit": "1",
          "value": 0.0002708546021228229,
          "settings": {
            "analysis": "FFTMTF",
            "sampling": 128,
            "polarization": false,
            "frequency_interpolation": "linear; no extrapolation"
          }
        },
        {
          "metric": "mtf",
          "field": 1,
          "wavelength": 1,
          "frequency": 20,
          "axis": "sagittal",
          "unit": "1",
          "value": 0.0002708546021228229,
          "settings": {
            "analysis": "FFTMTF",
            "sampling": 128,
            "polarization": false,
            "frequency_interpolation": "linear; no extrapolation"
          }
        }
      ],
      "objective_breakdown": {
        "aggregation": "scalar",
        "direction": "minimize",
        "value": 230.23108685979898,
        "unit": "um",
        "terms": [
          {
            "metric": "rms_spot_um",
            "field": 1,
            "wavelength": 1,
            "key": "rms_spot_um|f=1|w=1",
            "unit": "um",
            "value": 230.23108685979898
          }
        ]
      },
      "objective_value": 230.23108685979898
    },
    {
      "focus_mm": 51.0,
      "assessment": {
        "passes": false,
        "requirements": [
          {
            "id": "focal-length",
            "key": "efl_mm",
            "requirement": {
              "id": "focal-length",
              "metric": "efl_mm",
              "unit": "mm",
              "min": 48,
              "max": 51
            },
            "status": "pass",
            "value": 49.05139286997028,
            "unit": "mm"
          },
          {
            "id": "track",
            "key": "total_track_mm",
            "requirement": {
              "id": "track",
              "metric": "total_track_mm",
              "unit": "mm",
              "max": 65
            },
            "status": "pass",
            "value": 56.0,
            "unit": "mm"
          },
          {
            "id": "contrast",
            "key": "mtf|f=1|w=1|nu=20|axis=tangential",
            "requirement": {
              "id": "contrast",
              "metric": "mtf",
              "field": 1,
              "wavelength": 1,
              "frequency": 20,
              "axis": "tangential",
              "unit": "1",
              "min": 0.3
            },
            "status": "fail",
            "value": 0.0015309939761647489,
            "unit": "1"
          },
          {
            "id": "spot",
            "key": "rms_spot_um|f=1|w=1",
            "requirement": {
              "id": "spot",
              "metric": "rms_spot_um",
              "field": 1,
              "wavelength": 1,
              "unit": "um",
              "max": 30
            },
            "status": "fail",
            "value": 317.70820522337164,
            "unit": "um"
          }
        ]
      },
      "measurements": [
        {
          "metric": "efl_mm",
          "unit": "mm",
          "value": 49.05139286997028,
          "settings": {
            "wavelength": 1,
            "wavelength_um": 0.55
          }
        },
        {
          "metric": "f_number",
          "unit": "1",
          "value": 4.905139,
          "settings": {
            "wavelength": 1,
            "wavelength_um": 0.55
          }
        },
        {
          "metric": "total_track_mm",
          "unit": "mm",
          "value": 56.0
        },
        {
          "metric": "image_distance_mm",
          "unit": "mm",
          "value": 51.0
        },
        {
          "metric": "rms_spot_um",
          "field": 1,
          "wavelength": 1,
          "unit": "um",
          "value": 317.70820522337164,
          "settings": {
            "reference": "centroid",
            "ray_density": 16,
            "native_analysis": "StandardSpot",
            "ray_check_count": 17,
            "field": 1,
            "field_xy_deg": [
              0.0,
              0.0
            ],
            "wavelength": 1,
            "wavelength_um": 0.55,
            "spectral_mode": "monochromatic"
          }
        },
        {
          "metric": "mtf",
          "field": 1,
          "wavelength": 1,
          "frequency": 20,
          "axis": "tangential",
          "unit": "1",
          "value": 0.0015309939761647489,
          "settings": {
            "analysis": "FFTMTF",
            "sampling": 128,
            "polarization": false,
            "frequency_interpolation": "linear; no extrapolation"
          }
        },
        {
          "metric": "mtf",
          "field": 1,
          "wavelength": 1,
          "frequency": 20,
          "axis": "sagittal",
          "unit": "1",
          "value": 0.0015309939761647489,
          "settings": {
            "analysis": "FFTMTF",
            "sampling": 128,
            "polarization": false,
            "frequency_interpolation": "linear; no extrapolation"
          }
        }
      ],
      "objective_breakdown": {
        "aggregation": "scalar",
        "direction": "minimize",
        "value": 317.70820522337164,
        "unit": "um",
        "terms": [
          {
            "metric": "rms_spot_um",
            "field": 1,
            "wavelength": 1,
            "key": "rms_spot_um|f=1|w=1",
            "unit": "um",
            "value": 317.70820522337164
          }
        ]
      },
      "objective_value": 317.70820522337164
    },
    {
      "focus_mm": 46.0579206929169,
      "assessment": {
        "passes": false,
        "requirements": [
          {
            "id": "focal-length",
            "key": "efl_mm",
            "requirement": {
              "id": "focal-length",
              "metric": "efl_mm",
              "unit": "mm",
              "min": 48,
              "max": 51
            },
            "status": "pass",
            "value": 49.05139286997028,
            "unit": "mm"
          },
          {
            "id": "track",
            "key": "total_track_mm",
            "requirement": {
              "id": "track",
              "metric": "total_track_mm",
              "unit": "mm",
              "max": 65
            },
            "status": "pass",
            "value": 51.05792,
            "unit": "mm"
          },
          {
            "id": "contrast",
            "key": "mtf|f=1|w=1|nu=20|axis=tangential",
            "requirement": {
              "id": "contrast",
              "metric": "mtf",
              "field": 1,
              "wavelength": 1,
              "frequency": 20,
              "axis": "tangential",
              "unit": "1",
              "min": 0.3
            },
            "status": "fail",
            "value": 0.13548305317756298,
            "unit": "1"
          },
          {
            "id": "spot",
            "key": "rms_spot_um|f=1|w=1",
            "requirement": {
              "id": "spot",
              "metric": "rms_spot_um",
              "field": 1,
              "wavelength": 1,
              "unit": "um",
              "max": 30
            },
            "status": "fail",
            "value": 56.16125547746125,
            "unit": "um"
          }
        ]
      },
      "measurements": [
        {
          "metric": "efl_mm",
          "unit": "mm",
          "value": 49.05139286997028,
          "settings": {
            "wavelength": 1,
            "wavelength_um": 0.55
          }
        },
        {
          "metric": "f_number",
          "unit": "1",
          "value": 4.905139,
          "settings": {
            "wavelength": 1,
            "wavelength_um": 0.55
          }
        },
        {
          "metric": "total_track_mm",
          "unit": "mm",
          "value": 51.05792
        },
        {
          "metric": "image_distance_mm",
          "unit": "mm",
          "value": 46.0579206929169
        },
        {
          "metric": "rms_spot_um",
          "field": 1,
          "wavelength": 1,
          "unit": "um",
          "value": 56.16125547746125,
          "settings": {
            "reference": "centroid",
            "ray_density": 16,
            "native_analysis": "StandardSpot",
            "ray_check_count": 17,
            "field": 1,
            "field_xy_deg": [
              0.0,
              0.0
            ],
            "wavelength": 1,
            "wavelength_um": 0.55,
            "spectral_mode": "monochromatic"
          }
        },
        {
          "metric": "mtf",
          "field": 1,
          "wavelength": 1,
          "frequency": 20,
          "axis": "tangential",
          "unit": "1",
          "value": 0.13548305317756298,
          "settings": {
            "analysis": "FFTMTF",
            "sampling": 128,
            "polarization": false,
            "frequency_interpolation": "linear; no extrapolation"
          }
        },
        {
          "metric": "mtf",
          "field": 1,
          "wavelength": 1,
          "frequency": 20,
          "axis": "sagittal",
          "unit": "1",
          "value": 0.13548305317756298,
          "settings": {
            "analysis": "FFTMTF",
            "sampling": 128,
            "polarization": false,
            "frequency_interpolation": "linear; no extrapolation"
          }
        }
      ],
      "objective_breakdown": {
        "aggregation": "scalar",
        "direction": "minimize",
        "value": 56.16125547746125,
        "unit": "um",
        "terms": [
          {
            "metric": "rms_spot_um",
            "field": 1,
            "wavelength": 1,
            "key": "rms_spot_um|f=1|w=1",
            "unit": "um",
            "value": 56.16125547746125
          }
        ]
      },
      "objective_value": 56.16125547746125
    },
    {
      "focus_mm": 46.6087459737498,
      "assessment": {
        "passes": false,
        "requirements": [
          {
            "id": "focal-length",
            "key": "efl_mm",
            "requirement": {
              "id": "focal-length",
              "metric": "efl_mm",
              "unit": "mm",
              "min": 48,
              "max": 51
            },
            "status": "pass",
            "value": 49.05139286997028,
            "unit": "mm"
          },
          {
            "id": "track",
            "key": "total_track_mm",
            "requirement": {
              "id": "track",
              "metric": "total_track_mm",
              "unit": "mm",
              "max": 65
            },
            "status": "pass",
            "value": 51.60875,
            "unit": "mm"
          },
          {
            "id": "contrast",
            "key": "mtf|f=1|w=1|nu=20|axis=tangential",
            "requirement": {
              "id": "contrast",
              "metric": "mtf",
              "field": 1,
              "wavelength": 1,
              "frequency": 20,
              "axis": "tangential",
              "unit": "1",
              "min": 0.3
            },
            "status": "fail",
            "value": 0.045755913458016516,
            "unit": "1"
          },
          {
            "id": "spot",
            "key": "rms_spot_um|f=1|w=1",
            "requirement": {
              "id": "spot",
              "metric": "rms_spot_um",
              "field": 1,
              "wavelength": 1,
              "unit": "um",
              "max": 30
            },
            "status": "pass",
            "value": 20.180905074520158,
            "unit": "um"
          }
        ]
      },
      "measurements": [
        {
          "metric": "efl_mm",
          "unit": "mm",
          "value": 49.05139286997028,
          "settings": {
            "wavelength": 1,
            "wavelength_um": 0.55
          }
        },
        {
          "metric": "f_number",
          "unit": "1",
          "value": 4.905139,
          "settings": {
            "wavelength": 1,
            "wavelength_um": 0.55
          }
        },
        {
          "metric": "total_track_mm",
          "unit": "mm",
          "value": 51.60875
        },
        {
          "metric": "image_distance_mm",
          "unit": "mm",
          "value": 46.6087459737498
        },
        {
          "metric": "rms_spot_um",
          "field": 1,
          "wavelength": 1,
          "unit": "um",
          "value": 20.180905074520158,
          "settings": {
            "reference": "centroid",
            "ray_density": 16,
            "native_analysis": "StandardSpot",
            "ray_check_count": 17,
            "field": 1,
            "field_xy_deg": [
              0.0,
              0.0
            ],
            "wavelength": 1,
            "wavelength_um": 0.55,
            "spectral_mode": "monochromatic"
          }
        },
        {
          "metric": "mtf",
          "field": 1,
          "wavelength": 1,
          "frequency": 20,
          "axis": "tangential",
          "unit": "1",
          "value": 0.045755913458016516,
          "settings": {
            "analysis": "FFTMTF",
            "sampling": 128,
            "polarization": false,
            "frequency_interpolation": "linear; no extrapolation"
          }
        },
        {
          "metric": "mtf",
          "field": 1,
          "wavelength": 1,
          "frequency": 20,
          "axis": "sagittal",
          "unit": "1",
          "value": 0.045755913458016516,
          "settings": {
            "analysis": "FFTMTF",
            "sampling": 128,
            "polarization": false,
            "frequency_interpolation": "linear; no extrapolation"
          }
        }
      ],
      "objective_breakdown": {
        "aggregation": "scalar",
        "direction": "minimize",
        "value": 20.180905074520158,
        "unit": "um",
        "terms": [
          {
            "metric": "rms_spot_um",
            "field": 1,
            "wavelength": 1,
            "key": "rms_spot_um|f=1|w=1",
            "unit": "um",
            "value": 20.180905074520158
          }
        ]
      },
      "objective_value": 20.180905074520158
    },
    {
      "focus_mm": 46.6087459737498,
      "assessment": {
        "passes": false,
        "requirements": [
          {
            "id": "focal-length",
            "key": "efl_mm",
            "requirement": {
              "id": "focal-length",
              "metric": "efl_mm",
              "unit": "mm",
              "min": 48,
              "max": 51
            },
            "status": "pass",
            "value": 49.05139286997028,
            "unit": "mm"
          },
          {
            "id": "track",
            "key": "total_track_mm",
            "requirement": {
              "id": "track",
              "metric": "total_track_mm",
              "unit": "mm",
              "max": 65
            },
            "status": "pass",
            "value": 51.60875,
            "unit": "mm"
          },
          {
            "id": "contrast",
            "key": "mtf|f=1|w=1|nu=20|axis=tangential",
            "requirement": {
              "id": "contrast",
              "metric": "mtf",
              "field": 1,
              "wavelength": 1,
              "frequency": 20,
              "axis": "tangential",
              "unit": "1",
              "min": 0.3
            },
            "status": "fail",
            "value": 0.045755913458016516,
            "unit": "1"
          },
          {
            "id": "spot",
            "key": "rms_spot_um|f=1|w=1",
            "requirement": {
              "id": "spot",
              "metric": "rms_spot_um",
              "field": 1,
              "wavelength": 1,
              "unit": "um",
              "max": 30
            },
            "status": "pass",
            "value": 20.180905074520158,
            "unit": "um"
          }
        ]
      },
      "measurements": [
        {
          "metric": "efl_mm",
          "unit": "mm",
          "value": 49.05139286997028,
          "settings": {
            "wavelength": 1,
            "wavelength_um": 0.55
          }
        },
        {
          "metric": "f_number",
          "unit": "1",
          "value": 4.905139,
          "settings": {
            "wavelength": 1,
            "wavelength_um": 0.55
          }
        },
        {
          "metric": "total_track_mm",
          "unit": "mm",
          "value": 51.60875
        },
        {
          "metric": "image_distance_mm",
          "unit": "mm",
          "value": 46.6087459737498
        },
        {
          "metric": "rms_spot_um",
          "field": 1,
          "wavelength": 1,
          "unit": "um",
          "value": 20.180905074520158,
          "settings": {
            "reference": "centroid",
            "ray_density": 16,
            "native_analysis": "StandardSpot",
            "ray_check_count": 17,
            "field": 1,
            "field_xy_deg": [
              0.0,
              0.0
            ],
            "wavelength": 1,
            "wavelength_um": 0.55,
            "spectral_mode": "monochromatic"
          }
        },
        {
          "metric": "mtf",
          "field": 1,
          "wavelength": 1,
          "frequency": 20,
          "axis": "tangential",
          "unit": "1",
          "value": 0.045755913458016516,
          "settings": {
            "analysis": "FFTMTF",
            "sampling": 128,
            "polarization": false,
            "frequency_interpolation": "linear; no extrapolation"
          }
        },
        {
          "metric": "mtf",
          "field": 1,
          "wavelength": 1,
          "frequency": 20,
          "axis": "sagittal",
          "unit": "1",
          "value": 0.045755913458016516,
          "settings": {
            "analysis": "FFTMTF",
            "sampling": 128,
            "polarization": false,
            "frequency_interpolation": "linear; no extrapolation"
          }
        }
      ],
      "objective_breakdown": {
        "aggregation": "scalar",
        "direction": "minimize",
        "value": 20.180905074520158,
        "unit": "um",
        "terms": [
          {
            "metric": "rms_spot_um",
            "field": 1,
            "wavelength": 1,
            "key": "rms_spot_um|f=1|w=1",
            "unit": "um",
            "value": 20.180905074520158
          }
        ]
      },
      "objective_value": 20.180905074520158
    },
    {
      "focus_mm": 46.9491747191672,
      "assessment": {
        "passes": true,
        "requirements": [
          {
            "id": "focal-length",
            "key": "efl_mm",
            "requirement": {
              "id": "focal-length",
              "metric": "efl_mm",
              "unit": "mm",
              "min": 48,
              "max": 51
            },
            "status": "pass",
            "value": 49.05139286997028,
            "unit": "mm"
          },
          {
            "id": "track",
            "key": "total_track_mm",
            "requirement": {
              "id": "track",
              "metric": "total_track_mm",
              "unit": "mm",
              "max": 65
            },
            "status": "pass",
            "value": 51.94917,
            "unit": "mm"
          },
          {
            "id": "contrast",
            "key": "mtf|f=1|w=1|nu=20|axis=tangential",
            "requirement": {
              "id": "contrast",
              "metric": "mtf",
              "field": 1,
              "wavelength": 1,
              "frequency": 20,
              "axis": "tangential",
              "unit": "1",
              "min": 0.3
            },
            "status": "pass",
            "value": 0.48573676555327483,
            "unit": "1"
          },
          {
            "id": "spot",
            "key": "rms_spot_um|f=1|w=1",
            "requirement": {
              "id": "spot",
              "metric": "rms_spot_um",
              "field": 1,
              "wavelength": 1,
              "unit": "um",
              "max": 30
            },
            "status": "pass",
            "value": 20.525370377235276,
            "unit": "um"
          }
        ]
      },
      "measurements": [
        {
          "metric": "efl_mm",
          "unit": "mm",
          "value": 49.05139286997028,
          "settings": {
            "wavelength": 1,
            "wavelength_um": 0.55
          }
        },
        {
          "metric": "f_number",
          "unit": "1",
          "value": 4.905139,
          "settings": {
            "wavelength": 1,
            "wavelength_um": 0.55
          }
        },
        {
          "metric": "total_track_mm",
          "unit": "mm",
          "value": 51.94917
        },
        {
          "metric": "image_distance_mm",
          "unit": "mm",
          "value": 46.9491747191672
        },
        {
          "metric": "rms_spot_um",
          "field": 1,
          "wavelength": 1,
          "unit": "um",
          "value": 20.525370377235276,
          "settings": {
            "reference": "centroid",
            "ray_density": 16,
            "native_analysis": "StandardSpot",
            "ray_check_count": 17,
            "field": 1,
            "field_xy_deg": [
              0.0,
              0.0
            ],
            "wavelength": 1,
            "wavelength_um": 0.55,
            "spectral_mode": "monochromatic"
          }
        },
        {
          "metric": "mtf",
          "field": 1,
          "wavelength": 1,
          "frequency": 20,
          "axis": "tangential",
          "unit": "1",
          "value": 0.48573676555327483,
          "settings": {
            "analysis": "FFTMTF",
            "sampling": 128,
            "polarization": false,
            "frequency_interpolation": "linear; no extrapolation"
          }
        },
        {
          "metric": "mtf",
          "field": 1,
          "wavelength": 1,
          "frequency": 20,
          "axis": "sagittal",
          "unit": "1",
          "value": 0.48573676555327483,
          "settings": {
            "analysis": "FFTMTF",
            "sampling": 128,
            "polarization": false,
            "frequency_interpolation": "linear; no extrapolation"
          }
        }
      ],
      "objective_breakdown": {
        "aggregation": "scalar",
        "direction": "minimize",
        "value": 20.525370377235276,
        "unit": "um",
        "terms": [
          {
            "metric": "rms_spot_um",
            "field": 1,
            "wavelength": 1,
            "key": "rms_spot_um|f=1|w=1",
            "unit": "um",
            "value": 20.525370377235276
          }
        ]
      },
      "objective_value": 20.525370377235276
    },
    {
      "focus_mm": 46.3983494383343,
      "assessment": {
        "passes": false,
        "requirements": [
          {
            "id": "focal-length",
            "key": "efl_mm",
            "requirement": {
              "id": "focal-length",
              "metric": "efl_mm",
              "unit": "mm",
              "min": 48,
              "max": 51
            },
            "status": "pass",
            "value": 49.05139286997028,
            "unit": "mm"
          },
          {
            "id": "track",
            "key": "total_track_mm",
            "requirement": {
              "id": "track",
              "metric": "total_track_mm",
              "unit": "mm",
              "max": 65
            },
            "status": "pass",
            "value": 51.39835,
            "unit": "mm"
          },
          {
            "id": "contrast",
            "key": "mtf|f=1|w=1|nu=20|axis=tangential",
            "requirement": {
              "id": "contrast",
              "metric": "mtf",
              "field": 1,
              "wavelength": 1,
              "frequency": 20,
              "axis": "tangential",
              "unit": "1",
              "min": 0.3
            },
            "status": "fail",
            "value": 0.17740150898802845,
            "unit": "1"
          },
          {
            "id": "spot",
            "key": "rms_spot_um|f=1|w=1",
            "requirement": {
              "id": "spot",
              "metric": "rms_spot_um",
              "field": 1,
              "wavelength": 1,
              "unit": "um",
              "max": 30
            },
            "status": "fail",
            "value": 32.44063045233508,
            "unit": "um"
          }
        ]
      },
      "measurements": [
        {
          "metric": "efl_mm",
          "unit": "mm",
          "value": 49.05139286997028,
          "settings": {
            "wavelength": 1,
            "wavelength_um": 0.55
          }
        },
        {
          "metric": "f_number",
          "unit": "1",
          "value": 4.905139,
          "settings": {
            "wavelength": 1,
            "wavelength_um": 0.55
          }
        },
        {
          "metric": "total_track_mm",
          "unit": "mm",
          "value": 51.39835
        },
        {
          "metric": "image_distance_mm",
          "unit": "mm",
          "value": 46.3983494383343
        },
        {
          "metric": "rms_spot_um",
          "field": 1,
          "wavelength": 1,
          "unit": "um",
          "value": 32.44063045233508,
          "settings": {
            "reference": "centroid",
            "ray_density": 16,
            "native_analysis": "StandardSpot",
            "ray_check_count": 17,
            "field": 1,
            "field_xy_deg": [
              0.0,
              0.0
            ],
            "wavelength": 1,
            "wavelength_um": 0.55,
            "spectral_mode": "monochromatic"
          }
        },
        {
          "metric": "mtf",
          "field": 1,
          "wavelength": 1,
          "frequency": 20,
          "axis": "tangential",
          "unit": "1",
          "value": 0.17740150898802845,
          "settings": {
            "analysis": "FFTMTF",
            "sampling": 128,
            "polarization": false,
            "frequency_interpolation": "linear; no extrapolation"
          }
        },
        {
          "metric": "mtf",
          "field": 1,
          "wavelength": 1,
          "frequency": 20,
          "axis": "sagittal",
          "unit": "1",
          "value": 0.17740150898802845,
          "settings": {
            "analysis": "FFTMTF",
            "sampling": 128,
            "polarization": false,
            "frequency_interpolation": "linear; no extrapolation"
          }
        }
      ],
      "objective_breakdown": {
        "aggregation": "scalar",
        "direction": "minimize",
        "value": 32.44063045233508,
        "unit": "um",
        "terms": [
          {
            "metric": "rms_spot_um",
            "field": 1,
            "wavelength": 1,
            "key": "rms_spot_um|f=1|w=1",
            "unit": "um",
            "value": 32.44063045233508
          }
        ]
      },
      "objective_value": 32.44063045233508
    },
    {
      "focus_mm": 46.6087459737498,
      "assessment": {
        "passes": false,
        "requirements": [
          {
            "id": "focal-length",
            "key": "efl_mm",
            "requirement": {
              "id": "focal-length",
              "metric": "efl_mm",
              "unit": "mm",
              "min": 48,
              "max": 51
            },
            "status": "pass",
            "value": 49.05139286997028,
            "unit": "mm"
          },
          {
            "id": "track",
            "key": "total_track_mm",
            "requirement": {
              "id": "track",
              "metric": "total_track_mm",
              "unit": "mm",
              "max": 65
            },
            "status": "pass",
            "value": 51.60875,
            "unit": "mm"
          },
          {
            "id": "contrast",
            "key": "mtf|f=1|w=1|nu=20|axis=tangential",
            "requirement": {
              "id": "contrast",
              "metric": "mtf",
              "field": 1,
              "wavelength": 1,
              "frequency": 20,
              "axis": "tangential",
              "unit": "1",
              "min": 0.3
            },
            "status": "fail",
            "value": 0.045755913458016516,
            "unit": "1"
          },
          {
            "id": "spot",
            "key": "rms_spot_um|f=1|w=1",
            "requirement": {
              "id": "spot",
              "metric": "rms_spot_um",
              "field": 1,
              "wavelength": 1,
              "unit": "um",
              "max": 30
            },
            "status": "pass",
            "value": 20.180905074520158,
            "unit": "um"
          }
        ]
      },
      "measurements": [
        {
          "metric": "efl_mm",
          "unit": "mm",
          "value": 49.05139286997028,
          "settings": {
            "wavelength": 1,
            "wavelength_um": 0.55
          }
        },
        {
          "metric": "f_number",
          "unit": "1",
          "value": 4.905139,
          "settings": {
            "wavelength": 1,
            "wavelength_um": 0.55
          }
        },
        {
          "metric": "total_track_mm",
          "unit": "mm",
          "value": 51.60875
        },
        {
          "metric": "image_distance_mm",
          "unit": "mm",
          "value": 46.6087459737498
        },
        {
          "metric": "rms_spot_um",
          "field": 1,
          "wavelength": 1,
          "unit": "um",
          "value": 20.180905074520158,
          "settings": {
            "reference": "centroid",
            "ray_density": 16,
            "native_analysis": "StandardSpot",
            "ray_check_count": 17,
            "field": 1,
            "field_xy_deg": [
              0.0,
              0.0
            ],
            "wavelength": 1,
            "wavelength_um": 0.55,
            "spectral_mode": "monochromatic"
          }
        },
        {
          "metric": "mtf",
          "field": 1,
          "wavelength": 1,
          "frequency": 20,
          "axis": "tangential",
          "unit": "1",
          "value": 0.045755913458016516,
          "settings": {
            "analysis": "FFTMTF",
            "sampling": 128,
            "polarization": false,
            "frequency_interpolation": "linear; no extrapolation"
          }
        },
        {
          "metric": "mtf",
          "field": 1,
          "wavelength": 1,
          "frequency": 20,
          "axis": "sagittal",
          "unit": "1",
          "value": 0.045755913458016516,
          "settings": {
            "analysis": "FFTMTF",
            "sampling": 128,
            "polarization": false,
            "frequency_interpolation": "linear; no extrapolation"
          }
        }
      ],
      "objective_breakdown": {
        "aggregation": "scalar",
        "direction": "minimize",
        "value": 20.180905074520158,
        "unit": "um",
        "terms": [
          {
            "metric": "rms_spot_um",
            "field": 1,
            "wavelength": 1,
            "key": "rms_spot_um|f=1|w=1",
            "unit": "um",
            "value": 20.180905074520158
          }
        ]
      },
      "objective_value": 20.180905074520158
    },
    {
      "focus_mm": 46.6087459737498,
      "assessment": {
        "passes": false,
        "requirements": [
          {
            "id": "focal-length",
            "key": "efl_mm",
            "requirement": {
              "id": "focal-length",
              "metric": "efl_mm",
              "unit": "mm",
              "min": 48,
              "max": 51
            },
            "status": "pass",
            "value": 49.05139286997028,
            "unit": "mm"
          },
          {
            "id": "track",
            "key": "total_track_mm",
            "requirement": {
              "id": "track",
              "metric": "total_track_mm",
              "unit": "mm",
              "max": 65
            },
            "status": "pass",
            "value": 51.60875,
            "unit": "mm"
          },
          {
            "id": "contrast",
            "key": "mtf|f=1|w=1|nu=20|axis=tangential",
            "requirement": {
              "id": "contrast",
              "metric": "mtf",
              "field": 1,
              "wavelength": 1,
              "frequency": 20,
              "axis": "tangential",
              "unit": "1",
              "min": 0.3
            },
            "status": "fail",
            "value": 0.045755913458016516,
            "unit": "1"
          },
          {
            "id": "spot",
            "key": "rms_spot_um|f=1|w=1",
            "requirement": {
              "id": "spot",
              "metric": "rms_spot_um",
              "field": 1,
              "wavelength": 1,
              "unit": "um",
              "max": 30
            },
            "status": "pass",
            "value": 20.180905074520158,
            "unit": "um"
          }
        ]
      },
      "measurements": [
        {
          "metric": "efl_mm",
          "unit": "mm",
          "value": 49.05139286997028,
          "settings": {
            "wavelength": 1,
            "wavelength_um": 0.55
          }
        },
        {
          "metric": "f_number",
          "unit": "1",
          "value": 4.905139,
          "settings": {
            "wavelength": 1,
            "wavelength_um": 0.55
          }
        },
        {
          "metric": "total_track_mm",
          "unit": "mm",
          "value": 51.60875
        },
        {
          "metric": "image_distance_mm",
          "unit": "mm",
          "value": 46.6087459737498
        },
        {
          "metric": "rms_spot_um",
          "field": 1,
          "wavelength": 1,
          "unit": "um",
          "value": 20.180905074520158,
          "settings": {
            "reference": "centroid",
            "ray_density": 16,
            "native_analysis": "StandardSpot",
            "ray_check_count": 17,
            "field": 1,
            "field_xy_deg": [
              0.0,
              0.0
            ],
            "wavelength": 1,
            "wavelength_um": 0.55,
            "spectral_mode": "monochromatic"
          }
        },
        {
          "metric": "mtf",
          "field": 1,
          "wavelength": 1,
          "frequency": 20,
          "axis": "tangential",
          "unit": "1",
          "value": 0.045755913458016516,
          "settings": {
            "analysis": "FFTMTF",
            "sampling": 128,
            "polarization": false,
            "frequency_interpolation": "linear; no extrapolation"
          }
        },
        {
          "metric": "mtf",
          "field": 1,
          "wavelength": 1,
          "frequency": 20,
          "axis": "sagittal",
          "unit": "1",
          "value": 0.045755913458016516,
          "settings": {
            "analysis": "FFTMTF",
            "sampling": 128,
            "polarization": false,
            "frequency_interpolation": "linear; no extrapolation"
          }
        }
      ],
      "objective_breakdown": {
        "aggregation": "scalar",
        "direction": "minimize",
        "value": 20.180905074520158,
        "unit": "um",
        "terms": [
          {
            "metric": "rms_spot_um",
            "field": 1,
            "wavelength": 1,
            "key": "rms_spot_um|f=1|w=1",
            "unit": "um",
            "value": 20.180905074520158
          }
        ]
      },
      "objective_value": 20.180905074520158
    },
    {
      "focus_mm": 46.7387781837517,
      "assessment": {
        "passes": true,
        "requirements": [
          {
            "id": "focal-length",
            "key": "efl_mm",
            "requirement": {
              "id": "focal-length",
              "metric": "efl_mm",
              "unit": "mm",
              "min": 48,
              "max": 51
            },
            "status": "pass",
            "value": 49.05139286997028,
            "unit": "mm"
          },
          {
            "id": "track",
            "key": "total_track_mm",
            "requirement": {
              "id": "track",
              "metric": "total_track_mm",
              "unit": "mm",
              "max": 65
            },
            "status": "pass",
            "value": 51.73878,
            "unit": "mm"
          },
          {
            "id": "contrast",
            "key": "mtf|f=1|w=1|nu=20|axis=tangential",
            "requirement": {
              "id": "contrast",
              "metric": "mtf",
              "field": 1,
              "wavelength": 1,
              "frequency": 20,
              "axis": "tangential",
              "unit": "1",
              "min": 0.3
            },
            "status": "pass",
            "value": 0.346892984438047,
            "unit": "1"
          },
          {
            "id": "spot",
            "key": "rms_spot_um|f=1|w=1",
            "requirement": {
              "id": "spot",
              "metric": "rms_spot_um",
              "field": 1,
              "wavelength": 1,
              "unit": "um",
              "max": 30
            },
            "status": "pass",
            "value": 16.07126508622397,
            "unit": "um"
          }
        ]
      },
      "measurements": [
        {
          "metric": "efl_mm",
          "unit": "mm",
          "value": 49.05139286997028,
          "settings": {
            "wavelength": 1,
            "wavelength_um": 0.55
          }
        },
        {
          "metric": "f_number",
          "unit": "1",
          "value": 4.905139,
          "settings": {
            "wavelength": 1,
            "wavelength_um": 0.55
          }
        },
        {
          "metric": "total_track_mm",
          "unit": "mm",
          "value": 51.73878
        },
        {
          "metric": "image_distance_mm",
          "unit": "mm",
          "value": 46.7387781837517
        },
        {
          "metric": "rms_spot_um",
          "field": 1,
          "wavelength": 1,
          "unit": "um",
          "value": 16.07126508622397,
          "settings": {
            "reference": "centroid",
            "ray_density": 16,
            "native_analysis": "StandardSpot",
            "ray_check_count": 17,
            "field": 1,
            "field_xy_deg": [
              0.0,
              0.0
            ],
            "wavelength": 1,
            "wavelength_um": 0.55,
            "spectral_mode": "monochromatic"
          }
        },
        {
          "metric": "mtf",
          "field": 1,
          "wavelength": 1,
          "frequency": 20,
          "axis": "tangential",
          "unit": "1",
          "value": 0.346892984438047,
          "settings": {
            "analysis": "FFTMTF",
            "sampling": 128,
            "polarization": false,
            "frequency_interpolation": "linear; no extrapolation"
          }
        },
        {
          "metric": "mtf",
          "field": 1,
          "wavelength": 1,
          "frequency": 20,
          "axis": "sagittal",
          "unit": "1",
          "value": 0.346892984438047,
          "settings": {
            "analysis": "FFTMTF",
            "sampling": 128,
            "polarization": false,
            "frequency_interpolation": "linear; no extrapolation"
          }
        }
      ],
      "objective_breakdown": {
        "aggregation": "scalar",
        "direction": "minimize",
        "value": 16.07126508622397,
        "unit": "um",
        "terms": [
          {
            "metric": "rms_spot_um",
            "field": 1,
            "wavelength": 1,
            "key": "rms_spot_um|f=1|w=1",
            "unit": "um",
            "value": 16.07126508622397
          }
        ]
      },
      "objective_value": 16.07126508622397
    },
    {
      "focus_mm": 46.7387781837517,
      "assessment": {
        "passes": true,
        "requirements": [
          {
            "id": "focal-length",
            "key": "efl_mm",
            "requirement": {
              "id": "focal-length",
              "metric": "efl_mm",
              "unit": "mm",
              "min": 48,
              "max": 51
            },
            "status": "pass",
            "value": 49.05139286997028,
            "unit": "mm"
          },
          {
            "id": "track",
            "key": "total_track_mm",
            "requirement": {
              "id": "track",
              "metric": "total_track_mm",
              "unit": "mm",
              "max": 65
            },
            "status": "pass",
            "value": 51.73878,
            "unit": "mm"
          },
          {
            "id": "contrast",
            "key": "mtf|f=1|w=1|nu=20|axis=tangential",
            "requirement": {
              "id": "contrast",
              "metric": "mtf",
              "field": 1,
              "wavelength": 1,
              "frequency": 20,
              "axis": "tangential",
              "unit": "1",
              "min": 0.3
            },
            "status": "pass",
            "value": 0.346892984438047,
            "unit": "1"
          },
          {
            "id": "spot",
            "key": "rms_spot_um|f=1|w=1",
            "requirement": {
              "id": "spot",
              "metric": "rms_spot_um",
              "field": 1,
              "wavelength": 1,
              "unit": "um",
              "max": 30
            },
            "status": "pass",
            "value": 16.07126508622397,
            "unit": "um"
          }
        ]
      },
      "measurements": [
        {
          "metric": "efl_mm",
          "unit": "mm",
          "value": 49.05139286997028,
          "settings": {
            "wavelength": 1,
            "wavelength_um": 0.55
          }
        },
        {
          "metric": "f_number",
          "unit": "1",
          "value": 4.905139,
          "settings": {
            "wavelength": 1,
            "wavelength_um": 0.55
          }
        },
        {
          "metric": "total_track_mm",
          "unit": "mm",
          "value": 51.73878
        },
        {
          "metric": "image_distance_mm",
          "unit": "mm",
          "value": 46.7387781837517
        },
        {
          "metric": "rms_spot_um",
          "field": 1,
          "wavelength": 1,
          "unit": "um",
          "value": 16.07126508622397,
          "settings": {
            "reference": "centroid",
            "ray_density": 16,
            "native_analysis": "StandardSpot",
            "ray_check_count": 17,
            "field": 1,
            "field_xy_deg": [
              0.0,
              0.0
            ],
            "wavelength": 1,
            "wavelength_um": 0.55,
            "spectral_mode": "monochromatic"
          }
        },
        {
          "metric": "mtf",
          "field": 1,
          "wavelength": 1,
          "frequency": 20,
          "axis": "tangential",
          "unit": "1",
          "value": 0.346892984438047,
          "settings": {
            "analysis": "FFTMTF",
            "sampling": 128,
            "polarization": false,
            "frequency_interpolation": "linear; no extrapolation"
          }
        },
        {
          "metric": "mtf",
          "field": 1,
          "wavelength": 1,
          "frequency": 20,
          "axis": "sagittal",
          "unit": "1",
          "value": 0.346892984438047,
          "settings": {
            "analysis": "FFTMTF",
            "sampling": 128,
            "polarization": false,
            "frequency_interpolation": "linear; no extrapolation"
          }
        }
      ],
      "objective_breakdown": {
        "aggregation": "scalar",
        "direction": "minimize",
        "value": 16.07126508622397,
        "unit": "um",
        "terms": [
          {
            "metric": "rms_spot_um",
            "field": 1,
            "wavelength": 1,
            "key": "rms_spot_um|f=1|w=1",
            "unit": "um",
            "value": 16.07126508622397
          }
        ]
      },
      "objective_value": 16.07126508622397
    },
    {
      "focus_mm": 46.8191425091652,
      "assessment": {
        "passes": true,
        "requirements": [
          {
            "id": "focal-length",
            "key": "efl_mm",
            "requirement": {
              "id": "focal-length",
              "metric": "efl_mm",
              "unit": "mm",
              "min": 48,
              "max": 51
            },
            "status": "pass",
            "value": 49.05139286997028,
            "unit": "mm"
          },
          {
            "id": "track",
            "key": "total_track_mm",
            "requirement": {
              "id": "track",
              "metric": "total_track_mm",
              "unit": "mm",
              "max": 65
            },
            "status": "pass",
            "value": 51.81914,
            "unit": "mm"
          },
          {
            "id": "contrast",
            "key": "mtf|f=1|w=1|nu=20|axis=tangential",
            "requirement": {
              "id": "contrast",
              "metric": "mtf",
              "field": 1,
              "wavelength": 1,
              "frequency": 20,
              "axis": "tangential",
              "unit": "1",
              "min": 0.3
            },
            "status": "pass",
            "value": 0.4577183586104267,
            "unit": "1"
          },
          {
            "id": "spot",
            "key": "rms_spot_um|f=1|w=1",
            "requirement": {
              "id": "spot",
              "metric": "rms_spot_um",
              "field": 1,
              "wavelength": 1,
              "unit": "um",
              "max": 30
            },
            "status": "pass",
            "value": 16.173919838008793,
            "unit": "um"
          }
        ]
      },
      "measurements": [
        {
          "metric": "efl_mm",
          "unit": "mm",
          "value": 49.05139286997028,
          "settings": {
            "wavelength": 1,
            "wavelength_um": 0.55
          }
        },
        {
          "metric": "f_number",
          "unit": "1",
          "value": 4.905139,
          "settings": {
            "wavelength": 1,
            "wavelength_um": 0.55
          }
        },
        {
          "metric": "total_track_mm",
          "unit": "mm",
          "value": 51.81914
        },
        {
          "metric": "image_distance_mm",
          "unit": "mm",
          "value": 46.8191425091652
        },
        {
          "metric": "rms_spot_um",
          "field": 1,
          "wavelength": 1,
          "unit": "um",
          "value": 16.173919838008793,
          "settings": {
            "reference": "centroid",
            "ray_density": 16,
            "native_analysis": "StandardSpot",
            "ray_check_count": 17,
            "field": 1,
            "field_xy_deg": [
              0.0,
              0.0
            ],
            "wavelength": 1,
            "wavelength_um": 0.55,
            "spectral_mode": "monochromatic"
          }
        },
        {
          "metric": "mtf",
          "field": 1,
          "wavelength": 1,
          "frequency": 20,
          "axis": "tangential",
          "unit": "1",
          "value": 0.4577183586104267,
          "settings": {
            "analysis": "FFTMTF",
            "sampling": 128,
            "polarization": false,
            "frequency_interpolation": "linear; no extrapolation"
          }
        },
        {
          "metric": "mtf",
          "field": 1,
          "wavelength": 1,
          "frequency": 20,
          "axis": "sagittal",
          "unit": "1",
          "value": 0.4577183586104267,
          "settings": {
            "analysis": "FFTMTF",
            "sampling": 128,
            "polarization": false,
            "frequency_interpolation": "linear; no extrapolation"
          }
        }
      ],
      "objective_breakdown": {
        "aggregation": "scalar",
        "direction": "minimize",
        "value": 16.173919838008793,
        "unit": "um",
        "terms": [
          {
            "metric": "rms_spot_um",
            "field": 1,
            "wavelength": 1,
            "key": "rms_spot_um|f=1|w=1",
            "unit": "um",
            "value": 16.173919838008793
          }
        ]
      },
      "objective_value": 16.173919838008793
    },
    {
      "focus_mm": 46.6891102991632,
      "assessment": {
        "passes": false,
        "requirements": [
          {
            "id": "focal-length",
            "key": "efl_mm",
            "requirement": {
              "id": "focal-length",
              "metric": "efl_mm",
              "unit": "mm",
              "min": 48,
              "max": 51
            },
            "status": "pass",
            "value": 49.05139286997028,
            "unit": "mm"
          },
          {
            "id": "track",
            "key": "total_track_mm",
            "requirement": {
              "id": "track",
              "metric": "total_track_mm",
              "unit": "mm",
              "max": 65
            },
            "status": "pass",
            "value": 51.68911,
            "unit": "mm"
          },
          {
            "id": "contrast",
            "key": "mtf|f=1|w=1|nu=20|axis=tangential",
            "requirement": {
              "id": "contrast",
              "metric": "mtf",
              "field": 1,
              "wavelength": 1,
              "frequency": 20,
              "axis": "tangential",
              "unit": "1",
              "min": 0.3
            },
            "status": "fail",
            "value": 0.24237808209225403,
            "unit": "1"
          },
          {
            "id": "spot",
            "key": "rms_spot_um|f=1|w=1",
            "requirement": {
              "id": "spot",
              "metric": "rms_spot_um",
              "field": 1,
              "wavelength": 1,
              "unit": "um",
              "max": 30
            },
            "status": "pass",
            "value": 17.107727791735915,
            "unit": "um"
          }
        ]
      },
      "measurements": [
        {
          "metric": "efl_mm",
          "unit": "mm",
          "value": 49.05139286997028,
          "settings": {
            "wavelength": 1,
            "wavelength_um": 0.55
          }
        },
        {
          "metric": "f_number",
          "unit": "1",
          "value": 4.905139,
          "settings": {
            "wavelength": 1,
            "wavelength_um": 0.55
          }
        },
        {
          "metric": "total_track_mm",
          "unit": "mm",
          "value": 51.68911
        },
        {
          "metric": "image_distance_mm",
          "unit": "mm",
          "value": 46.6891102991632
        },
        {
          "metric": "rms_spot_um",
          "field": 1,
          "wavelength": 1,
          "unit": "um",
          "value": 17.107727791735915,
          "settings": {
            "reference": "centroid",
            "ray_density": 16,
            "native_analysis": "StandardSpot",
            "ray_check_count": 17,
            "field": 1,
            "field_xy_deg": [
              0.0,
              0.0
            ],
            "wavelength": 1,
            "wavelength_um": 0.55,
            "spectral_mode": "monochromatic"
          }
        },
        {
          "metric": "mtf",
          "field": 1,
          "wavelength": 1,
          "frequency": 20,
          "axis": "tangential",
          "unit": "1",
          "value": 0.24237808209225403,
          "settings": {
            "analysis": "FFTMTF",
            "sampling": 128,
            "polarization": false,
            "frequency_interpolation": "linear; no extrapolation"
          }
        },
        {
          "metric": "mtf",
          "field": 1,
          "wavelength": 1,
          "frequency": 20,
          "axis": "sagittal",
          "unit": "1",
          "value": 0.24237808209225403,
          "settings": {
            "analysis": "FFTMTF",
            "sampling": 128,
            "polarization": false,
            "frequency_interpolation": "linear; no extrapolation"
          }
        }
      ],
      "objective_breakdown": {
        "aggregation": "scalar",
        "direction": "minimize",
        "value": 17.107727791735915,
        "unit": "um",
        "terms": [
          {
            "metric": "rms_spot_um",
            "field": 1,
            "wavelength": 1,
            "key": "rms_spot_um|f=1|w=1",
            "unit": "um",
            "value": 17.107727791735915
          }
        ]
      },
      "objective_value": 17.107727791735915
    },
    {
      "focus_mm": 46.7387781837517,
      "assessment": {
        "passes": true,
        "requirements": [
          {
            "id": "focal-length",
            "key": "efl_mm",
            "requirement": {
              "id": "focal-length",
              "metric": "efl_mm",
              "unit": "mm",
              "min": 48,
              "max": 51
            },
            "status": "pass",
            "value": 49.05139286997028,
            "unit": "mm"
          },
          {
            "id": "track",
            "key": "total_track_mm",
            "requirement": {
              "id": "track",
              "metric": "total_track_mm",
              "unit": "mm",
              "max": 65
            },
            "status": "pass",
            "value": 51.73878,
            "unit": "mm"
          },
          {
            "id": "contrast",
            "key": "mtf|f=1|w=1|nu=20|axis=tangential",
            "requirement": {
              "id": "contrast",
              "metric": "mtf",
              "field": 1,
              "wavelength": 1,
              "frequency": 20,
              "axis": "tangential",
              "unit": "1",
              "min": 0.3
            },
            "status": "pass",
            "value": 0.346892984438047,
            "unit": "1"
          },
          {
            "id": "spot",
            "key": "rms_spot_um|f=1|w=1",
            "requirement": {
              "id": "spot",
              "metric": "rms_spot_um",
              "field": 1,
              "wavelength": 1,
              "unit": "um",
              "max": 30
            },
            "status": "pass",
            "value": 16.07126508622397,
            "unit": "um"
          }
        ]
      },
      "measurements": [
        {
          "metric": "efl_mm",
          "unit": "mm",
          "value": 49.05139286997028,
          "settings": {
            "wavelength": 1,
            "wavelength_um": 0.55
          }
        },
        {
          "metric": "f_number",
          "unit": "1",
          "value": 4.905139,
          "settings": {
            "wavelength": 1,
            "wavelength_um": 0.55
          }
        },
        {
          "metric": "total_track_mm",
          "unit": "mm",
          "value": 51.73878
        },
        {
          "metric": "image_distance_mm",
          "unit": "mm",
          "value": 46.7387781837517
        },
        {
          "metric": "rms_spot_um",
          "field": 1,
          "wavelength": 1,
          "unit": "um",
          "value": 16.07126508622397,
          "settings": {
            "reference": "centroid",
            "ray_density": 16,
            "native_analysis": "StandardSpot",
            "ray_check_count": 17,
            "field": 1,
            "field_xy_deg": [
              0.0,
              0.0
            ],
            "wavelength": 1,
            "wavelength_um": 0.55,
            "spectral_mode": "monochromatic"
          }
        },
        {
          "metric": "mtf",
          "field": 1,
          "wavelength": 1,
          "frequency": 20,
          "axis": "tangential",
          "unit": "1",
          "value": 0.346892984438047,
          "settings": {
            "analysis": "FFTMTF",
            "sampling": 128,
            "polarization": false,
            "frequency_interpolation": "linear; no extrapolation"
          }
        },
        {
          "metric": "mtf",
          "field": 1,
          "wavelength": 1,
          "frequency": 20,
          "axis": "sagittal",
          "unit": "1",
          "value": 0.346892984438047,
          "settings": {
            "analysis": "FFTMTF",
            "sampling": 128,
            "polarization": false,
            "frequency_interpolation": "linear; no extrapolation"
          }
        }
      ],
      "objective_breakdown": {
        "aggregation": "scalar",
        "direction": "minimize",
        "value": 16.07126508622397,
        "unit": "um",
        "terms": [
          {
            "metric": "rms_spot_um",
            "field": 1,
            "wavelength": 1,
            "key": "rms_spot_um|f=1|w=1",
            "unit": "um",
            "value": 16.07126508622397
          }
        ]
      },
      "objective_value": 16.07126508622397
    },
    {
      "focus_mm": 46.7387781837517,
      "assessment": {
        "passes": true,
        "requirements": [
          {
            "id": "focal-length",
            "key": "efl_mm",
            "requirement": {
              "id": "focal-length",
              "metric": "efl_mm",
              "unit": "mm",
              "min": 48,
              "max": 51
            },
            "status": "pass",
            "value": 49.05139286997028,
            "unit": "mm"
          },
          {
            "id": "track",
            "key": "total_track_mm",
            "requirement": {
              "id": "track",
              "metric": "total_track_mm",
              "unit": "mm",
              "max": 65
            },
            "status": "pass",
            "value": 51.73878,
            "unit": "mm"
          },
          {
            "id": "contrast",
            "key": "mtf|f=1|w=1|nu=20|axis=tangential",
            "requirement": {
              "id": "contrast",
              "metric": "mtf",
              "field": 1,
              "wavelength": 1,
              "frequency": 20,
              "axis": "tangential",
              "unit": "1",
              "min": 0.3
            },
            "status": "pass",
            "value": 0.346892984438047,
            "unit": "1"
          },
          {
            "id": "spot",
            "key": "rms_spot_um|f=1|w=1",
            "requirement": {
              "id": "spot",
              "metric": "rms_spot_um",
              "field": 1,
              "wavelength": 1,
              "unit": "um",
              "max": 30
            },
            "status": "pass",
            "value": 16.07126508622397,
            "unit": "um"
          }
        ]
      },
      "measurements": [
        {
          "metric": "efl_mm",
          "unit": "mm",
          "value": 49.05139286997028,
          "settings": {
            "wavelength": 1,
            "wavelength_um": 0.55
          }
        },
        {
          "metric": "f_number",
          "unit": "1",
          "value": 4.905139,
          "settings": {
            "wavelength": 1,
            "wavelength_um": 0.55
          }
        },
        {
          "metric": "total_track_mm",
          "unit": "mm",
          "value": 51.73878
        },
        {
          "metric": "image_distance_mm",
          "unit": "mm",
          "value": 46.7387781837517
        },
        {
          "metric": "rms_spot_um",
          "field": 1,
          "wavelength": 1,
          "unit": "um",
          "value": 16.07126508622397,
          "settings": {
            "reference": "centroid",
            "ray_density": 16,
            "native_analysis": "StandardSpot",
            "ray_check_count": 17,
            "field": 1,
            "field_xy_deg": [
              0.0,
              0.0
            ],
            "wavelength": 1,
            "wavelength_um": 0.55,
            "spectral_mode": "monochromatic"
          }
        },
        {
          "metric": "mtf",
          "field": 1,
          "wavelength": 1,
          "frequency": 20,
          "axis": "tangential",
          "unit": "1",
          "value": 0.346892984438047,
          "settings": {
            "analysis": "FFTMTF",
            "sampling": 128,
            "polarization": false,
            "frequency_interpolation": "linear; no extrapolation"
          }
        },
        {
          "metric": "mtf",
          "field": 1,
          "wavelength": 1,
          "frequency": 20,
          "axis": "sagittal",
          "unit": "1",
          "value": 0.346892984438047,
          "settings": {
            "analysis": "FFTMTF",
            "sampling": 128,
            "polarization": false,
            "frequency_interpolation": "linear; no extrapolation"
          }
        }
      ],
      "objective_breakdown": {
        "aggregation": "scalar",
        "direction": "minimize",
        "value": 16.07126508622397,
        "unit": "um",
        "terms": [
          {
            "metric": "rms_spot_um",
            "field": 1,
            "wavelength": 1,
            "key": "rms_spot_um|f=1|w=1",
            "unit": "um",
            "value": 16.07126508622397
          }
        ]
      },
      "objective_value": 16.07126508622397
    },
    {
      "focus_mm": 46.7694746245767,
      "assessment": {
        "passes": true,
        "requirements": [
          {
            "id": "focal-length",
            "key": "efl_mm",
            "requirement": {
              "id": "focal-length",
              "metric": "efl_mm",
              "unit": "mm",
              "min": 48,
              "max": 51
            },
            "status": "pass",
            "value": 49.05139286997028,
            "unit": "mm"
          },
          {
            "id": "track",
            "key": "total_track_mm",
            "requirement": {
              "id": "track",
              "metric": "total_track_mm",
              "unit": "mm",
              "max": 65
            },
            "status": "pass",
            "value": 51.76947,
            "unit": "mm"
          },
          {
            "id": "contrast",
            "key": "mtf|f=1|w=1|nu=20|axis=tangential",
            "requirement": {
              "id": "contrast",
              "metric": "mtf",
              "field": 1,
              "wavelength": 1,
              "frequency": 20,
              "axis": "tangential",
              "unit": "1",
              "min": 0.3
            },
            "status": "pass",
            "value": 0.3985805096694023,
            "unit": "1"
          },
          {
            "id": "spot",
            "key": "rms_spot_um|f=1|w=1",
            "requirement": {
              "id": "spot",
              "metric": "rms_spot_um",
              "field": 1,
              "wavelength": 1,
              "unit": "um",
              "max": 30
            },
            "status": "pass",
            "value": 15.841366208313875,
            "unit": "um"
          }
        ]
      },
      "measurements": [
        {
          "metric": "efl_mm",
          "unit": "mm",
          "value": 49.05139286997028,
          "settings": {
            "wavelength": 1,
            "wavelength_um": 0.55
          }
        },
        {
          "metric": "f_number",
          "unit": "1",
          "value": 4.905139,
          "settings": {
            "wavelength": 1,
            "wavelength_um": 0.55
          }
        },
        {
          "metric": "total_track_mm",
          "unit": "mm",
          "value": 51.76947
        },
        {
          "metric": "image_distance_mm",
          "unit": "mm",
          "value": 46.7694746245767
        },
        {
          "metric": "rms_spot_um",
          "field": 1,
          "wavelength": 1,
          "unit": "um",
          "value": 15.841366208313875,
          "settings": {
            "reference": "centroid",
            "ray_density": 16,
            "native_analysis": "StandardSpot",
            "ray_check_count": 17,
            "field": 1,
            "field_xy_deg": [
              0.0,
              0.0
            ],
            "wavelength": 1,
            "wavelength_um": 0.55,
            "spectral_mode": "monochromatic"
          }
        },
        {
          "metric": "mtf",
          "field": 1,
          "wavelength": 1,
          "frequency": 20,
          "axis": "tangential",
          "unit": "1",
          "value": 0.3985805096694023,
          "settings": {
            "analysis": "FFTMTF",
            "sampling": 128,
            "polarization": false,
            "frequency_interpolation": "linear; no extrapolation"
          }
        },
        {
          "metric": "mtf",
          "field": 1,
          "wavelength": 1,
          "frequency": 20,
          "axis": "sagittal",
          "unit": "1",
          "value": 0.3985805096694023,
          "settings": {
            "analysis": "FFTMTF",
            "sampling": 128,
            "polarization": false,
            "frequency_interpolation": "linear; no extrapolation"
          }
        }
      ],
      "objective_breakdown": {
        "aggregation": "scalar",
        "direction": "minimize",
        "value": 15.841366208313875,
        "unit": "um",
        "terms": [
          {
            "metric": "rms_spot_um",
            "field": 1,
            "wavelength": 1,
            "key": "rms_spot_um|f=1|w=1",
            "unit": "um",
            "value": 15.841366208313875
          }
        ]
      },
      "objective_value": 15.841366208313875
    },
    {
      "focus_mm": 46.7694746245767,
      "assessment": {
        "passes": true,
        "requirements": [
          {
            "id": "focal-length",
            "key": "efl_mm",
            "requirement": {
              "id": "focal-length",
              "metric": "efl_mm",
              "unit": "mm",
              "min": 48,
              "max": 51
            },
            "status": "pass",
            "value": 49.05139286997028,
            "unit": "mm"
          },
          {
            "id": "track",
            "key": "total_track_mm",
            "requirement": {
              "id": "track",
              "metric": "total_track_mm",
              "unit": "mm",
              "max": 65
            },
            "status": "pass",
            "value": 51.76947,
            "unit": "mm"
          },
          {
            "id": "contrast",
            "key": "mtf|f=1|w=1|nu=20|axis=tangential",
            "requirement": {
              "id": "contrast",
              "metric": "mtf",
              "field": 1,
              "wavelength": 1,
              "frequency": 20,
              "axis": "tangential",
              "unit": "1",
              "min": 0.3
            },
            "status": "pass",
            "value": 0.3985805096694023,
            "unit": "1"
          },
          {
            "id": "spot",
            "key": "rms_spot_um|f=1|w=1",
            "requirement": {
              "id": "spot",
              "metric": "rms_spot_um",
              "field": 1,
              "wavelength": 1,
              "unit": "um",
              "max": 30
            },
            "status": "pass",
            "value": 15.841366208313875,
            "unit": "um"
          }
        ]
      },
      "measurements": [
        {
          "metric": "efl_mm",
          "unit": "mm",
          "value": 49.05139286997028,
          "settings": {
            "wavelength": 1,
            "wavelength_um": 0.55
          }
        },
        {
          "metric": "f_number",
          "unit": "1",
          "value": 4.905139,
          "settings": {
            "wavelength": 1,
            "wavelength_um": 0.55
          }
        },
        {
          "metric": "total_track_mm",
          "unit": "mm",
          "value": 51.76947
        },
        {
          "metric": "image_distance_mm",
          "unit": "mm",
          "value": 46.7694746245767
        },
        {
          "metric": "rms_spot_um",
          "field": 1,
          "wavelength": 1,
          "unit": "um",
          "value": 15.841366208313875,
          "settings": {
            "reference": "centroid",
            "ray_density": 16,
            "native_analysis": "StandardSpot",
            "ray_check_count": 17,
            "field": 1,
            "field_xy_deg": [
              0.0,
              0.0
            ],
            "wavelength": 1,
            "wavelength_um": 0.55,
            "spectral_mode": "monochromatic"
          }
        },
        {
          "metric": "mtf",
          "field": 1,
          "wavelength": 1,
          "frequency": 20,
          "axis": "tangential",
          "unit": "1",
          "value": 0.3985805096694023,
          "settings": {
            "analysis": "FFTMTF",
            "sampling": 128,
            "polarization": false,
            "frequency_interpolation": "linear; no extrapolation"
          }
        },
        {
          "metric": "mtf",
          "field": 1,
          "wavelength": 1,
          "frequency": 20,
          "axis": "sagittal",
          "unit": "1",
          "value": 0.3985805096694023,
          "settings": {
            "analysis": "FFTMTF",
            "sampling": 128,
            "polarization": false,
            "frequency_interpolation": "linear; no extrapolation"
          }
        }
      ],
      "objective_breakdown": {
        "aggregation": "scalar",
        "direction": "minimize",
        "value": 15.841366208313875,
        "unit": "um",
        "terms": [
          {
            "metric": "rms_spot_um",
            "field": 1,
            "wavelength": 1,
            "key": "rms_spot_um|f=1|w=1",
            "unit": "um",
            "value": 15.841366208313875
          }
        ]
      },
      "objective_value": 15.841366208313875
    },
    {
      "focus_mm": 46.7694746245767,
      "assessment": {
        "passes": true,
        "requirements": [
          {
            "id": "focal-length",
            "key": "efl_mm",
            "requirement": {
              "id": "focal-length",
              "metric": "efl_mm",
              "unit": "mm",
              "min": 48,
              "max": 51
            },
            "status": "pass",
            "value": 49.05139286997028,
            "unit": "mm"
          },
          {
            "id": "track",
            "key": "total_track_mm",
            "requirement": {
              "id": "track",
              "metric": "total_track_mm",
              "unit": "mm",
              "max": 65
            },
            "status": "pass",
            "value": 51.76947,
            "unit": "mm"
          },
          {
            "id": "contrast",
            "key": "mtf|f=1|w=1|nu=20|axis=tangential",
            "requirement": {
              "id": "contrast",
              "metric": "mtf",
              "field": 1,
              "wavelength": 1,
              "frequency": 20,
              "axis": "tangential",
              "unit": "1",
              "min": 0.3
            },
            "status": "pass",
            "value": 0.3985805096694023,
            "unit": "1"
          },
          {
            "id": "spot",
            "key": "rms_spot_um|f=1|w=1",
            "requirement": {
              "id": "spot",
              "metric": "rms_spot_um",
              "field": 1,
              "wavelength": 1,
              "unit": "um",
              "max": 30
            },
            "status": "pass",
            "value": 15.841366208313875,
            "unit": "um"
          }
        ]
      },
      "measurements": [
        {
          "metric": "efl_mm",
          "unit": "mm",
          "value": 49.05139286997028,
          "settings": {
            "wavelength": 1,
            "wavelength_um": 0.55
          }
        },
        {
          "metric": "f_number",
          "unit": "1",
          "value": 4.905139,
          "settings": {
            "wavelength": 1,
            "wavelength_um": 0.55
          }
        },
        {
          "metric": "total_track_mm",
          "unit": "mm",
          "value": 51.76947
        },
        {
          "metric": "image_distance_mm",
          "unit": "mm",
          "value": 46.7694746245767
        },
        {
          "metric": "rms_spot_um",
          "field": 1,
          "wavelength": 1,
          "unit": "um",
          "value": 15.841366208313875,
          "settings": {
            "reference": "centroid",
            "ray_density": 16,
            "native_analysis": "StandardSpot",
            "ray_check_count": 17,
            "field": 1,
            "field_xy_deg": [
              0.0,
              0.0
            ],
            "wavelength": 1,
            "wavelength_um": 0.55,
            "spectral_mode": "monochromatic"
          }
        },
        {
          "metric": "mtf",
          "field": 1,
          "wavelength": 1,
          "frequency": 20,
          "axis": "tangential",
          "unit": "1",
          "value": 0.3985805096694023,
          "settings": {
            "analysis": "FFTMTF",
            "sampling": 128,
            "polarization": false,
            "frequency_interpolation": "linear; no extrapolation"
          }
        },
        {
          "metric": "mtf",
          "field": 1,
          "wavelength": 1,
          "frequency": 20,
          "axis": "sagittal",
          "unit": "1",
          "value": 0.3985805096694023,
          "settings": {
            "analysis": "FFTMTF",
            "sampling": 128,
            "polarization": false,
            "frequency_interpolation": "linear; no extrapolation"
          }
        }
      ],
      "objective_breakdown": {
        "aggregation": "scalar",
        "direction": "minimize",
        "value": 15.841366208313875,
        "unit": "um",
        "terms": [
          {
            "metric": "rms_spot_um",
            "field": 1,
            "wavelength": 1,
            "key": "rms_spot_um|f=1|w=1",
            "unit": "um",
            "value": 15.841366208313875
          }
        ]
      },
      "objective_value": 15.841366208313875
    }
  ],
  "evaluations": 24,
  "source_unchanged": true,
  "saved_candidate_verified": true,
  "artifacts": {
    "baseline_model": "C:\\Users\\erict\\OneDrive\\Desktop\\Projects\\optical-design-v1\\docs\\research\\full-release\\final-mcp\\mcp-jobs\\ab21f583781c4aedb3c290fe314935e1\\output\\baseline-model.zmx",
    "baseline_sha256": "4fe32615eac8c57b2d80c6745c99f0e3235f7586a2917e62dffe0aba2b9f7cf8",
    "source_snapshot_sha256": "4fe32615eac8c57b2d80c6745c99f0e3235f7586a2917e62dffe0aba2b9f7cf8",
    "candidate_model": "C:\\Users\\erict\\OneDrive\\Desktop\\Projects\\optical-design-v1\\docs\\research\\full-release\\final-mcp\\mcp-jobs\\ab21f583781c4aedb3c290fe314935e1\\output\\candidate-model.zmx",
    "candidate_sha256": "60520fbcbab43ae84d381af2eb9832e19025ac206c4a9b6a0d37857ef39edefb"
  },
  "baseline_restored": true,
  "spec_sha256": "da3cef163a4dc9872aaab67aa95ab82937d80a87f5451967ae91a552b92b4b81",
  "time_budget_policy": "cooperative_between_native_calls"
}
