*** FRU__delta_init(): Attempt to start when running!
{
  "schema": "1",
  "action": "optimize",
  "status": "improved",
  "source": {
    "path": "C:\\Users\\erict\\OneDrive\\Desktop\\Projects\\optical-design-v1\\skills\\optical-design\\assets\\field-validation\\native.zmx",
    "sha256": "af1586cf6f861655d8de2e20bfbf5eca7541f25262e3c9fff23eb7b68b4ae77f"
  },
  "source_unchanged": true,
  "spec": {
    "schema": "1",
    "name": "Full-release nine-condition weighted spot merit",
    "fields": [
      1,
      2,
      3
    ],
    "wavelengths": [
      1,
      2,
      3
    ],
    "frequencies_cyc_per_mm": [],
    "requirements": [
      {
        "id": "focal-length",
        "metric": "efl_mm",
        "unit": "mm",
        "min": 48,
        "max": 52
      },
      {
        "id": "track",
        "metric": "total_track_mm",
        "unit": "mm",
        "max": 65
      },
      {
        "metric": "rms_spot_um",
        "field": 1,
        "wavelength": 1,
        "unit": "um",
        "id": "spot-1-1",
        "max": 120
      },
      {
        "metric": "rms_spot_um",
        "field": 1,
        "wavelength": 2,
        "unit": "um",
        "id": "spot-1-2",
        "max": 120
      },
      {
        "metric": "rms_spot_um",
        "field": 1,
        "wavelength": 3,
        "unit": "um",
        "id": "spot-1-3",
        "max": 120
      },
      {
        "metric": "rms_spot_um",
        "field": 2,
        "wavelength": 1,
        "unit": "um",
        "id": "spot-2-1",
        "max": 120
      },
      {
        "metric": "rms_spot_um",
        "field": 2,
        "wavelength": 2,
        "unit": "um",
        "id": "spot-2-2",
        "max": 120
      },
      {
        "metric": "rms_spot_um",
        "field": 2,
        "wavelength": 3,
        "unit": "um",
        "id": "spot-2-3",
        "max": 120
      },
      {
        "metric": "rms_spot_um",
        "field": 3,
        "wavelength": 1,
        "unit": "um",
        "id": "spot-3-1",
        "max": 120
      },
      {
        "metric": "rms_spot_um",
        "field": 3,
        "wavelength": 2,
        "unit": "um",
        "id": "spot-3-2",
        "max": 120
      },
      {
        "metric": "rms_spot_um",
        "field": 3,
        "wavelength": 3,
        "unit": "um",
        "id": "spot-3-3",
        "max": 120
      }
    ],
    "objective": {
      "direction": "minimize",
      "aggregation": "weighted_rms",
      "terms": [
        {
          "metric": "rms_spot_um",
          "field": 1,
          "wavelength": 1,
          "unit": "um",
          "target": 0,
          "scale": 30,
          "weight": 1
        },
        {
          "metric": "rms_spot_um",
          "field": 1,
          "wavelength": 2,
          "unit": "um",
          "target": 0,
          "scale": 30,
          "weight": 1
        },
        {
          "metric": "rms_spot_um",
          "field": 1,
          "wavelength": 3,
          "unit": "um",
          "target": 0,
          "scale": 30,
          "weight": 1
        },
        {
          "metric": "rms_spot_um",
          "field": 2,
          "wavelength": 1,
          "unit": "um",
          "target": 0,
          "scale": 30,
          "weight": 1
        },
        {
          "metric": "rms_spot_um",
          "field": 2,
          "wavelength": 2,
          "unit": "um",
          "target": 0,
          "scale": 30,
          "weight": 1
        },
        {
          "metric": "rms_spot_um",
          "field": 2,
          "wavelength": 3,
          "unit": "um",
          "target": 0,
          "scale": 30,
          "weight": 1
        },
        {
          "metric": "rms_spot_um",
          "field": 3,
          "wavelength": 1,
          "unit": "um",
          "target": 0,
          "scale": 30,
          "weight": 1
        },
        {
          "metric": "rms_spot_um",
          "field": 3,
          "wavelength": 2,
          "unit": "um",
          "target": 0,
          "scale": 30,
          "weight": 1
        },
        {
          "metric": "rms_spot_um",
          "field": 3,
          "wavelength": 3,
          "unit": "um",
          "target": 0,
          "scale": 30,
          "weight": 1
        }
      ]
    },
    "budget": {
      "max_evaluations": 41,
      "timeout_s": 600
    },
    "analysis": {
      "sampling": 64,
      "use_polarization": false
    },
    "minimum_gain": 0.001
  },
  "variables": {
    "schema": "1",
    "variables": [
      {
        "surface": 1,
        "parameter": "radius_mm",
        "min_mm": 48,
        "max_mm": 52
      },
      {
        "surface": 2,
        "parameter": "thickness_mm",
        "min_mm": 44,
        "max_mm": 51
      }
    ]
  },
  "baseline": {
    "kind": "baseline",
    "parameters_mm": [
      50.0,
      60.0
    ],
    "inspection": {
      "engine": {
        "name": "OpticStudio",
        "version": "24.1.0",
        "zospy_version": "2.1.5",
        "pythonnet_version": "3.1.0",
        "license": "PremiumEdition"
      },
      "focus_mm": 60.0,
      "image_surface": 3,
      "surfaces": [
        {
          "index": 0,
          "is_image": false,
          "is_stop": false,
          "type": "Standard",
          "radius_mm": "Infinity",
          "thickness_mm": "Infinity",
          "material": "",
          "conic": 0.0,
          "coating": "",
          "tilts": [
            0.0,
            0.0,
            0.0,
            0.0,
            0.0,
            0.0,
            0.0,
            0.0,
            0.0,
            0.0
          ],
          "aperture": "None",
          "semi_diameter_solve": "Automatic",
          "asphere_coefficients": []
        },
        {
          "index": 1,
          "is_image": false,
          "is_stop": true,
          "type": "Standard",
          "radius_mm": 50.0,
          "thickness_mm": 5.0,
          "material": "N-BK7",
          "conic": 0.0,
          "coating": "",
          "tilts": [
            0.0,
            0.0,
            0.0,
            0.0,
            0.0,
            0.0,
            0.0,
            0.0,
            0.0,
            0.0
          ],
          "aperture": "None",
          "semi_diameter_solve": "Automatic",
          "asphere_coefficients": []
        },
        {
          "index": 2,
          "is_image": false,
          "is_stop": false,
          "type": "Standard",
          "radius_mm": -50.0,
          "thickness_mm": 60.0,
          "material": "",
          "conic": 0.0,
          "coating": "",
          "tilts": [
            0.0,
            0.0,
            0.0,
            0.0,
            0.0,
            0.0,
            0.0,
            0.0,
            0.0,
            0.0
          ],
          "aperture": "None",
          "semi_diameter_solve": "Automatic",
          "asphere_coefficients": []
        },
        {
          "index": 3,
          "is_image": true,
          "is_stop": false,
          "type": "Standard",
          "radius_mm": "Infinity",
          "thickness_mm": "Infinity",
          "material": "",
          "conic": 0.0,
          "coating": "",
          "tilts": [
            0.0,
            0.0,
            0.0,
            0.0,
            0.0,
            0.0,
            0.0,
            0.0,
            0.0,
            0.0
          ],
          "aperture": "None",
          "semi_diameter_solve": "Automatic",
          "asphere_coefficients": []
        }
      ],
      "invariants": {
        "surfaces": [
          {
            "index": 0,
            "is_image": false,
            "is_stop": false,
            "type": "Standard",
            "radius_mm": "Infinity",
            "thickness_mm": "Infinity",
            "material": "",
            "conic": 0.0,
            "coating": "",
            "tilts": [
              0.0,
              0.0,
              0.0,
              0.0,
              0.0,
              0.0,
              0.0,
              0.0,
              0.0,
              0.0
            ],
            "aperture": "None",
            "semi_diameter_solve": "Automatic",
            "asphere_coefficients": []
          },
          {
            "index": 1,
            "is_image": false,
            "is_stop": true,
            "type": "Standard",
            "radius_mm": 50.0,
            "thickness_mm": 5.0,
            "material": "N-BK7",
            "conic": 0.0,
            "coating": "",
            "tilts": [
              0.0,
              0.0,
              0.0,
              0.0,
              0.0,
              0.0,
              0.0,
              0.0,
              0.0,
              0.0
            ],
            "aperture": "None",
            "semi_diameter_solve": "Automatic",
            "asphere_coefficients": []
          },
          {
            "index": 2,
            "is_image": false,
            "is_stop": false,
            "type": "Standard",
            "radius_mm": -50.0,
            "material": "",
            "conic": 0.0,
            "coating": "",
            "tilts": [
              0.0,
              0.0,
              0.0,
              0.0,
              0.0,
              0.0,
              0.0,
              0.0,
              0.0,
              0.0
            ],
            "aperture": "None",
            "semi_diameter_solve": "Automatic",
            "asphere_coefficients": []
          },
          {
            "index": 3,
            "is_image": true,
            "is_stop": false,
            "type": "Standard",
            "radius_mm": "Infinity",
            "thickness_mm": "Infinity",
            "material": "",
            "conic": 0.0,
            "coating": "",
            "tilts": [
              0.0,
              0.0,
              0.0,
              0.0,
              0.0,
              0.0,
              0.0,
              0.0,
              0.0,
              0.0
            ],
            "aperture": "None",
            "semi_diameter_solve": "Automatic",
            "asphere_coefficients": []
          }
        ],
        "fields": [
          {
            "index": 1,
            "x_deg": 0.0,
            "y_deg": 0.0,
            "weight": 1.0
          },
          {
            "index": 2,
            "x_deg": 0.0,
            "y_deg": 3.0,
            "weight": 1.0
          },
          {
            "index": 3,
            "x_deg": 0.0,
            "y_deg": 6.0,
            "weight": 1.0
          }
        ],
        "wavelengths": [
          {
            "index": 1,
            "um": 0.4861327,
            "weight": 1.0,
            "primary": false
          },
          {
            "index": 2,
            "um": 0.55,
            "weight": 1.0,
            "primary": true
          },
          {
            "index": 3,
            "um": 0.6562725,
            "weight": 1.0,
            "primary": false
          }
        ],
        "aperture_type": "EntrancePupilDiameter",
        "aperture_mm": 10.0,
        "lens_units": "mm"
      },
      "limits": [
        "Sequential centered Standard conic/EvenAspheric refractive systems; fixed shape coefficients; angle fields; mm; EPD.",
        "Geometric centroid RMS spot and scalar FFT MTF are distinct metrics.",
        "A sparse pupil ray check detects gross failures; it is not a full vignetting analysis."
      ]
    },
    "measurements": [
      {
        "metric": "efl_mm",
        "unit": "mm",
        "value": 49.05139286997028,
        "settings": {
          "wavelength": 2,
          "wavelength_um": 0.55
        }
      },
      {
        "metric": "f_number",
        "unit": "1",
        "value": 4.905139,
        "settings": {
          "wavelength": 2,
          "wavelength_um": 0.55
        }
      },
      {
        "metric": "total_track_mm",
        "unit": "mm",
        "value": 65.0
      },
      {
        "metric": "image_distance_mm",
        "unit": "mm",
        "value": 60.0
      },
      {
        "metric": "rms_spot_um",
        "field": 1,
        "wavelength": 1,
        "unit": "um",
        "value": 1054.5131394052605,
        "settings": {
          "reference": "centroid",
          "ray_density": 8,
          "native_analysis": "StandardSpot",
          "ray_check_count": 17,
          "field": 1,
          "field_xy_deg": [
            0.0,
            0.0
          ],
          "wavelength": 1,
          "wavelength_um": 0.4861327,
          "spectral_mode": "monochromatic"
        }
      },
      {
        "metric": "rms_spot_um",
        "field": 1,
        "wavelength": 2,
        "unit": "um",
        "value": 1019.4358098139644,
        "settings": {
          "reference": "centroid",
          "ray_density": 8,
          "native_analysis": "StandardSpot",
          "ray_check_count": 17,
          "field": 1,
          "field_xy_deg": [
            0.0,
            0.0
          ],
          "wavelength": 2,
          "wavelength_um": 0.55,
          "spectral_mode": "monochromatic"
        }
      },
      {
        "metric": "rms_spot_um",
        "field": 1,
        "wavelength": 3,
        "unit": "um",
        "value": 981.2093888548225,
        "settings": {
          "reference": "centroid",
          "ray_density": 8,
          "native_analysis": "StandardSpot",
          "ray_check_count": 17,
          "field": 1,
          "field_xy_deg": [
            0.0,
            0.0
          ],
          "wavelength": 3,
          "wavelength_um": 0.6562725,
          "spectral_mode": "monochromatic"
        }
      },
      {
        "metric": "rms_spot_um",
        "field": 2,
        "wavelength": 1,
        "unit": "um",
        "value": 1070.3894447065509,
        "settings": {
          "reference": "centroid",
          "ray_density": 8,
          "native_analysis": "StandardSpot",
          "ray_check_count": 17,
          "field": 2,
          "field_xy_deg": [
            0.0,
            3.0
          ],
          "wavelength": 1,
          "wavelength_um": 0.4861327,
          "spectral_mode": "monochromatic"
        }
      },
      {
        "metric": "rms_spot_um",
        "field": 2,
        "wavelength": 2,
        "unit": "um",
        "value": 1035.208364534405,
        "settings": {
          "reference": "centroid",
          "ray_density": 8,
          "native_analysis": "StandardSpot",
          "ray_check_count": 17,
          "field": 2,
          "field_xy_deg": [
            0.0,
            3.0
          ],
          "wavelength": 2,
          "wavelength_um": 0.55,
          "spectral_mode": "monochromatic"
        }
      },
      {
        "metric": "rms_spot_um",
        "field": 2,
        "wavelength": 3,
        "unit": "um",
        "value": 996.8690022737399,
        "settings": {
          "reference": "centroid",
          "ray_density": 8,
          "native_analysis": "StandardSpot",
          "ray_check_count": 17,
          "field": 2,
          "field_xy_deg": [
            0.0,
            3.0
          ],
          "wavelength": 3,
          "wavelength_um": 0.6562725,
          "spectral_mode": "monochromatic"
        }
      },
      {
        "metric": "rms_spot_um",
        "field": 3,
        "wavelength": 1,
        "unit": "um",
        "value": 1118.5871261645332,
        "settings": {
          "reference": "centroid",
          "ray_density": 8,
          "native_analysis": "StandardSpot",
          "ray_check_count": 17,
          "field": 3,
          "field_xy_deg": [
            0.0,
            6.0
          ],
          "wavelength": 1,
          "wavelength_um": 0.4861327,
          "spectral_mode": "monochromatic"
        }
      },
      {
        "metric": "rms_spot_um",
        "field": 3,
        "wavelength": 2,
        "unit": "um",
        "value": 1083.0945611444138,
        "settings": {
          "reference": "centroid",
          "ray_density": 8,
          "native_analysis": "StandardSpot",
          "ray_check_count": 17,
          "field": 3,
          "field_xy_deg": [
            0.0,
            6.0
          ],
          "wavelength": 2,
          "wavelength_um": 0.55,
          "spectral_mode": "monochromatic"
        }
      },
      {
        "metric": "rms_spot_um",
        "field": 3,
        "wavelength": 3,
        "unit": "um",
        "value": 1044.4163090912377,
        "settings": {
          "reference": "centroid",
          "ray_density": 8,
          "native_analysis": "StandardSpot",
          "ray_check_count": 17,
          "field": 3,
          "field_xy_deg": [
            0.0,
            6.0
          ],
          "wavelength": 3,
          "wavelength_um": 0.6562725,
          "spectral_mode": "monochromatic"
        }
      }
    ],
    "assessment": {
      "passes": false,
      "requirements": [
        {
          "id": "focal-length",
          "key": "efl_mm",
          "requirement": {
            "id": "focal-length",
            "metric": "efl_mm",
            "unit": "mm",
            "min": 48,
            "max": 52
          },
          "status": "pass",
          "value": 49.05139286997028,
          "unit": "mm"
        },
        {
          "id": "track",
          "key": "total_track_mm",
          "requirement": {
            "id": "track",
            "metric": "total_track_mm",
            "unit": "mm",
            "max": 65
          },
          "status": "pass",
          "value": 65.0,
          "unit": "mm"
        },
        {
          "id": "spot-1-1",
          "key": "rms_spot_um|f=1|w=1",
          "requirement": {
            "metric": "rms_spot_um",
            "field": 1,
            "wavelength": 1,
            "unit": "um",
            "id": "spot-1-1",
            "max": 120
          },
          "status": "fail",
          "value": 1054.5131394052605,
          "unit": "um"
        },
        {
          "id": "spot-1-2",
          "key": "rms_spot_um|f=1|w=2",
          "requirement": {
            "metric": "rms_spot_um",
            "field": 1,
            "wavelength": 2,
            "unit": "um",
            "id": "spot-1-2",
            "max": 120
          },
          "status": "fail",
          "value": 1019.4358098139644,
          "unit": "um"
        },
        {
          "id": "spot-1-3",
          "key": "rms_spot_um|f=1|w=3",
          "requirement": {
            "metric": "rms_spot_um",
            "field": 1,
            "wavelength": 3,
            "unit": "um",
            "id": "spot-1-3",
            "max": 120
          },
          "status": "fail",
          "value": 981.2093888548225,
          "unit": "um"
        },
        {
          "id": "spot-2-1",
          "key": "rms_spot_um|f=2|w=1",
          "requirement": {
            "metric": "rms_spot_um",
            "field": 2,
            "wavelength": 1,
            "unit": "um",
            "id": "spot-2-1",
            "max": 120
          },
          "status": "fail",
          "value": 1070.3894447065509,
          "unit": "um"
        },
        {
          "id": "spot-2-2",
          "key": "rms_spot_um|f=2|w=2",
          "requirement": {
            "metric": "rms_spot_um",
            "field": 2,
            "wavelength": 2,
            "unit": "um",
            "id": "spot-2-2",
            "max": 120
          },
          "status": "fail",
          "value": 1035.208364534405,
          "unit": "um"
        },
        {
          "id": "spot-2-3",
          "key": "rms_spot_um|f=2|w=3",
          "requirement": {
            "metric": "rms_spot_um",
            "field": 2,
            "wavelength": 3,
            "unit": "um",
            "id": "spot-2-3",
            "max": 120
          },
          "status": "fail",
          "value": 996.8690022737399,
          "unit": "um"
        },
        {
          "id": "spot-3-1",
          "key": "rms_spot_um|f=3|w=1",
          "requirement": {
            "metric": "rms_spot_um",
            "field": 3,
            "wavelength": 1,
            "unit": "um",
            "id": "spot-3-1",
            "max": 120
          },
          "status": "fail",
          "value": 1118.5871261645332,
          "unit": "um"
        },
        {
          "id": "spot-3-2",
          "key": "rms_spot_um|f=3|w=2",
          "requirement": {
            "metric": "rms_spot_um",
            "field": 3,
            "wavelength": 2,
            "unit": "um",
            "id": "spot-3-2",
            "max": 120
          },
          "status": "fail",
          "value": 1083.0945611444138,
          "unit": "um"
        },
        {
          "id": "spot-3-3",
          "key": "rms_spot_um|f=3|w=3",
          "requirement": {
            "metric": "rms_spot_um",
            "field": 3,
            "wavelength": 3,
            "unit": "um",
            "id": "spot-3-3",
            "max": 120
          },
          "status": "fail",
          "value": 1044.4163090912377,
          "unit": "um"
        }
      ]
    },
    "objective_breakdown": {
      "aggregation": "weighted_rms",
      "direction": "minimize",
      "value": 34.85471316096606,
      "unit": "1",
      "terms": [
        {
          "metric": "rms_spot_um",
          "field": 1,
          "wavelength": 1,
          "key": "rms_spot_um|f=1|w=1",
          "unit": "um",
          "value": 1054.5131394052605,
          "target": 0,
          "scale": 30,
          "weight": 1,
          "normalized_residual": 35.15043798017535,
          "weighted_residual": 11.716812660058448
        },
        {
          "metric": "rms_spot_um",
          "field": 1,
          "wavelength": 2,
          "key": "rms_spot_um|f=1|w=2",
          "unit": "um",
          "value": 1019.4358098139644,
          "target": 0,
          "scale": 30,
          "weight": 1,
          "normalized_residual": 33.98119366046548,
          "weighted_residual": 11.327064553488492
        },
        {
          "metric": "rms_spot_um",
          "field": 1,
          "wavelength": 3,
          "key": "rms_spot_um|f=1|w=3",
          "unit": "um",
          "value": 981.2093888548225,
          "target": 0,
          "scale": 30,
          "weight": 1,
          "normalized_residual": 32.70697962849408,
          "weighted_residual": 10.90232654283136
        },
        {
          "metric": "rms_spot_um",
          "field": 2,
          "wavelength": 1,
          "key": "rms_spot_um|f=2|w=1",
          "unit": "um",
          "value": 1070.3894447065509,
          "target": 0,
          "scale": 30,
          "weight": 1,
          "normalized_residual": 35.67964815688503,
          "weighted_residual": 11.89321605229501
        },
        {
          "metric": "rms_spot_um",
          "field": 2,
          "wavelength": 2,
          "key": "rms_spot_um|f=2|w=2",
          "unit": "um",
          "value": 1035.208364534405,
          "target": 0,
          "scale": 30,
          "weight": 1,
          "normalized_residual": 34.50694548448017,
          "weighted_residual": 11.502315161493389
        },
        {
          "metric": "rms_spot_um",
          "field": 2,
          "wavelength": 3,
          "key": "rms_spot_um|f=2|w=3",
          "unit": "um",
          "value": 996.8690022737399,
          "target": 0,
          "scale": 30,
          "weight": 1,
          "normalized_residual": 33.22896674245799,
          "weighted_residual": 11.076322247485997
        },
        {
          "metric": "rms_spot_um",
          "field": 3,
          "wavelength": 1,
          "key": "rms_spot_um|f=3|w=1",
          "unit": "um",
          "value": 1118.5871261645332,
          "target": 0,
          "scale": 30,
          "weight": 1,
          "normalized_residual": 37.28623753881777,
          "weighted_residual": 12.42874584627259
        },
        {
          "metric": "rms_spot_um",
          "field": 3,
          "wavelength": 2,
          "key": "rms_spot_um|f=3|w=2",
          "unit": "um",
          "value": 1083.0945611444138,
          "target": 0,
          "scale": 30,
          "weight": 1,
          "normalized_residual": 36.10315203814712,
          "weighted_residual": 12.034384012715707
        },
        {
          "metric": "rms_spot_um",
          "field": 3,
          "wavelength": 3,
          "key": "rms_spot_um|f=3|w=3",
          "unit": "um",
          "value": 1044.4163090912377,
          "target": 0,
          "scale": 30,
          "weight": 1,
          "normalized_residual": 34.81387696970793,
          "weighted_residual": 11.604625656569308
        }
      ]
    },
    "objective_value": 34.85471316096606
  },
  "candidate": {
    "kind": "saved_reload_verification",
    "parameters_mm": [
      52.0,
      47.5
    ],
    "inspection": {
      "engine": {
        "name": "OpticStudio",
        "version": "24.1.0",
        "zospy_version": "2.1.5",
        "pythonnet_version": "3.1.0",
        "license": "PremiumEdition"
      },
      "focus_mm": 47.5,
      "image_surface": 3,
      "surfaces": [
        {
          "index": 0,
          "is_image": false,
          "is_stop": false,
          "type": "Standard",
          "radius_mm": "Infinity",
          "thickness_mm": "Infinity",
          "material": "",
          "conic": 0.0,
          "coating": "",
          "tilts": [
            0.0,
            0.0,
            0.0,
            0.0,
            0.0,
            0.0,
            0.0,
            0.0,
            0.0,
            0.0
          ],
          "aperture": "None",
          "semi_diameter_solve": "Automatic",
          "asphere_coefficients": []
        },
        {
          "index": 1,
          "is_image": false,
          "is_stop": true,
          "type": "Standard",
          "radius_mm": 52.0,
          "thickness_mm": 5.0,
          "material": "N-BK7",
          "conic": 0.0,
          "coating": "",
          "tilts": [
            0.0,
            0.0,
            0.0,
            0.0,
            0.0,
            0.0,
            0.0,
            0.0,
            0.0,
            0.0
          ],
          "aperture": "None",
          "semi_diameter_solve": "Automatic",
          "asphere_coefficients": []
        },
        {
          "index": 2,
          "is_image": false,
          "is_stop": false,
          "type": "Standard",
          "radius_mm": -50.0,
          "thickness_mm": 47.5,
          "material": "",
          "conic": 0.0,
          "coating": "",
          "tilts": [
            0.0,
            0.0,
            0.0,
            0.0,
            0.0,
            0.0,
            0.0,
            0.0,
            0.0,
            0.0
          ],
          "aperture": "None",
          "semi_diameter_solve": "Automatic",
          "asphere_coefficients": []
        },
        {
          "index": 3,
          "is_image": true,
          "is_stop": false,
          "type": "Standard",
          "radius_mm": "Infinity",
          "thickness_mm": "Infinity",
          "material": "",
          "conic": 0.0,
          "coating": "",
          "tilts": [
            0.0,
            0.0,
            0.0,
            0.0,
            0.0,
            0.0,
            0.0,
            0.0,
            0.0,
            0.0
          ],
          "aperture": "None",
          "semi_diameter_solve": "Automatic",
          "asphere_coefficients": []
        }
      ],
      "invariants": {
        "surfaces": [
          {
            "index": 0,
            "is_image": false,
            "is_stop": false,
            "type": "Standard",
            "radius_mm": "Infinity",
            "thickness_mm": "Infinity",
            "material": "",
            "conic": 0.0,
            "coating": "",
            "tilts": [
              0.0,
              0.0,
              0.0,
              0.0,
              0.0,
              0.0,
              0.0,
              0.0,
              0.0,
              0.0
            ],
            "aperture": "None",
            "semi_diameter_solve": "Automatic",
            "asphere_coefficients": []
          },
          {
            "index": 1,
            "is_image": false,
            "is_stop": true,
            "type": "Standard",
            "radius_mm": 52.0,
            "thickness_mm": 5.0,
            "material": "N-BK7",
            "conic": 0.0,
            "coating": "",
            "tilts": [
              0.0,
              0.0,
              0.0,
              0.0,
              0.0,
              0.0,
              0.0,
              0.0,
              0.0,
              0.0
            ],
            "aperture": "None",
            "semi_diameter_solve": "Automatic",
            "asphere_coefficients": []
          },
          {
            "index": 2,
            "is_image": false,
            "is_stop": false,
            "type": "Standard",
            "radius_mm": -50.0,
            "material": "",
            "conic": 0.0,
            "coating": "",
            "tilts": [
              0.0,
              0.0,
              0.0,
              0.0,
              0.0,
              0.0,
              0.0,
              0.0,
              0.0,
              0.0
            ],
            "aperture": "None",
            "semi_diameter_solve": "Automatic",
            "asphere_coefficients": []
          },
          {
            "index": 3,
            "is_image": true,
            "is_stop": false,
            "type": "Standard",
            "radius_mm": "Infinity",
            "thickness_mm": "Infinity",
            "material": "",
            "conic": 0.0,
            "coating": "",
            "tilts": [
              0.0,
              0.0,
              0.0,
              0.0,
              0.0,
              0.0,
              0.0,
              0.0,
              0.0,
              0.0
            ],
            "aperture": "None",
            "semi_diameter_solve": "Automatic",
            "asphere_coefficients": []
          }
        ],
        "fields": [
          {
            "index": 1,
            "x_deg": 0.0,
            "y_deg": 0.0,
            "weight": 1.0
          },
          {
            "index": 2,
            "x_deg": 0.0,
            "y_deg": 3.0,
            "weight": 1.0
          },
          {
            "index": 3,
            "x_deg": 0.0,
            "y_deg": 6.0,
            "weight": 1.0
          }
        ],
        "wavelengths": [
          {
            "index": 1,
            "um": 0.4861327,
            "weight": 1.0,
            "primary": false
          },
          {
            "index": 2,
            "um": 0.55,
            "weight": 1.0,
            "primary": true
          },
          {
            "index": 3,
            "um": 0.6562725,
            "weight": 1.0,
            "primary": false
          }
        ],
        "aperture_type": "EntrancePupilDiameter",
        "aperture_mm": 10.0,
        "lens_units": "mm"
      },
      "limits": [
        "Sequential centered Standard conic/EvenAspheric refractive systems; fixed shape coefficients; angle fields; mm; EPD.",
        "Geometric centroid RMS spot and scalar FFT MTF are distinct metrics.",
        "A sparse pupil ray check detects gross failures; it is not a full vignetting analysis."
      ]
    },
    "measurements": [
      {
        "metric": "efl_mm",
        "unit": "mm",
        "value": 49.99615696660989,
        "settings": {
          "wavelength": 2,
          "wavelength_um": 0.55
        }
      },
      {
        "metric": "f_number",
        "unit": "1",
        "value": 4.999616,
        "settings": {
          "wavelength": 2,
          "wavelength_um": 0.55
        }
      },
      {
        "metric": "total_track_mm",
        "unit": "mm",
        "value": 52.5
      },
      {
        "metric": "image_distance_mm",
        "unit": "mm",
        "value": 47.5
      },
      {
        "metric": "rms_spot_um",
        "field": 1,
        "wavelength": 1,
        "unit": "um",
        "value": 17.33007662329914,
        "settings": {
          "reference": "centroid",
          "ray_density": 8,
          "native_analysis": "StandardSpot",
          "ray_check_count": 17,
          "field": 1,
          "field_xy_deg": [
            0.0,
            0.0
          ],
          "wavelength": 1,
          "wavelength_um": 0.4861327,
          "spectral_mode": "monochromatic"
        }
      },
      {
        "metric": "rms_spot_um",
        "field": 1,
        "wavelength": 2,
        "unit": "um",
        "value": 25.229580473771126,
        "settings": {
          "reference": "centroid",
          "ray_density": 8,
          "native_analysis": "StandardSpot",
          "ray_check_count": 17,
          "field": 1,
          "field_xy_deg": [
            0.0,
            0.0
          ],
          "wavelength": 2,
          "wavelength_um": 0.55,
          "spectral_mode": "monochromatic"
        }
      },
      {
        "metric": "rms_spot_um",
        "field": 1,
        "wavelength": 3,
        "unit": "um",
        "value": 52.04165060335828,
        "settings": {
          "reference": "centroid",
          "ray_density": 8,
          "native_analysis": "StandardSpot",
          "ray_check_count": 17,
          "field": 1,
          "field_xy_deg": [
            0.0,
            0.0
          ],
          "wavelength": 3,
          "wavelength_um": 0.6562725,
          "spectral_mode": "monochromatic"
        }
      },
      {
        "metric": "rms_spot_um",
        "field": 2,
        "wavelength": 1,
        "unit": "um",
        "value": 29.24362575453508,
        "settings": {
          "reference": "centroid",
          "ray_density": 8,
          "native_analysis": "StandardSpot",
          "ray_check_count": 17,
          "field": 2,
          "field_xy_deg": [
            0.0,
            3.0
          ],
          "wavelength": 1,
          "wavelength_um": 0.4861327,
          "spectral_mode": "monochromatic"
        }
      },
      {
        "metric": "rms_spot_um",
        "field": 2,
        "wavelength": 2,
        "unit": "um",
        "value": 22.755324984242645,
        "settings": {
          "reference": "centroid",
          "ray_density": 8,
          "native_analysis": "StandardSpot",
          "ray_check_count": 17,
          "field": 2,
          "field_xy_deg": [
            0.0,
            3.0
          ],
          "wavelength": 2,
          "wavelength_um": 0.55,
          "spectral_mode": "monochromatic"
        }
      },
      {
        "metric": "rms_spot_um",
        "field": 2,
        "wavelength": 3,
        "unit": "um",
        "value": 43.194981942541574,
        "settings": {
          "reference": "centroid",
          "ray_density": 8,
          "native_analysis": "StandardSpot",
          "ray_check_count": 17,
          "field": 2,
          "field_xy_deg": [
            0.0,
            3.0
          ],
          "wavelength": 3,
          "wavelength_um": 0.6562725,
          "spectral_mode": "monochromatic"
        }
      },
      {
        "metric": "rms_spot_um",
        "field": 3,
        "wavelength": 1,
        "unit": "um",
        "value": 67.93188848798773,
        "settings": {
          "reference": "centroid",
          "ray_density": 8,
          "native_analysis": "StandardSpot",
          "ray_check_count": 17,
          "field": 3,
          "field_xy_deg": [
            0.0,
            6.0
          ],
          "wavelength": 1,
          "wavelength_um": 0.4861327,
          "spectral_mode": "monochromatic"
        }
      },
      {
        "metric": "rms_spot_um",
        "field": 3,
        "wavelength": 2,
        "unit": "um",
        "value": 47.02442031082044,
        "settings": {
          "reference": "centroid",
          "ray_density": 8,
          "native_analysis": "StandardSpot",
          "ray_check_count": 17,
          "field": 3,
          "field_xy_deg": [
            0.0,
            6.0
          ],
          "wavelength": 2,
          "wavelength_um": 0.55,
          "spectral_mode": "monochromatic"
        }
      },
      {
        "metric": "rms_spot_um",
        "field": 3,
        "wavelength": 3,
        "unit": "um",
        "value": 36.59216825761116,
        "settings": {
          "reference": "centroid",
          "ray_density": 8,
          "native_analysis": "StandardSpot",
          "ray_check_count": 17,
          "field": 3,
          "field_xy_deg": [
            0.0,
            6.0
          ],
          "wavelength": 3,
          "wavelength_um": 0.6562725,
          "spectral_mode": "monochromatic"
        }
      }
    ],
    "assessment": {
      "passes": true,
      "requirements": [
        {
          "id": "focal-length",
          "key": "efl_mm",
          "requirement": {
            "id": "focal-length",
            "metric": "efl_mm",
            "unit": "mm",
            "min": 48,
            "max": 52
          },
          "status": "pass",
          "value": 49.99615696660989,
          "unit": "mm"
        },
        {
          "id": "track",
          "key": "total_track_mm",
          "requirement": {
            "id": "track",
            "metric": "total_track_mm",
            "unit": "mm",
            "max": 65
          },
          "status": "pass",
          "value": 52.5,
          "unit": "mm"
        },
        {
          "id": "spot-1-1",
          "key": "rms_spot_um|f=1|w=1",
          "requirement": {
            "metric": "rms_spot_um",
            "field": 1,
            "wavelength": 1,
            "unit": "um",
            "id": "spot-1-1",
            "max": 120
          },
          "status": "pass",
          "value": 17.33007662329914,
          "unit": "um"
        },
        {
          "id": "spot-1-2",
          "key": "rms_spot_um|f=1|w=2",
          "requirement": {
            "metric": "rms_spot_um",
            "field": 1,
            "wavelength": 2,
            "unit": "um",
            "id": "spot-1-2",
            "max": 120
          },
          "status": "pass",
          "value": 25.229580473771126,
          "unit": "um"
        },
        {
          "id": "spot-1-3",
          "key": "rms_spot_um|f=1|w=3",
          "requirement": {
            "metric": "rms_spot_um",
            "field": 1,
            "wavelength": 3,
            "unit": "um",
            "id": "spot-1-3",
            "max": 120
          },
          "status": "pass",
          "value": 52.04165060335828,
          "unit": "um"
        },
        {
          "id": "spot-2-1",
          "key": "rms_spot_um|f=2|w=1",
          "requirement": {
            "metric": "rms_spot_um",
            "field": 2,
            "wavelength": 1,
            "unit": "um",
            "id": "spot-2-1",
            "max": 120
          },
          "status": "pass",
          "value": 29.24362575453508,
          "unit": "um"
        },
        {
          "id": "spot-2-2",
          "key": "rms_spot_um|f=2|w=2",
          "requirement": {
            "metric": "rms_spot_um",
            "field": 2,
            "wavelength": 2,
            "unit": "um",
            "id": "spot-2-2",
            "max": 120
          },
          "status": "pass",
          "value": 22.755324984242645,
          "unit": "um"
        },
        {
          "id": "spot-2-3",
          "key": "rms_spot_um|f=2|w=3",
          "requirement": {
            "metric": "rms_spot_um",
            "field": 2,
            "wavelength": 3,
            "unit": "um",
            "id": "spot-2-3",
            "max": 120
          },
          "status": "pass",
          "value": 43.194981942541574,
          "unit": "um"
        },
        {
          "id": "spot-3-1",
          "key": "rms_spot_um|f=3|w=1",
          "requirement": {
            "metric": "rms_spot_um",
            "field": 3,
            "wavelength": 1,
            "unit": "um",
            "id": "spot-3-1",
            "max": 120
          },
          "status": "pass",
          "value": 67.93188848798773,
          "unit": "um"
        },
        {
          "id": "spot-3-2",
          "key": "rms_spot_um|f=3|w=2",
          "requirement": {
            "metric": "rms_spot_um",
            "field": 3,
            "wavelength": 2,
            "unit": "um",
            "id": "spot-3-2",
            "max": 120
          },
          "status": "pass",
          "value": 47.02442031082044,
          "unit": "um"
        },
        {
          "id": "spot-3-3",
          "key": "rms_spot_um|f=3|w=3",
          "requirement": {
            "metric": "rms_spot_um",
            "field": 3,
            "wavelength": 3,
            "unit": "um",
            "id": "spot-3-3",
            "max": 120
          },
          "status": "pass",
          "value": 36.59216825761116,
          "unit": "um"
        }
      ]
    },
    "objective_breakdown": {
      "aggregation": "weighted_rms",
      "direction": "minimize",
      "value": 1.3630495026701037,
      "unit": "1",
      "terms": [
        {
          "metric": "rms_spot_um",
          "field": 1,
          "wavelength": 1,
          "key": "rms_spot_um|f=1|w=1",
          "unit": "um",
          "value": 17.33007662329914,
          "target": 0,
          "scale": 30,
          "weight": 1,
          "normalized_residual": 0.577669220776638,
          "weighted_residual": 0.192556406925546
        },
        {
          "metric": "rms_spot_um",
          "field": 1,
          "wavelength": 2,
          "key": "rms_spot_um|f=1|w=2",
          "unit": "um",
          "value": 25.229580473771126,
          "target": 0,
          "scale": 30,
          "weight": 1,
          "normalized_residual": 0.8409860157923709,
          "weighted_residual": 0.28032867193079025
        },
        {
          "metric": "rms_spot_um",
          "field": 1,
          "wavelength": 3,
          "key": "rms_spot_um|f=1|w=3",
          "unit": "um",
          "value": 52.04165060335828,
          "target": 0,
          "scale": 30,
          "weight": 1,
          "normalized_residual": 1.7347216867786093,
          "weighted_residual": 0.5782405622595364
        },
        {
          "metric": "rms_spot_um",
          "field": 2,
          "wavelength": 1,
          "key": "rms_spot_um|f=2|w=1",
          "unit": "um",
          "value": 29.24362575453508,
          "target": 0,
          "scale": 30,
          "weight": 1,
          "normalized_residual": 0.9747875251511694,
          "weighted_residual": 0.32492917505038976
        },
        {
          "metric": "rms_spot_um",
          "field": 2,
          "wavelength": 2,
          "key": "rms_spot_um|f=2|w=2",
          "unit": "um",
          "value": 22.755324984242645,
          "target": 0,
          "scale": 30,
          "weight": 1,
          "normalized_residual": 0.7585108328080882,
          "weighted_residual": 0.2528369442693627
        },
        {
          "metric": "rms_spot_um",
          "field": 2,
          "wavelength": 3,
          "key": "rms_spot_um|f=2|w=3",
          "unit": "um",
          "value": 43.194981942541574,
          "target": 0,
          "scale": 30,
          "weight": 1,
          "normalized_residual": 1.4398327314180526,
          "weighted_residual": 0.4799442438060175
        },
        {
          "metric": "rms_spot_um",
          "field": 3,
          "wavelength": 1,
          "key": "rms_spot_um|f=3|w=1",
          "unit": "um",
          "value": 67.93188848798773,
          "target": 0,
          "scale": 30,
          "weight": 1,
          "normalized_residual": 2.2643962829329243,
          "weighted_residual": 0.7547987609776414
        },
        {
          "metric": "rms_spot_um",
          "field": 3,
          "wavelength": 2,
          "key": "rms_spot_um|f=3|w=2",
          "unit": "um",
          "value": 47.02442031082044,
          "target": 0,
          "scale": 30,
          "weight": 1,
          "normalized_residual": 1.567480677027348,
          "weighted_residual": 0.522493559009116
        },
        {
          "metric": "rms_spot_um",
          "field": 3,
          "wavelength": 3,
          "key": "rms_spot_um|f=3|w=3",
          "unit": "um",
          "value": 36.59216825761116,
          "target": 0,
          "scale": 30,
          "weight": 1,
          "normalized_residual": 1.2197389419203721,
          "weighted_residual": 0.4065796473067907
        }
      ]
    },
    "objective_value": 1.3630495026701037
  },
  "history": [
    {
      "kind": "baseline",
      "parameters_mm": [
        50.0,
        60.0
      ],
      "inspection": {
        "engine": {
          "name": "OpticStudio",
          "version": "24.1.0",
          "zospy_version": "2.1.5",
          "pythonnet_version": "3.1.0",
          "license": "PremiumEdition"
        },
        "focus_mm": 60.0,
        "image_surface": 3,
        "surfaces": [
          {
            "index": 0,
            "is_image": false,
            "is_stop": false,
            "type": "Standard",
            "radius_mm": "Infinity",
            "thickness_mm": "Infinity",
            "material": "",
            "conic": 0.0,
            "coating": "",
            "tilts": [
              0.0,
              0.0,
              0.0,
              0.0,
              0.0,
              0.0,
              0.0,
              0.0,
              0.0,
              0.0
            ],
            "aperture": "None",
            "semi_diameter_solve": "Automatic",
            "asphere_coefficients": []
          },
          {
            "index": 1,
            "is_image": false,
            "is_stop": true,
            "type": "Standard",
            "radius_mm": 50.0,
            "thickness_mm": 5.0,
            "material": "N-BK7",
            "conic": 0.0,
            "coating": "",
            "tilts": [
              0.0,
              0.0,
              0.0,
              0.0,
              0.0,
              0.0,
              0.0,
              0.0,
              0.0,
              0.0
            ],
            "aperture": "None",
            "semi_diameter_solve": "Automatic",
            "asphere_coefficients": []
          },
          {
            "index": 2,
            "is_image": false,
            "is_stop": false,
            "type": "Standard",
            "radius_mm": -50.0,
            "thickness_mm": 60.0,
            "material": "",
            "conic": 0.0,
            "coating": "",
            "tilts": [
              0.0,
              0.0,
              0.0,
              0.0,
              0.0,
              0.0,
              0.0,
              0.0,
              0.0,
              0.0
            ],
            "aperture": "None",
            "semi_diameter_solve": "Automatic",
            "asphere_coefficients": []
          },
          {
            "index": 3,
            "is_image": true,
            "is_stop": false,
            "type": "Standard",
            "radius_mm": "Infinity",
            "thickness_mm": "Infinity",
            "material": "",
            "conic": 0.0,
            "coating": "",
            "tilts": [
              0.0,
              0.0,
              0.0,
              0.0,
              0.0,
              0.0,
              0.0,
              0.0,
              0.0,
              0.0
            ],
            "aperture": "None",
            "semi_diameter_solve": "Automatic",
            "asphere_coefficients": []
          }
        ],
        "invariants": {
          "surfaces": [
            {
              "index": 0,
              "is_image": false,
              "is_stop": false,
              "type": "Standard",
              "radius_mm": "Infinity",
              "thickness_mm": "Infinity",
              "material": "",
              "conic": 0.0,
              "coating": "",
              "tilts": [
                0.0,
                0.0,
                0.0,
                0.0,
                0.0,
                0.0,
                0.0,
                0.0,
                0.0,
                0.0
              ],
              "aperture": "None",
              "semi_diameter_solve": "Automatic",
              "asphere_coefficients": []
            },
            {
              "index": 1,
              "is_image": false,
              "is_stop": true,
              "type": "Standard",
              "radius_mm": 50.0,
              "thickness_mm": 5.0,
              "material": "N-BK7",
              "conic": 0.0,
              "coating": "",
              "tilts": [
                0.0,
                0.0,
                0.0,
                0.0,
                0.0,
                0.0,
                0.0,
                0.0,
                0.0,
                0.0
              ],
              "aperture": "None",
              "semi_diameter_solve": "Automatic",
              "asphere_coefficients": []
            },
            {
              "index": 2,
              "is_image": false,
              "is_stop": false,
              "type": "Standard",
              "radius_mm": -50.0,
              "material": "",
              "conic": 0.0,
              "coating": "",
              "tilts": [
                0.0,
                0.0,
                0.0,
                0.0,
                0.0,
                0.0,
                0.0,
                0.0,
                0.0,
                0.0
              ],
              "aperture": "None",
              "semi_diameter_solve": "Automatic",
              "asphere_coefficients": []
            },
            {
              "index": 3,
              "is_image": true,
              "is_stop": false,
              "type": "Standard",
              "radius_mm": "Infinity",
              "thickness_mm": "Infinity",
              "material": "",
              "conic": 0.0,
              "coating": "",
              "tilts": [
                0.0,
                0.0,
                0.0,
                0.0,
                0.0,
                0.0,
                0.0,
                0.0,
                0.0,
                0.0
              ],
              "aperture": "None",
              "semi_diameter_solve": "Automatic",
              "asphere_coefficients": []
            }
          ],
          "fields": [
            {
              "index": 1,
              "x_deg": 0.0,
              "y_deg": 0.0,
              "weight": 1.0
            },
            {
              "index": 2,
              "x_deg": 0.0,
              "y_deg": 3.0,
              "weight": 1.0
            },
            {
              "index": 3,
              "x_deg": 0.0,
              "y_deg": 6.0,
              "weight": 1.0
            }
          ],
          "wavelengths": [
            {
              "index": 1,
              "um": 0.4861327,
              "weight": 1.0,
              "primary": false
            },
            {
              "index": 2,
              "um": 0.55,
              "weight": 1.0,
              "primary": true
            },
            {
              "index": 3,
              "um": 0.6562725,
              "weight": 1.0,
              "primary": false
            }
          ],
          "aperture_type": "EntrancePupilDiameter",
          "aperture_mm": 10.0,
          "lens_units": "mm"
        },
        "limits": [
          "Sequential centered Standard conic/EvenAspheric refractive systems; fixed shape coefficients; angle fields; mm; EPD.",
          "Geometric centroid RMS spot and scalar FFT MTF are distinct metrics.",
          "A sparse pupil ray check detects gross failures; it is not a full vignetting analysis."
        ]
      },
      "measurements": [
        {
          "metric": "efl_mm",
          "unit": "mm",
          "value": 49.05139286997028,
          "settings": {
            "wavelength": 2,
            "wavelength_um": 0.55
          }
        },
        {
          "metric": "f_number",
          "unit": "1",
          "value": 4.905139,
          "settings": {
            "wavelength": 2,
            "wavelength_um": 0.55
          }
        },
        {
          "metric": "total_track_mm",
          "unit": "mm",
          "value": 65.0
        },
        {
          "metric": "image_distance_mm",
          "unit": "mm",
          "value": 60.0
        },
        {
          "metric": "rms_spot_um",
          "field": 1,
          "wavelength": 1,
          "unit": "um",
          "value": 1054.5131394052605,
          "settings": {
            "reference": "centroid",
            "ray_density": 8,
            "native_analysis": "StandardSpot",
            "ray_check_count": 17,
            "field": 1,
            "field_xy_deg": [
              0.0,
              0.0
            ],
            "wavelength": 1,
            "wavelength_um": 0.4861327,
            "spectral_mode": "monochromatic"
          }
        },
        {
          "metric": "rms_spot_um",
          "field": 1,
          "wavelength": 2,
          "unit": "um",
          "value": 1019.4358098139644,
          "settings": {
            "reference": "centroid",
            "ray_density": 8,
            "native_analysis": "StandardSpot",
            "ray_check_count": 17,
            "field": 1,
            "field_xy_deg": [
              0.0,
              0.0
            ],
            "wavelength": 2,
            "wavelength_um": 0.55,
            "spectral_mode": "monochromatic"
          }
        },
        {
          "metric": "rms_spot_um",
          "field": 1,
          "wavelength": 3,
          "unit": "um",
          "value": 981.2093888548225,
          "settings": {
            "reference": "centroid",
            "ray_density": 8,
            "native_analysis": "StandardSpot",
            "ray_check_count": 17,
            "field": 1,
            "field_xy_deg": [
              0.0,
              0.0
            ],
            "wavelength": 3,
            "wavelength_um": 0.6562725,
            "spectral_mode": "monochromatic"
          }
        },
        {
          "metric": "rms_spot_um",
          "field": 2,
          "wavelength": 1,
          "unit": "um",
          "value": 1070.3894447065509,
          "settings": {
            "reference": "centroid",
            "ray_density": 8,
            "native_analysis": "StandardSpot",
            "ray_check_count": 17,
            "field": 2,
            "field_xy_deg": [
              0.0,
              3.0
            ],
            "wavelength": 1,
            "wavelength_um": 0.4861327,
            "spectral_mode": "monochromatic"
          }
        },
        {
          "metric": "rms_spot_um",
          "field": 2,
          "wavelength": 2,
          "unit": "um",
          "value": 1035.208364534405,
          "settings": {
            "reference": "centroid",
            "ray_density": 8,
            "native_analysis": "StandardSpot",
            "ray_check_count": 17,
            "field": 2,
            "field_xy_deg": [
              0.0,
              3.0
            ],
            "wavelength": 2,
            "wavelength_um": 0.55,
            "spectral_mode": "monochromatic"
          }
        },
        {
          "metric": "rms_spot_um",
          "field": 2,
          "wavelength": 3,
          "unit": "um",
          "value": 996.8690022737399,
          "settings": {
            "reference": "centroid",
            "ray_density": 8,
            "native_analysis": "StandardSpot",
            "ray_check_count": 17,
            "field": 2,
            "field_xy_deg": [
              0.0,
              3.0
            ],
            "wavelength": 3,
            "wavelength_um": 0.6562725,
            "spectral_mode": "monochromatic"
          }
        },
        {
          "metric": "rms_spot_um",
          "field": 3,
          "wavelength": 1,
          "unit": "um",
          "value": 1118.5871261645332,
          "settings": {
            "reference": "centroid",
            "ray_density": 8,
            "native_analysis": "StandardSpot",
            "ray_check_count": 17,
            "field": 3,
            "field_xy_deg": [
              0.0,
              6.0
            ],
            "wavelength": 1,
            "wavelength_um": 0.4861327,
            "spectral_mode": "monochromatic"
          }
        },
        {
          "metric": "rms_spot_um",
          "field": 3,
          "wavelength": 2,
          "unit": "um",
          "value": 1083.0945611444138,
          "settings": {
            "reference": "centroid",
            "ray_density": 8,
            "native_analysis": "StandardSpot",
            "ray_check_count": 17,
            "field": 3,
            "field_xy_deg": [
              0.0,
              6.0
            ],
            "wavelength": 2,
            "wavelength_um": 0.55,
            "spectral_mode": "monochromatic"
          }
        },
        {
          "metric": "rms_spot_um",
          "field": 3,
          "wavelength": 3,
          "unit": "um",
          "value": 1044.4163090912377,
          "settings": {
            "reference": "centroid",
            "ray_density": 8,
            "native_analysis": "StandardSpot",
            "ray_check_count": 17,
            "field": 3,
            "field_xy_deg": [
              0.0,
              6.0
            ],
            "wavelength": 3,
            "wavelength_um": 0.6562725,
            "spectral_mode": "monochromatic"
          }
        }
      ],
      "assessment": {
        "passes": false,
        "requirements": [
          {
            "id": "focal-length",
            "key": "efl_mm",
            "requirement": {
              "id": "focal-length",
              "metric": "efl_mm",
              "unit": "mm",
              "min": 48,
              "max": 52
            },
            "status": "pass",
            "value": 49.05139286997028,
            "unit": "mm"
          },
          {
            "id": "track",
            "key": "total_track_mm",
            "requirement": {
              "id": "track",
              "metric": "total_track_mm",
              "unit": "mm",
              "max": 65
            },
            "status": "pass",
            "value": 65.0,
            "unit": "mm"
          },
          {
            "id": "spot-1-1",
            "key": "rms_spot_um|f=1|w=1",
            "requirement": {
              "metric": "rms_spot_um",
              "field": 1,
              "wavelength": 1,
              "unit": "um",
              "id": "spot-1-1",
              "max": 120
            },
            "status": "fail",
            "value": 1054.5131394052605,
            "unit": "um"
          },
          {
            "id": "spot-1-2",
            "key": "rms_spot_um|f=1|w=2",
            "requirement": {
              "metric": "rms_spot_um",
              "field": 1,
              "wavelength": 2,
              "unit": "um",
              "id": "spot-1-2",
              "max": 120
            },
            "status": "fail",
            "value": 1019.4358098139644,
            "unit": "um"
          },
          {
            "id": "spot-1-3",
            "key": "rms_spot_um|f=1|w=3",
            "requirement": {
              "metric": "rms_spot_um",
              "field": 1,
              "wavelength": 3,
              "unit": "um",
              "id": "spot-1-3",
              "max": 120
            },
            "status": "fail",
            "value": 981.2093888548225,
            "unit": "um"
          },
          {
            "id": "spot-2-1",
            "key": "rms_spot_um|f=2|w=1",
            "requirement": {
              "metric": "rms_spot_um",
              "field": 2,
              "wavelength": 1,
              "unit": "um",
              "id": "spot-2-1",
              "max": 120
            },
            "status": "fail",
            "value": 1070.3894447065509,
            "unit": "um"
          },
          {
            "id": "spot-2-2",
            "key": "rms_spot_um|f=2|w=2",
            "requirement": {
              "metric": "rms_spot_um",
              "field": 2,
              "wavelength": 2,
              "unit": "um",
              "id": "spot-2-2",
              "max": 120
            },
            "status": "fail",
            "value": 1035.208364534405,
            "unit": "um"
          },
          {
            "id": "spot-2-3",
            "key": "rms_spot_um|f=2|w=3",
            "requirement": {
              "metric": "rms_spot_um",
              "field": 2,
              "wavelength": 3,
              "unit": "um",
              "id": "spot-2-3",
              "max": 120
            },
            "status": "fail",
            "value": 996.8690022737399,
            "unit": "um"
          },
          {
            "id": "spot-3-1",
            "key": "rms_spot_um|f=3|w=1",
            "requirement": {
              "metric": "rms_spot_um",
              "field": 3,
              "wavelength": 1,
              "unit": "um",
              "id": "spot-3-1",
              "max": 120
            },
            "status": "fail",
            "value": 1118.5871261645332,
            "unit": "um"
          },
          {
            "id": "spot-3-2",
            "key": "rms_spot_um|f=3|w=2",
            "requirement": {
              "metric": "rms_spot_um",
              "field": 3,
              "wavelength": 2,
              "unit": "um",
              "id": "spot-3-2",
              "max": 120
            },
            "status": "fail",
            "value": 1083.0945611444138,
            "unit": "um"
          },
          {
            "id": "spot-3-3",
            "key": "rms_spot_um|f=3|w=3",
            "requirement": {
              "metric": "rms_spot_um",
              "field": 3,
              "wavelength": 3,
              "unit": "um",
              "id": "spot-3-3",
              "max": 120
            },
            "status": "fail",
            "value": 1044.4163090912377,
            "unit": "um"
          }
        ]
      },
      "objective_breakdown": {
        "aggregation": "weighted_rms",
        "direction": "minimize",
        "value": 34.85471316096606,
        "unit": "1",
        "terms": [
          {
            "metric": "rms_spot_um",
            "field": 1,
            "wavelength": 1,
            "key": "rms_spot_um|f=1|w=1",
            "unit": "um",
            "value": 1054.5131394052605,
            "target": 0,
            "scale": 30,
            "weight": 1,
            "normalized_residual": 35.15043798017535,
            "weighted_residual": 11.716812660058448
          },
          {
            "metric": "rms_spot_um",
            "field": 1,
            "wavelength": 2,
            "key": "rms_spot_um|f=1|w=2",
            "unit": "um",
            "value": 1019.4358098139644,
            "target": 0,
            "scale": 30,
            "weight": 1,
            "normalized_residual": 33.98119366046548,
            "weighted_residual": 11.327064553488492
          },
          {
            "metric": "rms_spot_um",
            "field": 1,
            "wavelength": 3,
            "key": "rms_spot_um|f=1|w=3",
            "unit": "um",
            "value": 981.2093888548225,
            "target": 0,
            "scale": 30,
            "weight": 1,
            "normalized_residual": 32.70697962849408,
            "weighted_residual": 10.90232654283136
          },
          {
            "metric": "rms_spot_um",
            "field": 2,
            "wavelength": 1,
            "key": "rms_spot_um|f=2|w=1",
            "unit": "um",
            "value": 1070.3894447065509,
            "target": 0,
            "scale": 30,
            "weight": 1,
            "normalized_residual": 35.67964815688503,
            "weighted_residual": 11.89321605229501
          },
          {
            "metric": "rms_spot_um",
            "field": 2,
            "wavelength": 2,
            "key": "rms_spot_um|f=2|w=2",
            "unit": "um",
            "value": 1035.208364534405,
            "target": 0,
            "scale": 30,
            "weight": 1,
            "normalized_residual": 34.50694548448017,
            "weighted_residual": 11.502315161493389
          },
          {
            "metric": "rms_spot_um",
            "field": 2,
            "wavelength": 3,
            "key": "rms_spot_um|f=2|w=3",
            "unit": "um",
            "value": 996.8690022737399,
            "target": 0,
            "scale": 30,
            "weight": 1,
            "normalized_residual": 33.22896674245799,
            "weighted_residual": 11.076322247485997
          },
          {
            "metric": "rms_spot_um",
            "field": 3,
            "wavelength": 1,
            "key": "rms_spot_um|f=3|w=1",
            "unit": "um",
            "value": 1118.5871261645332,
            "target": 0,
            "scale": 30,
            "weight": 1,
            "normalized_residual": 37.28623753881777,
            "weighted_residual": 12.42874584627259
          },
          {
            "metric": "rms_spot_um",
            "field": 3,
            "wavelength": 2,
            "key": "rms_spot_um|f=3|w=2",
            "unit": "um",
            "value": 1083.0945611444138,
            "target": 0,
            "scale": 30,
            "weight": 1,
            "normalized_residual": 36.10315203814712,
            "weighted_residual": 12.034384012715707
          },
          {
            "metric": "rms_spot_um",
            "field": 3,
            "wavelength": 3,
            "key": "rms_spot_um|f=3|w=3",
            "unit": "um",
            "value": 1044.4163090912377,
            "target": 0,
            "scale": 30,
            "weight": 1,
            "normalized_residual": 34.81387696970793,
            "weighted_residual": 11.604625656569308
          }
        ]
      },
      "objective_value": 34.85471316096606
    },
    {
      "kind": "search",
      "parameters_mm": [
        50.0,
        51.0
      ],
      "inspection": {
        "engine": {
          "name": "OpticStudio",
          "version": "24.1.0",
          "zospy_version": "2.1.5",
          "pythonnet_version": "3.1.0",
          "license": "PremiumEdition"
        },
        "focus_mm": 51.0,
        "image_surface": 3,
        "surfaces": [
          {
            "index": 0,
            "is_image": false,
            "is_stop": false,
            "type": "Standard",
            "radius_mm": "Infinity",
            "thickness_mm": "Infinity",
            "material": "",
            "conic": 0.0,
            "coating": "",
            "tilts": [
              0.0,
              0.0,
              0.0,
              0.0,
              0.0,
              0.0,
              0.0,
              0.0,
              0.0,
              0.0
            ],
            "aperture": "None",
            "semi_diameter_solve": "Automatic",
            "asphere_coefficients": []
          },
          {
            "index": 1,
            "is_image": false,
            "is_stop": true,
            "type": "Standard",
            "radius_mm": 50.0,
            "thickness_mm": 5.0,
            "material": "N-BK7",
            "conic": 0.0,
            "coating": "",
            "tilts": [
              0.0,
              0.0,
              0.0,
              0.0,
              0.0,
              0.0,
              0.0,
              0.0,
              0.0,
              0.0
            ],
            "aperture": "None",
            "semi_diameter_solve": "Automatic",
            "asphere_coefficients": []
          },
          {
            "index": 2,
            "is_image": false,
            "is_stop": false,
            "type": "Standard",
            "radius_mm": -50.0,
            "thickness_mm": 51.0,
            "material": "",
            "conic": 0.0,
            "coating": "",
            "tilts": [
              0.0,
              0.0,
              0.0,
              0.0,
              0.0,
              0.0,
              0.0,
              0.0,
              0.0,
              0.0
            ],
            "aperture": "None",
            "semi_diameter_solve": "Automatic",
            "asphere_coefficients": []
          },
          {
            "index": 3,
            "is_image": true,
            "is_stop": false,
            "type": "Standard",
            "radius_mm": "Infinity",
            "thickness_mm": "Infinity",
            "material": "",
            "conic": 0.0,
            "coating": "",
            "tilts": [
              0.0,
              0.0,
              0.0,
              0.0,
              0.0,
              0.0,
              0.0,
              0.0,
              0.0,
              0.0
            ],
            "aperture": "None",
            "semi_diameter_solve": "Automatic",
            "asphere_coefficients": []
          }
        ],
        "invariants": {
          "surfaces": [
            {
              "index": 0,
              "is_image": false,
              "is_stop": false,
              "type": "Standard",
              "radius_mm": "Infinity",
              "thickness_mm": "Infinity",
              "material": "",
              "conic": 0.0,
              "coating": "",
              "tilts": [
                0.0,
                0.0,
                0.0,
                0.0,
                0.0,
                0.0,
                0.0,
                0.0,
                0.0,
                0.0
              ],
              "aperture": "None",
              "semi_diameter_solve": "Automatic",
              "asphere_coefficients": []
            },
            {
              "index": 1,
              "is_image": false,
              "is_stop": true,
              "type": "Standard",
              "radius_mm": 50.0,
              "thickness_mm": 5.0,
              "material": "N-BK7",
              "conic": 0.0,
              "coating": "",
              "tilts": [
                0.0,
                0.0,
                0.0,
                0.0,
                0.0,
                0.0,
                0.0,
                0.0,
                0.0,
                0.0
              ],
              "aperture": "None",
              "semi_diameter_solve": "Automatic",
              "asphere_coefficients": []
            },
            {
              "index": 2,
              "is_image": false,
              "is_stop": false,
              "type": "Standard",
              "radius_mm": -50.0,
              "material": "",
              "conic": 0.0,
              "coating": "",
              "tilts": [
                0.0,
                0.0,
                0.0,
                0.0,
                0.0,
                0.0,
                0.0,
                0.0,
                0.0,
                0.0
              ],
              "aperture": "None",
              "semi_diameter_solve": "Automatic",
              "asphere_coefficients": []
            },
            {
              "index": 3,
              "is_image": true,
              "is_stop": false,
              "type": "Standard",
              "radius_mm": "Infinity",
              "thickness_mm": "Infinity",
              "material": "",
              "conic": 0.0,
              "coating": "",
              "tilts": [
                0.0,
                0.0,
                0.0,
                0.0,
                0.0,
                0.0,
                0.0,
                0.0,
                0.0,
                0.0
              ],
              "aperture": "None",
              "semi_diameter_solve": "Automatic",
              "asphere_coefficients": []
            }
          ],
          "fields": [
            {
              "index": 1,
              "x_deg": 0.0,
              "y_deg": 0.0,
              "weight": 1.0
            },
            {
              "index": 2,
              "x_deg": 0.0,
              "y_deg": 3.0,
              "weight": 1.0
            },
            {
              "index": 3,
              "x_deg": 0.0,
              "y_deg": 6.0,
              "weight": 1.0
            }
          ],
          "wavelengths": [
            {
              "index": 1,
              "um": 0.4861327,
              "weight": 1.0,
              "primary": false
            },
            {
              "index": 2,
              "um": 0.55,
              "weight": 1.0,
              "primary": true
            },
            {
              "index": 3,
              "um": 0.6562725,
              "weight": 1.0,
              "primary": false
            }
          ],
          "aperture_type": "EntrancePupilDiameter",
          "aperture_mm": 10.0,
          "lens_units": "mm"
        },
        "limits": [
          "Sequential centered Standard conic/EvenAspheric refractive systems; fixed shape coefficients; angle fields; mm; EPD.",
          "Geometric centroid RMS spot and scalar FFT MTF are distinct metrics.",
          "A sparse pupil ray check detects gross failures; it is not a full vignetting analysis."
        ]
      },
      "measurements": [
        {
          "metric": "efl_mm",
          "unit": "mm",
          "value": 49.05139286997028,
          "settings": {
            "wavelength": 2,
            "wavelength_um": 0.55
          }
        },
        {
          "metric": "f_number",
          "unit": "1",
          "value": 4.905139,
          "settings": {
            "wavelength": 2,
            "wavelength_um": 0.55
          }
        },
        {
          "metric": "total_track_mm",
          "unit": "mm",
          "value": 56.0
        },
        {
          "metric": "image_distance_mm",
          "unit": "mm",
          "value": 51.0
        },
        {
          "metric": "rms_spot_um",
          "field": 1,
          "wavelength": 1,
          "unit": "um",
          "value": 355.35120565729403,
          "settings": {
            "reference": "centroid",
            "ray_density": 8,
            "native_analysis": "StandardSpot",
            "ray_check_count": 17,
            "field": 1,
            "field_xy_deg": [
              0.0,
              0.0
            ],
            "wavelength": 1,
            "wavelength_um": 0.4861327,
            "spectral_mode": "monochromatic"
          }
        },
        {
          "metric": "rms_spot_um",
          "field": 1,
          "wavelength": 2,
          "unit": "um",
          "value": 325.4585942284683,
          "settings": {
            "reference": "centroid",
            "ray_density": 8,
            "native_analysis": "StandardSpot",
            "ray_check_count": 17,
            "field": 1,
            "field_xy_deg": [
              0.0,
              0.0
            ],
            "wavelength": 2,
            "wavelength_um": 0.55,
            "spectral_mode": "monochromatic"
          }
        },
        {
          "metric": "rms_spot_um",
          "field": 1,
          "wavelength": 3,
          "unit": "um",
          "value": 292.8879799756059,
          "settings": {
            "reference": "centroid",
            "ray_density": 8,
            "native_analysis": "StandardSpot",
            "ray_check_count": 17,
            "field": 1,
            "field_xy_deg": [
              0.0,
              0.0
            ],
            "wavelength": 3,
            "wavelength_um": 0.6562725,
            "spectral_mode": "monochromatic"
          }
        },
        {
          "metric": "rms_spot_um",
          "field": 2,
          "wavelength": 1,
          "unit": "um",
          "value": 369.0770991945045,
          "settings": {
            "reference": "centroid",
            "ray_density": 8,
            "native_analysis": "StandardSpot",
            "ray_check_count": 17,
            "field": 2,
            "field_xy_deg": [
              0.0,
              3.0
            ],
            "wavelength": 1,
            "wavelength_um": 0.4861327,
            "spectral_mode": "monochromatic"
          }
        },
        {
          "metric": "rms_spot_um",
          "field": 2,
          "wavelength": 2,
          "unit": "um",
          "value": 339.11435787693864,
          "settings": {
            "reference": "centroid",
            "ray_density": 8,
            "native_analysis": "StandardSpot",
            "ray_check_count": 17,
            "field": 2,
            "field_xy_deg": [
              0.0,
              3.0
            ],
            "wavelength": 2,
            "wavelength_um": 0.55,
            "spectral_mode": "monochromatic"
          }
        },
        {
          "metric": "rms_spot_um",
          "field": 2,
          "wavelength": 3,
          "unit": "um",
          "value": 306.47147756102544,
          "settings": {
            "reference": "centroid",
            "ray_density": 8,
            "native_analysis": "StandardSpot",
            "ray_check_count": 17,
            "field": 2,
            "field_xy_deg": [
              0.0,
              3.0
            ],
            "wavelength": 3,
            "wavelength_um": 0.6562725,
            "spectral_mode": "monochromatic"
          }
        },
        {
          "metric": "rms_spot_um",
          "field": 3,
          "wavelength": 1,
          "unit": "um",
          "value": 410.8476552203001,
          "settings": {
            "reference": "centroid",
            "ray_density": 8,
            "native_analysis": "StandardSpot",
            "ray_check_count": 17,
            "field": 3,
            "field_xy_deg": [
              0.0,
              6.0
            ],
            "wavelength": 1,
            "wavelength_um": 0.4861327,
            "spectral_mode": "monochromatic"
          }
        },
        {
          "metric": "rms_spot_um",
          "field": 3,
          "wavelength": 2,
          "unit": "um",
          "value": 380.6784315583559,
          "settings": {
            "reference": "centroid",
            "ray_density": 8,
            "native_analysis": "StandardSpot",
            "ray_check_count": 17,
            "field": 3,
            "field_xy_deg": [
              0.0,
              6.0
            ],
            "wavelength": 2,
            "wavelength_um": 0.55,
            "spectral_mode": "monochromatic"
          }
        },
        {
          "metric": "rms_spot_um",
          "field": 3,
          "wavelength": 3,
          "unit": "um",
          "value": 347.82240277221746,
          "settings": {
            "reference": "centroid",
            "ray_density": 8,
            "native_analysis": "StandardSpot",
            "ray_check_count": 17,
            "field": 3,
            "field_xy_deg": [
              0.0,
              6.0
            ],
            "wavelength": 3,
            "wavelength_um": 0.6562725,
            "spectral_mode": "monochromatic"
          }
        }
      ],
      "assessment": {
        "passes": false,
        "requirements": [
          {
            "id": "focal-length",
            "key": "efl_mm",
            "requirement": {
              "id": "focal-length",
              "metric": "efl_mm",
              "unit": "mm",
              "min": 48,
              "max": 52
            },
            "status": "pass",
            "value": 49.05139286997028,
            "unit": "mm"
          },
          {
            "id": "track",
            "key": "total_track_mm",
            "requirement": {
              "id": "track",
              "metric": "total_track_mm",
              "unit": "mm",
              "max": 65
            },
            "status": "pass",
            "value": 56.0,
            "unit": "mm"
          },
          {
            "id": "spot-1-1",
            "key": "rms_spot_um|f=1|w=1",
            "requirement": {
              "metric": "rms_spot_um",
              "field": 1,
              "wavelength": 1,
              "unit": "um",
              "id": "spot-1-1",
              "max": 120
            },
            "status": "fail",
            "value": 355.35120565729403,
            "unit": "um"
          },
          {
            "id": "spot-1-2",
            "key": "rms_spot_um|f=1|w=2",
            "requirement": {
              "metric": "rms_spot_um",
              "field": 1,
              "wavelength": 2,
              "unit": "um",
              "id": "spot-1-2",
              "max": 120
            },
            "status": "fail",
            "value": 325.4585942284683,
            "unit": "um"
          },
          {
            "id": "spot-1-3",
            "key": "rms_spot_um|f=1|w=3",
            "requirement": {
              "metric": "rms_spot_um",
              "field": 1,
              "wavelength": 3,
              "unit": "um",
              "id": "spot-1-3",
              "max": 120
            },
            "status": "fail",
            "value": 292.8879799756059,
            "unit": "um"
          },
          {
            "id": "spot-2-1",
            "key": "rms_spot_um|f=2|w=1",
            "requirement": {
              "metric": "rms_spot_um",
              "field": 2,
              "wavelength": 1,
              "unit": "um",
              "id": "spot-2-1",
              "max": 120
            },
            "status": "fail",
            "value": 369.0770991945045,
            "unit": "um"
          },
          {
            "id": "spot-2-2",
            "key": "rms_spot_um|f=2|w=2",
            "requirement": {
              "metric": "rms_spot_um",
              "field": 2,
              "wavelength": 2,
              "unit": "um",
              "id": "spot-2-2",
              "max": 120
            },
            "status": "fail",
            "value": 339.11435787693864,
            "unit": "um"
          },
          {
            "id": "spot-2-3",
            "key": "rms_spot_um|f=2|w=3",
            "requirement": {
              "metric": "rms_spot_um",
              "field": 2,
              "wavelength": 3,
              "unit": "um",
              "id": "spot-2-3",
              "max": 120
            },
            "status": "fail",
            "value": 306.47147756102544,
            "unit": "um"
          },
          {
            "id": "spot-3-1",
            "key": "rms_spot_um|f=3|w=1",
            "requirement": {
              "metric": "rms_spot_um",
              "field": 3,
              "wavelength": 1,
              "unit": "um",
              "id": "spot-3-1",
              "max": 120
            },
            "status": "fail",
            "value": 410.8476552203001,
            "unit": "um"
          },
          {
            "id": "spot-3-2",
            "key": "rms_spot_um|f=3|w=2",
            "requirement": {
              "metric": "rms_spot_um",
              "field": 3,
              "wavelength": 2,
              "unit": "um",
              "id": "spot-3-2",
              "max": 120
            },
            "status": "fail",
            "value": 380.6784315583559,
            "unit": "um"
          },
          {
            "id": "spot-3-3",
            "key": "rms_spot_um|f=3|w=3",
            "requirement": {
              "metric": "rms_spot_um",
              "field": 3,
              "wavelength": 3,
              "unit": "um",
              "id": "spot-3-3",
              "max": 120
            },
            "status": "fail",
            "value": 347.82240277221746,
            "unit": "um"
          }
        ]
      },
      "objective_breakdown": {
        "aggregation": "weighted_rms",
        "direction": "minimize",
        "value": 11.64185007190824,
        "unit": "1",
        "terms": [
          {
            "metric": "rms_spot_um",
            "field": 1,
            "wavelength": 1,
            "key": "rms_spot_um|f=1|w=1",
            "unit": "um",
            "value": 355.35120565729403,
            "target": 0,
            "scale": 30,
            "weight": 1,
            "normalized_residual": 11.845040188576467,
            "weighted_residual": 3.948346729525489
          },
          {
            "metric": "rms_spot_um",
            "field": 1,
            "wavelength": 2,
            "key": "rms_spot_um|f=1|w=2",
            "unit": "um",
            "value": 325.4585942284683,
            "target": 0,
            "scale": 30,
            "weight": 1,
            "normalized_residual": 10.848619807615611,
            "weighted_residual": 3.616206602538537
          },
          {
            "metric": "rms_spot_um",
            "field": 1,
            "wavelength": 3,
            "key": "rms_spot_um|f=1|w=3",
            "unit": "um",
            "value": 292.8879799756059,
            "target": 0,
            "scale": 30,
            "weight": 1,
            "normalized_residual": 9.76293266585353,
            "weighted_residual": 3.254310888617843
          },
          {
            "metric": "rms_spot_um",
            "field": 2,
            "wavelength": 1,
            "key": "rms_spot_um|f=2|w=1",
            "unit": "um",
            "value": 369.0770991945045,
            "target": 0,
            "scale": 30,
            "weight": 1,
            "normalized_residual": 12.30256997315015,
            "weighted_residual": 4.100856657716717
          },
          {
            "metric": "rms_spot_um",
            "field": 2,
            "wavelength": 2,
            "key": "rms_spot_um|f=2|w=2",
            "unit": "um",
            "value": 339.11435787693864,
            "target": 0,
            "scale": 30,
            "weight": 1,
            "normalized_residual": 11.303811929231289,
            "weighted_residual": 3.767937309743763
          },
          {
            "metric": "rms_spot_um",
            "field": 2,
            "wavelength": 3,
            "key": "rms_spot_um|f=2|w=3",
            "unit": "um",
            "value": 306.47147756102544,
            "target": 0,
            "scale": 30,
            "weight": 1,
            "normalized_residual": 10.215715918700848,
            "weighted_residual": 3.4052386395669494
          },
          {
            "metric": "rms_spot_um",
            "field": 3,
            "wavelength": 1,
            "key": "rms_spot_um|f=3|w=1",
            "unit": "um",
            "value": 410.8476552203001,
            "target": 0,
            "scale": 30,
            "weight": 1,
            "normalized_residual": 13.69492184067667,
            "weighted_residual": 4.5649739468922235
          },
          {
            "metric": "rms_spot_um",
            "field": 3,
            "wavelength": 2,
            "key": "rms_spot_um|f=3|w=2",
            "unit": "um",
            "value": 380.6784315583559,
            "target": 0,
            "scale": 30,
            "weight": 1,
            "normalized_residual": 12.689281051945196,
            "weighted_residual": 4.229760350648398
          },
          {
            "metric": "rms_spot_um",
            "field": 3,
            "wavelength": 3,
            "key": "rms_spot_um|f=3|w=3",
            "unit": "um",
            "value": 347.82240277221746,
            "target": 0,
            "scale": 30,
            "weight": 1,
            "normalized_residual": 11.594080092407248,
            "weighted_residual": 3.864693364135749
          }
        ]
      },
      "objective_value": 11.64185007190824
    },
    {
      "kind": "search",
      "parameters_mm": [
        50.0,
        47.5
      ],
      "inspection": {
        "engine": {
          "name": "OpticStudio",
          "version": "24.1.0",
          "zospy_version": "2.1.5",
          "pythonnet_version": "3.1.0",
          "license": "PremiumEdition"
        },
        "focus_mm": 47.5,
        "image_surface": 3,
        "surfaces": [
          {
            "index": 0,
            "is_image": false,
            "is_stop": false,
            "type": "Standard",
            "radius_mm": "Infinity",
            "thickness_mm": "Infinity",
            "material": "",
            "conic": 0.0,
            "coating": "",
            "tilts": [
              0.0,
              0.0,
              0.0,
              0.0,
              0.0,
              0.0,
              0.0,
              0.0,
              0.0,
              0.0
            ],
            "aperture": "None",
            "semi_diameter_solve": "Automatic",
            "asphere_coefficients": []
          },
          {
            "index": 1,
            "is_image": false,
            "is_stop": true,
            "type": "Standard",
            "radius_mm": 50.0,
            "thickness_mm": 5.0,
            "material": "N-BK7",
            "conic": 0.0,
            "coating": "",
            "tilts": [
              0.0,
              0.0,
              0.0,
              0.0,
              0.0,
              0.0,
              0.0,
              0.0,
              0.0,
              0.0
            ],
            "aperture": "None",
            "semi_diameter_solve": "Automatic",
            "asphere_coefficients": []
          },
          {
            "index": 2,
            "is_image": false,
            "is_stop": false,
            "type": "Standard",
            "radius_mm": -50.0,
            "thickness_mm": 47.5,
            "material": "",
            "conic": 0.0,
            "coating": "",
            "tilts": [
              0.0,
              0.0,
              0.0,
              0.0,
              0.0,
              0.0,
              0.0,
              0.0,
              0.0,
              0.0
            ],
            "aperture": "None",
            "semi_diameter_solve": "Automatic",
            "asphere_coefficients": []
          },
          {
            "index": 3,
            "is_image": true,
            "is_stop": false,
            "type": "Standard",
            "radius_mm": "Infinity",
            "thickness_mm": "Infinity",
            "material": "",
            "conic": 0.0,
            "coating": "",
            "tilts": [
              0.0,
              0.0,
              0.0,
              0.0,
              0.0,
              0.0,
              0.0,
              0.0,
              0.0,
              0.0
            ],
            "aperture": "None",
            "semi_diameter_solve": "Automatic",
            "asphere_coefficients": []
          }
        ],
        "invariants": {
          "surfaces": [
            {
              "index": 0,
              "is_image": false,
              "is_stop": false,
              "type": "Standard",
              "radius_mm": "Infinity",
              "thickness_mm": "Infinity",
              "material": "",
              "conic": 0.0,
              "coating": "",
              "tilts": [
                0.0,
                0.0,
                0.0,
                0.0,
                0.0,
                0.0,
                0.0,
                0.0,
                0.0,
                0.0
              ],
              "aperture": "None",
              "semi_diameter_solve": "Automatic",
              "asphere_coefficients": []
            },
            {
              "index": 1,
              "is_image": false,
              "is_stop": true,
              "type": "Standard",
              "radius_mm": 50.0,
              "thickness_mm": 5.0,
              "material": "N-BK7",
              "conic": 0.0,
              "coating": "",
              "tilts": [
                0.0,
                0.0,
                0.0,
                0.0,
                0.0,
                0.0,
                0.0,
                0.0,
                0.0,
                0.0
              ],
              "aperture": "None",
              "semi_diameter_solve": "Automatic",
              "asphere_coefficients": []
            },
            {
              "index": 2,
              "is_image": false,
              "is_stop": false,
              "type": "Standard",
              "radius_mm": -50.0,
              "material": "",
              "conic": 0.0,
              "coating": "",
              "tilts": [
                0.0,
                0.0,
                0.0,
                0.0,
                0.0,
                0.0,
                0.0,
                0.0,
                0.0,
                0.0
              ],
              "aperture": "None",
              "semi_diameter_solve": "Automatic",
              "asphere_coefficients": []
            },
            {
              "index": 3,
              "is_image": true,
              "is_stop": false,
              "type": "Standard",
              "radius_mm": "Infinity",
              "thickness_mm": "Infinity",
              "material": "",
              "conic": 0.0,
              "coating": "",
              "tilts": [
                0.0,
                0.0,
                0.0,
                0.0,
                0.0,
                0.0,
                0.0,
                0.0,
                0.0,
                0.0
              ],
              "aperture": "None",
              "semi_diameter_solve": "Automatic",
              "asphere_coefficients": []
            }
          ],
          "fields": [
            {
              "index": 1,
              "x_deg": 0.0,
              "y_deg": 0.0,
              "weight": 1.0
            },
            {
              "index": 2,
              "x_deg": 0.0,
              "y_deg": 3.0,
              "weight": 1.0
            },
            {
              "index": 3,
              "x_deg": 0.0,
              "y_deg": 6.0,
              "weight": 1.0
            }
          ],
          "wavelengths": [
            {
              "index": 1,
              "um": 0.4861327,
              "weight": 1.0,
              "primary": false
            },
            {
              "index": 2,
              "um": 0.55,
              "weight": 1.0,
              "primary": true
            },
            {
              "index": 3,
              "um": 0.6562725,
              "weight": 1.0,
              "primary": false
            }
          ],
          "aperture_type": "EntrancePupilDiameter",
          "aperture_mm": 10.0,
          "lens_units": "mm"
        },
        "limits": [
          "Sequential centered Standard conic/EvenAspheric refractive systems; fixed shape coefficients; angle fields; mm; EPD.",
          "Geometric centroid RMS spot and scalar FFT MTF are distinct metrics.",
          "A sparse pupil ray check detects gross failures; it is not a full vignetting analysis."
        ]
      },
      "measurements": [
        {
          "metric": "efl_mm",
          "unit": "mm",
          "value": 49.05139286997028,
          "settings": {
            "wavelength": 2,
            "wavelength_um": 0.55
          }
        },
        {
          "metric": "f_number",
          "unit": "1",
          "value": 4.905139,
          "settings": {
            "wavelength": 2,
            "wavelength_um": 0.55
          }
        },
        {
          "metric": "total_track_mm",
          "unit": "mm",
          "value": 52.5
        },
        {
          "metric": "image_distance_mm",
          "unit": "mm",
          "value": 47.5
        },
        {
          "metric": "rms_spot_um",
          "field": 1,
          "wavelength": 1,
          "unit": "um",
          "value": 84.51878768313068,
          "settings": {
            "reference": "centroid",
            "ray_density": 8,
            "native_analysis": "StandardSpot",
            "ray_check_count": 17,
            "field": 1,
            "field_xy_deg": [
              0.0,
              0.0
            ],
            "wavelength": 1,
            "wavelength_um": 0.4861327,
            "spectral_mode": "monochromatic"
          }
        },
        {
          "metric": "rms_spot_um",
          "field": 1,
          "wavelength": 2,
          "unit": "um",
          "value": 57.31278715430456,
          "settings": {
            "reference": "centroid",
            "ray_density": 8,
            "native_analysis": "StandardSpot",
            "ray_check_count": 17,
            "field": 1,
            "field_xy_deg": [
              0.0,
              0.0
            ],
            "wavelength": 2,
            "wavelength_um": 0.55,
            "spectral_mode": "monochromatic"
          }
        },
        {
          "metric": "rms_spot_um",
          "field": 1,
          "wavelength": 3,
          "unit": "um",
          "value": 29.223748525768986,
          "settings": {
            "reference": "centroid",
            "ray_density": 8,
            "native_analysis": "StandardSpot",
            "ray_check_count": 17,
            "field": 1,
            "field_xy_deg": [
              0.0,
              0.0
            ],
            "wavelength": 3,
            "wavelength_um": 0.6562725,
            "spectral_mode": "monochromatic"
          }
        },
        {
          "metric": "rms_spot_um",
          "field": 2,
          "wavelength": 1,
          "unit": "um",
          "value": 97.97694492590453,
          "settings": {
            "reference": "centroid",
            "ray_density": 8,
            "native_analysis": "StandardSpot",
            "ray_check_count": 17,
            "field": 2,
            "field_xy_deg": [
              0.0,
              3.0
            ],
            "wavelength": 1,
            "wavelength_um": 0.4861327,
            "spectral_mode": "monochromatic"
          }
        },
        {
          "metric": "rms_spot_um",
          "field": 2,
          "wavelength": 2,
          "unit": "um",
          "value": 70.90011829624663,
          "settings": {
            "reference": "centroid",
            "ray_density": 8,
            "native_analysis": "StandardSpot",
            "ray_check_count": 17,
            "field": 2,
            "field_xy_deg": [
              0.0,
              3.0
            ],
            "wavelength": 2,
            "wavelength_um": 0.55,
            "spectral_mode": "monochromatic"
          }
        },
        {
          "metric": "rms_spot_um",
          "field": 2,
          "wavelength": 3,
          "unit": "um",
          "value": 42.76319872173366,
          "settings": {
            "reference": "centroid",
            "ray_density": 8,
            "native_analysis": "StandardSpot",
            "ray_check_count": 17,
            "field": 2,
            "field_xy_deg": [
              0.0,
              3.0
            ],
            "wavelength": 3,
            "wavelength_um": 0.6562725,
            "spectral_mode": "monochromatic"
          }
        },
        {
          "metric": "rms_spot_um",
          "field": 3,
          "wavelength": 1,
          "unit": "um",
          "value": 138.56000050052788,
          "settings": {
            "reference": "centroid",
            "ray_density": 8,
            "native_analysis": "StandardSpot",
            "ray_check_count": 17,
            "field": 3,
            "field_xy_deg": [
              0.0,
              6.0
            ],
            "wavelength": 1,
            "wavelength_um": 0.4861327,
            "spectral_mode": "monochromatic"
          }
        },
        {
          "metric": "rms_spot_um",
          "field": 3,
          "wavelength": 2,
          "unit": "um",
          "value": 111.520121701063,
          "settings": {
            "reference": "centroid",
            "ray_density": 8,
            "native_analysis": "StandardSpot",
            "ray_check_count": 17,
            "field": 3,
            "field_xy_deg": [
              0.0,
              6.0
            ],
            "wavelength": 2,
            "wavelength_um": 0.55,
            "spectral_mode": "monochromatic"
          }
        },
        {
          "metric": "rms_spot_um",
          "field": 3,
          "wavelength": 3,
          "unit": "um",
          "value": 82.97631833980596,
          "settings": {
            "reference": "centroid",
            "ray_density": 8,
            "native_analysis": "StandardSpot",
            "ray_check_count": 17,
            "field": 3,
            "field_xy_deg": [
              0.0,
              6.0
            ],
            "wavelength": 3,
            "wavelength_um": 0.6562725,
            "spectral_mode": "monochromatic"
          }
        }
      ],
      "assessment": {
        "passes": false,
        "requirements": [
          {
            "id": "focal-length",
            "key": "efl_mm",
            "requirement": {
              "id": "focal-length",
              "metric": "efl_mm",
              "unit": "mm",
              "min": 48,
              "max": 52
            },
            "status": "pass",
            "value": 49.05139286997028,
            "unit": "mm"
          },
          {
            "id": "track",
            "key": "total_track_mm",
            "requirement": {
              "id": "track",
              "metric": "total_track_mm",
              "unit": "mm",
              "max": 65
            },
            "status": "pass",
            "value": 52.5,
            "unit": "mm"
          },
          {
            "id": "spot-1-1",
            "key": "rms_spot_um|f=1|w=1",
            "requirement": {
              "metric": "rms_spot_um",
              "field": 1,
              "wavelength": 1,
              "unit": "um",
              "id": "spot-1-1",
              "max": 120
            },
            "status": "pass",
            "value": 84.51878768313068,
            "unit": "um"
          },
          {
            "id": "spot-1-2",
            "key": "rms_spot_um|f=1|w=2",
            "requirement": {
              "metric": "rms_spot_um",
              "field": 1,
              "wavelength": 2,
              "unit": "um",
              "id": "spot-1-2",
              "max": 120
            },
            "status": "pass",
            "value": 57.31278715430456,
            "unit": "um"
          },
          {
            "id": "spot-1-3",
            "key": "rms_spot_um|f=1|w=3",
            "requirement": {
              "metric": "rms_spot_um",
              "field": 1,
              "wavelength": 3,
              "unit": "um",
              "id": "spot-1-3",
              "max": 120
            },
            "status": "pass",
            "value": 29.223748525768986,
            "unit": "um"
          },
          {
            "id": "spot-2-1",
            "key": "rms_spot_um|f=2|w=1",
            "requirement": {
              "metric": "rms_spot_um",
              "field": 2,
              "wavelength": 1,
              "unit": "um",
              "id": "spot-2-1",
              "max": 120
            },
            "status": "pass",
            "value": 97.97694492590453,
            "unit": "um"
          },
          {
            "id": "spot-2-2",
            "key": "rms_spot_um|f=2|w=2",
            "requirement": {
              "metric": "rms_spot_um",
              "field": 2,
              "wavelength": 2,
              "unit": "um",
              "id": "spot-2-2",
              "max": 120
            },
            "status": "pass",
            "value": 70.90011829624663,
            "unit": "um"
          },
          {
            "id": "spot-2-3",
            "key": "rms_spot_um|f=2|w=3",
            "requirement": {
              "metric": "rms_spot_um",
              "field": 2,
              "wavelength": 3,
              "unit": "um",
              "id": "spot-2-3",
              "max": 120
            },
            "status": "pass",
            "value": 42.76319872173366,
            "unit": "um"
          },
          {
            "id": "spot-3-1",
            "key": "rms_spot_um|f=3|w=1",
            "requirement": {
              "metric": "rms_spot_um",
              "field": 3,
              "wavelength": 1,
              "unit": "um",
              "id": "spot-3-1",
              "max": 120
            },
            "status": "fail",
            "value": 138.56000050052788,
            "unit": "um"
          },
          {
            "id": "spot-3-2",
            "key": "rms_spot_um|f=3|w=2",
            "requirement": {
              "metric": "rms_spot_um",
              "field": 3,
              "wavelength": 2,
              "unit": "um",
              "id": "spot-3-2",
              "max": 120
            },
            "status": "pass",
            "value": 111.520121701063,
            "unit": "um"
          },
          {
            "id": "spot-3-3",
            "key": "rms_spot_um|f=3|w=3",
            "requirement": {
              "metric": "rms_spot_um",
              "field": 3,
              "wavelength": 3,
              "unit": "um",
              "id": "spot-3-3",
              "max": 120
            },
            "status": "pass",
            "value": 82.97631833980596,
            "unit": "um"
          }
        ]
      },
      "objective_breakdown": {
        "aggregation": "weighted_rms",
        "direction": "minimize",
        "value": 2.8600675310429837,
        "unit": "1",
        "terms": [
          {
            "metric": "rms_spot_um",
            "field": 1,
            "wavelength": 1,
            "key": "rms_spot_um|f=1|w=1",
            "unit": "um",
            "value": 84.51878768313068,
            "target": 0,
            "scale": 30,
            "weight": 1,
            "normalized_residual": 2.817292922771023,
            "weighted_residual": 0.9390976409236742
          },
          {
            "metric": "rms_spot_um",
            "field": 1,
            "wavelength": 2,
            "key": "rms_spot_um|f=1|w=2",
            "unit": "um",
            "value": 57.31278715430456,
            "target": 0,
            "scale": 30,
            "weight": 1,
            "normalized_residual": 1.9104262384768187,
            "weighted_residual": 0.6368087461589396
          },
          {
            "metric": "rms_spot_um",
            "field": 1,
            "wavelength": 3,
            "key": "rms_spot_um|f=1|w=3",
            "unit": "um",
            "value": 29.223748525768986,
            "target": 0,
            "scale": 30,
            "weight": 1,
            "normalized_residual": 0.9741249508589662,
            "weighted_residual": 0.32470831695298874
          },
          {
            "metric": "rms_spot_um",
            "field": 2,
            "wavelength": 1,
            "key": "rms_spot_um|f=2|w=1",
            "unit": "um",
            "value": 97.97694492590453,
            "target": 0,
            "scale": 30,
            "weight": 1,
            "normalized_residual": 3.265898164196818,
            "weighted_residual": 1.0886327213989393
          },
          {
            "metric": "rms_spot_um",
            "field": 2,
            "wavelength": 2,
            "key": "rms_spot_um|f=2|w=2",
            "unit": "um",
            "value": 70.90011829624663,
            "target": 0,
            "scale": 30,
            "weight": 1,
            "normalized_residual": 2.3633372765415546,
            "weighted_residual": 0.7877790921805181
          },
          {
            "metric": "rms_spot_um",
            "field": 2,
            "wavelength": 3,
            "key": "rms_spot_um|f=2|w=3",
            "unit": "um",
            "value": 42.76319872173366,
            "target": 0,
            "scale": 30,
            "weight": 1,
            "normalized_residual": 1.425439957391122,
            "weighted_residual": 0.47514665246370735
          },
          {
            "metric": "rms_spot_um",
            "field": 3,
            "wavelength": 1,
            "key": "rms_spot_um|f=3|w=1",
            "unit": "um",
            "value": 138.56000050052788,
            "target": 0,
            "scale": 30,
            "weight": 1,
            "normalized_residual": 4.618666683350929,
            "weighted_residual": 1.5395555611169762
          },
          {
            "metric": "rms_spot_um",
            "field": 3,
            "wavelength": 2,
            "key": "rms_spot_um|f=3|w=2",
            "unit": "um",
            "value": 111.520121701063,
            "target": 0,
            "scale": 30,
            "weight": 1,
            "normalized_residual": 3.7173373900354334,
            "weighted_residual": 1.2391124633451445
          },
          {
            "metric": "rms_spot_um",
            "field": 3,
            "wavelength": 3,
            "key": "rms_spot_um|f=3|w=3",
            "unit": "um",
            "value": 82.97631833980596,
            "target": 0,
            "scale": 30,
            "weight": 1,
            "normalized_residual": 2.765877277993532,
            "weighted_residual": 0.9219590926645106
          }
        ]
      },
      "objective_value": 2.8600675310429837
    },
    {
      "kind": "search",
      "parameters_mm": [
        52.0,
        47.5
      ],
      "inspection": {
        "engine": {
          "name": "OpticStudio",
          "version": "24.1.0",
          "zospy_version": "2.1.5",
          "pythonnet_version": "3.1.0",
          "license": "PremiumEdition"
        },
        "focus_mm": 47.5,
        "image_surface": 3,
        "surfaces": [
          {
            "index": 0,
            "is_image": false,
            "is_stop": false,
            "type": "Standard",
            "radius_mm": "Infinity",
            "thickness_mm": "Infinity",
            "material": "",
            "conic": 0.0,
            "coating": "",
            "tilts": [
              0.0,
              0.0,
              0.0,
              0.0,
              0.0,
              0.0,
              0.0,
              0.0,
              0.0,
              0.0
            ],
            "aperture": "None",
            "semi_diameter_solve": "Automatic",
            "asphere_coefficients": []
          },
          {
            "index": 1,
            "is_image": false,
            "is_stop": true,
            "type": "Standard",
            "radius_mm": 52.0,
            "thickness_mm": 5.0,
            "material": "N-BK7",
            "conic": 0.0,
            "coating": "",
            "tilts": [
              0.0,
              0.0,
              0.0,
              0.0,
              0.0,
              0.0,
              0.0,
              0.0,
              0.0,
              0.0
            ],
            "aperture": "None",
            "semi_diameter_solve": "Automatic",
            "asphere_coefficients": []
          },
          {
            "index": 2,
            "is_image": false,
            "is_stop": false,
            "type": "Standard",
            "radius_mm": -50.0,
            "thickness_mm": 47.5,
            "material": "",
            "conic": 0.0,
            "coating": "",
            "tilts": [
              0.0,
              0.0,
              0.0,
              0.0,
              0.0,
              0.0,
              0.0,
              0.0,
              0.0,
              0.0
            ],
            "aperture": "None",
            "semi_diameter_solve": "Automatic",
            "asphere_coefficients": []
          },
          {
            "index": 3,
            "is_image": true,
            "is_stop": false,
            "type": "Standard",
            "radius_mm": "Infinity",
            "thickness_mm": "Infinity",
            "material": "",
            "conic": 0.0,
            "coating": "",
            "tilts": [
              0.0,
              0.0,
              0.0,
              0.0,
              0.0,
              0.0,
              0.0,
              0.0,
              0.0,
              0.0
            ],
            "aperture": "None",
            "semi_diameter_solve": "Automatic",
            "asphere_coefficients": []
          }
        ],
        "invariants": {
          "surfaces": [
            {
              "index": 0,
              "is_image": false,
              "is_stop": false,
              "type": "Standard",
              "radius_mm": "Infinity",
              "thickness_mm": "Infinity",
              "material": "",
              "conic": 0.0,
              "coating": "",
              "tilts": [
                0.0,
                0.0,
                0.0,
                0.0,
                0.0,
                0.0,
                0.0,
                0.0,
                0.0,
                0.0
              ],
              "aperture": "None",
              "semi_diameter_solve": "Automatic",
              "asphere_coefficients": []
            },
            {
              "index": 1,
              "is_image": false,
              "is_stop": true,
              "type": "Standard",
              "radius_mm": 52.0,
              "thickness_mm": 5.0,
              "material": "N-BK7",
              "conic": 0.0,
              "coating": "",
              "tilts": [
                0.0,
                0.0,
                0.0,
                0.0,
                0.0,
                0.0,
                0.0,
                0.0,
                0.0,
                0.0
              ],
              "aperture": "None",
              "semi_diameter_solve": "Automatic",
              "asphere_coefficients": []
            },
            {
              "index": 2,
              "is_image": false,
              "is_stop": false,
              "type": "Standard",
              "radius_mm": -50.0,
              "material": "",
              "conic": 0.0,
              "coating": "",
              "tilts": [
                0.0,
                0.0,
                0.0,
                0.0,
                0.0,
                0.0,
                0.0,
                0.0,
                0.0,
                0.0
              ],
              "aperture": "None",
              "semi_diameter_solve": "Automatic",
              "asphere_coefficients": []
            },
            {
              "index": 3,
              "is_image": true,
              "is_stop": false,
              "type": "Standard",
              "radius_mm": "Infinity",
              "thickness_mm": "Infinity",
              "material": "",
              "conic": 0.0,
              "coating": "",
              "tilts": [
                0.0,
                0.0,
                0.0,
                0.0,
                0.0,
                0.0,
                0.0,
                0.0,
                0.0,
                0.0
              ],
              "aperture": "None",
              "semi_diameter_solve": "Automatic",
              "asphere_coefficients": []
            }
          ],
          "fields": [
            {
              "index": 1,
              "x_deg": 0.0,
              "y_deg": 0.0,
              "weight": 1.0
            },
            {
              "index": 2,
              "x_deg": 0.0,
              "y_deg": 3.0,
              "weight": 1.0
            },
            {
              "index": 3,
              "x_deg": 0.0,
              "y_deg": 6.0,
              "weight": 1.0
            }
          ],
          "wavelengths": [
            {
              "index": 1,
              "um": 0.4861327,
              "weight": 1.0,
              "primary": false
            },
            {
              "index": 2,
              "um": 0.55,
              "weight": 1.0,
              "primary": true
            },
            {
              "index": 3,
              "um": 0.6562725,
              "weight": 1.0,
              "primary": false
            }
          ],
          "aperture_type": "EntrancePupilDiameter",
          "aperture_mm": 10.0,
          "lens_units": "mm"
        },
        "limits": [
          "Sequential centered Standard conic/EvenAspheric refractive systems; fixed shape coefficients; angle fields; mm; EPD.",
          "Geometric centroid RMS spot and scalar FFT MTF are distinct metrics.",
          "A sparse pupil ray check detects gross failures; it is not a full vignetting analysis."
        ]
      },
      "measurements": [
        {
          "metric": "efl_mm",
          "unit": "mm",
          "value": 49.99615696660989,
          "settings": {
            "wavelength": 2,
            "wavelength_um": 0.55
          }
        },
        {
          "metric": "f_number",
          "unit": "1",
          "value": 4.999616,
          "settings": {
            "wavelength": 2,
            "wavelength_um": 0.55
          }
        },
        {
          "metric": "total_track_mm",
          "unit": "mm",
          "value": 52.5
        },
        {
          "metric": "image_distance_mm",
          "unit": "mm",
          "value": 47.5
        },
        {
          "metric": "rms_spot_um",
          "field": 1,
          "wavelength": 1,
          "unit": "um",
          "value": 17.33007662329914,
          "settings": {
            "reference": "centroid",
            "ray_density": 8,
            "native_analysis": "StandardSpot",
            "ray_check_count": 17,
            "field": 1,
            "field_xy_deg": [
              0.0,
              0.0
            ],
            "wavelength": 1,
            "wavelength_um": 0.4861327,
            "spectral_mode": "monochromatic"
          }
        },
        {
          "metric": "rms_spot_um",
          "field": 1,
          "wavelength": 2,
          "unit": "um",
          "value": 25.229580473771126,
          "settings": {
            "reference": "centroid",
            "ray_density": 8,
            "native_analysis": "StandardSpot",
            "ray_check_count": 17,
            "field": 1,
            "field_xy_deg": [
              0.0,
              0.0
            ],
            "wavelength": 2,
            "wavelength_um": 0.55,
            "spectral_mode": "monochromatic"
          }
        },
        {
          "metric": "rms_spot_um",
          "field": 1,
          "wavelength": 3,
          "unit": "um",
          "value": 52.04165060335828,
          "settings": {
            "reference": "centroid",
            "ray_density": 8,
            "native_analysis": "StandardSpot",
            "ray_check_count": 17,
            "field": 1,
            "field_xy_deg": [
              0.0,
              0.0
            ],
            "wavelength": 3,
            "wavelength_um": 0.6562725,
            "spectral_mode": "monochromatic"
          }
        },
        {
          "metric": "rms_spot_um",
          "field": 2,
          "wavelength": 1,
          "unit": "um",
          "value": 29.24362575453508,
          "settings": {
            "reference": "centroid",
            "ray_density": 8,
            "native_analysis": "StandardSpot",
            "ray_check_count": 17,
            "field": 2,
            "field_xy_deg": [
              0.0,
              3.0
            ],
            "wavelength": 1,
            "wavelength_um": 0.4861327,
            "spectral_mode": "monochromatic"
          }
        },
        {
          "metric": "rms_spot_um",
          "field": 2,
          "wavelength": 2,
          "unit": "um",
          "value": 22.755324984242645,
          "settings": {
            "reference": "centroid",
            "ray_density": 8,
            "native_analysis": "StandardSpot",
            "ray_check_count": 17,
            "field": 2,
            "field_xy_deg": [
              0.0,
              3.0
            ],
            "wavelength": 2,
            "wavelength_um": 0.55,
            "spectral_mode": "monochromatic"
          }
        },
        {
          "metric": "rms_spot_um",
          "field": 2,
          "wavelength": 3,
          "unit": "um",
          "value": 43.194981942541574,
          "settings": {
            "reference": "centroid",
            "ray_density": 8,
            "native_analysis": "StandardSpot",
            "ray_check_count": 17,
            "field": 2,
            "field_xy_deg": [
              0.0,
              3.0
            ],
            "wavelength": 3,
            "wavelength_um": 0.6562725,
            "spectral_mode": "monochromatic"
          }
        },
        {
          "metric": "rms_spot_um",
          "field": 3,
          "wavelength": 1,
          "unit": "um",
          "value": 67.93188848798773,
          "settings": {
            "reference": "centroid",
            "ray_density": 8,
            "native_analysis": "StandardSpot",
            "ray_check_count": 17,
            "field": 3,
            "field_xy_deg": [
              0.0,
              6.0
            ],
            "wavelength": 1,
            "wavelength_um": 0.4861327,
            "spectral_mode": "monochromatic"
          }
        },
        {
          "metric": "rms_spot_um",
          "field": 3,
          "wavelength": 2,
          "unit": "um",
          "value": 47.02442031082044,
          "settings": {
            "reference": "centroid",
            "ray_density": 8,
            "native_analysis": "StandardSpot",
            "ray_check_count": 17,
            "field": 3,
            "field_xy_deg": [
              0.0,
              6.0
            ],
            "wavelength": 2,
            "wavelength_um": 0.55,
            "spectral_mode": "monochromatic"
          }
        },
        {
          "metric": "rms_spot_um",
          "field": 3,
          "wavelength": 3,
          "unit": "um",
          "value": 36.59216825761116,
          "settings": {
            "reference": "centroid",
            "ray_density": 8,
            "native_analysis": "StandardSpot",
            "ray_check_count": 17,
            "field": 3,
            "field_xy_deg": [
              0.0,
              6.0
            ],
            "wavelength": 3,
            "wavelength_um": 0.6562725,
            "spectral_mode": "monochromatic"
          }
        }
      ],
      "assessment": {
        "passes": true,
        "requirements": [
          {
            "id": "focal-length",
            "key": "efl_mm",
            "requirement": {
              "id": "focal-length",
              "metric": "efl_mm",
              "unit": "mm",
              "min": 48,
              "max": 52
            },
            "status": "pass",
            "value": 49.99615696660989,
            "unit": "mm"
          },
          {
            "id": "track",
            "key": "total_track_mm",
            "requirement": {
              "id": "track",
              "metric": "total_track_mm",
              "unit": "mm",
              "max": 65
            },
            "status": "pass",
            "value": 52.5,
            "unit": "mm"
          },
          {
            "id": "spot-1-1",
            "key": "rms_spot_um|f=1|w=1",
            "requirement": {
              "metric": "rms_spot_um",
              "field": 1,
              "wavelength": 1,
              "unit": "um",
              "id": "spot-1-1",
              "max": 120
            },
            "status": "pass",
            "value": 17.33007662329914,
            "unit": "um"
          },
          {
            "id": "spot-1-2",
            "key": "rms_spot_um|f=1|w=2",
            "requirement": {
              "metric": "rms_spot_um",
              "field": 1,
              "wavelength": 2,
              "unit": "um",
              "id": "spot-1-2",
              "max": 120
            },
            "status": "pass",
            "value": 25.229580473771126,
            "unit": "um"
          },
          {
            "id": "spot-1-3",
            "key": "rms_spot_um|f=1|w=3",
            "requirement": {
              "metric": "rms_spot_um",
              "field": 1,
              "wavelength": 3,
              "unit": "um",
              "id": "spot-1-3",
              "max": 120
            },
            "status": "pass",
            "value": 52.04165060335828,
            "unit": "um"
          },
          {
            "id": "spot-2-1",
            "key": "rms_spot_um|f=2|w=1",
            "requirement": {
              "metric": "rms_spot_um",
              "field": 2,
              "wavelength": 1,
              "unit": "um",
              "id": "spot-2-1",
              "max": 120
            },
            "status": "pass",
            "value": 29.24362575453508,
            "unit": "um"
          },
          {
            "id": "spot-2-2",
            "key": "rms_spot_um|f=2|w=2",
            "requirement": {
              "metric": "rms_spot_um",
              "field": 2,
              "wavelength": 2,
              "unit": "um",
              "id": "spot-2-2",
              "max": 120
            },
            "status": "pass",
            "value": 22.755324984242645,
            "unit": "um"
          },
          {
            "id": "spot-2-3",
            "key": "rms_spot_um|f=2|w=3",
            "requirement": {
              "metric": "rms_spot_um",
              "field": 2,
              "wavelength": 3,
              "unit": "um",
              "id": "spot-2-3",
              "max": 120
            },
            "status": "pass",
            "value": 43.194981942541574,
            "unit": "um"
          },
          {
            "id": "spot-3-1",
            "key": "rms_spot_um|f=3|w=1",
            "requirement": {
              "metric": "rms_spot_um",
              "field": 3,
              "wavelength": 1,
              "unit": "um",
              "id": "spot-3-1",
              "max": 120
            },
            "status": "pass",
            "value": 67.93188848798773,
            "unit": "um"
          },
          {
            "id": "spot-3-2",
            "key": "rms_spot_um|f=3|w=2",
            "requirement": {
              "metric": "rms_spot_um",
              "field": 3,
              "wavelength": 2,
              "unit": "um",
              "id": "spot-3-2",
              "max": 120
            },
            "status": "pass",
            "value": 47.02442031082044,
            "unit": "um"
          },
          {
            "id": "spot-3-3",
            "key": "rms_spot_um|f=3|w=3",
            "requirement": {
              "metric": "rms_spot_um",
              "field": 3,
              "wavelength": 3,
              "unit": "um",
              "id": "spot-3-3",
              "max": 120
            },
            "status": "pass",
            "value": 36.59216825761116,
            "unit": "um"
          }
        ]
      },
      "objective_breakdown": {
        "aggregation": "weighted_rms",
        "direction": "minimize",
        "value": 1.3630495026701037,
        "unit": "1",
        "terms": [
          {
            "metric": "rms_spot_um",
            "field": 1,
            "wavelength": 1,
            "key": "rms_spot_um|f=1|w=1",
            "unit": "um",
            "value": 17.33007662329914,
            "target": 0,
            "scale": 30,
            "weight": 1,
            "normalized_residual": 0.577669220776638,
            "weighted_residual": 0.192556406925546
          },
          {
            "metric": "rms_spot_um",
            "field": 1,
            "wavelength": 2,
            "key": "rms_spot_um|f=1|w=2",
            "unit": "um",
            "value": 25.229580473771126,
            "target": 0,
            "scale": 30,
            "weight": 1,
            "normalized_residual": 0.8409860157923709,
            "weighted_residual": 0.28032867193079025
          },
          {
            "metric": "rms_spot_um",
            "field": 1,
            "wavelength": 3,
            "key": "rms_spot_um|f=1|w=3",
            "unit": "um",
            "value": 52.04165060335828,
            "target": 0,
            "scale": 30,
            "weight": 1,
            "normalized_residual": 1.7347216867786093,
            "weighted_residual": 0.5782405622595364
          },
          {
            "metric": "rms_spot_um",
            "field": 2,
            "wavelength": 1,
            "key": "rms_spot_um|f=2|w=1",
            "unit": "um",
            "value": 29.24362575453508,
            "target": 0,
            "scale": 30,
            "weight": 1,
            "normalized_residual": 0.9747875251511694,
            "weighted_residual": 0.32492917505038976
          },
          {
            "metric": "rms_spot_um",
            "field": 2,
            "wavelength": 2,
            "key": "rms_spot_um|f=2|w=2",
            "unit": "um",
            "value": 22.755324984242645,
            "target": 0,
            "scale": 30,
            "weight": 1,
            "normalized_residual": 0.7585108328080882,
            "weighted_residual": 0.2528369442693627
          },
          {
            "metric": "rms_spot_um",
            "field": 2,
            "wavelength": 3,
            "key": "rms_spot_um|f=2|w=3",
            "unit": "um",
            "value": 43.194981942541574,
            "target": 0,
            "scale": 30,
            "weight": 1,
            "normalized_residual": 1.4398327314180526,
            "weighted_residual": 0.4799442438060175
          },
          {
            "metric": "rms_spot_um",
            "field": 3,
            "wavelength": 1,
            "key": "rms_spot_um|f=3|w=1",
            "unit": "um",
            "value": 67.93188848798773,
            "target": 0,
            "scale": 30,
            "weight": 1,
            "normalized_residual": 2.2643962829329243,
            "weighted_residual": 0.7547987609776414
          },
          {
            "metric": "rms_spot_um",
            "field": 3,
            "wavelength": 2,
            "key": "rms_spot_um|f=3|w=2",
            "unit": "um",
            "value": 47.02442031082044,
            "target": 0,
            "scale": 30,
            "weight": 1,
            "normalized_residual": 1.567480677027348,
            "weighted_residual": 0.522493559009116
          },
          {
            "metric": "rms_spot_um",
            "field": 3,
            "wavelength": 3,
            "key": "rms_spot_um|f=3|w=3",
            "unit": "um",
            "value": 36.59216825761116,
            "target": 0,
            "scale": 30,
            "weight": 1,
            "normalized_residual": 1.2197389419203721,
            "weighted_residual": 0.4065796473067907
          }
        ]
      },
      "objective_value": 1.3630495026701037
    },
    {
      "kind": "search",
      "parameters_mm": [
        52.0,
        51.0
      ],
      "inspection": {
        "engine": {
          "name": "OpticStudio",
          "version": "24.1.0",
          "zospy_version": "2.1.5",
          "pythonnet_version": "3.1.0",
          "license": "PremiumEdition"
        },
        "focus_mm": 51.0,
        "image_surface": 3,
        "surfaces": [
          {
            "index": 0,
            "is_image": false,
            "is_stop": false,
            "type": "Standard",
            "radius_mm": "Infinity",
            "thickness_mm": "Infinity",
            "material": "",
            "conic": 0.0,
            "coating": "",
            "tilts": [
              0.0,
              0.0,
              0.0,
              0.0,
              0.0,
              0.0,
              0.0,
              0.0,
              0.0,
              0.0
            ],
            "aperture": "None",
            "semi_diameter_solve": "Automatic",
            "asphere_coefficients": []
          },
          {
            "index": 1,
            "is_image": false,
            "is_stop": true,
            "type": "Standard",
            "radius_mm": 52.0,
            "thickness_mm": 5.0,
            "material": "N-BK7",
            "conic": 0.0,
            "coating": "",
            "tilts": [
              0.0,
              0.0,
              0.0,
              0.0,
              0.0,
              0.0,
              0.0,
              0.0,
              0.0,
              0.0
            ],
            "aperture": "None",
            "semi_diameter_solve": "Automatic",
            "asphere_coefficients": []
          },
          {
            "index": 2,
            "is_image": false,
            "is_stop": false,
            "type": "Standard",
            "radius_mm": -50.0,
            "thickness_mm": 51.0,
            "material": "",
            "conic": 0.0,
            "coating": "",
            "tilts": [
              0.0,
              0.0,
              0.0,
              0.0,
              0.0,
              0.0,
              0.0,
              0.0,
              0.0,
              0.0
            ],
            "aperture": "None",
            "semi_diameter_solve": "Automatic",
            "asphere_coefficients": []
          },
          {
            "index": 3,
            "is_image": true,
            "is_stop": false,
            "type": "Standard",
            "radius_mm": "Infinity",
            "thickness_mm": "Infinity",
            "material": "",
            "conic": 0.0,
            "coating": "",
            "tilts": [
              0.0,
              0.0,
              0.0,
              0.0,
              0.0,
              0.0,
              0.0,
              0.0,
              0.0,
              0.0
            ],
            "aperture": "None",
            "semi_diameter_solve": "Automatic",
            "asphere_coefficients": []
          }
        ],
        "invariants": {
          "surfaces": [
            {
              "index": 0,
              "is_image": false,
              "is_stop": false,
              "type": "Standard",
              "radius_mm": "Infinity",
              "thickness_mm": "Infinity",
              "material": "",
              "conic": 0.0,
              "coating": "",
              "tilts": [
                0.0,
                0.0,
                0.0,
                0.0,
                0.0,
                0.0,
                0.0,
                0.0,
                0.0,
                0.0
              ],
              "aperture": "None",
              "semi_diameter_solve": "Automatic",
              "asphere_coefficients": []
            },
            {
              "index": 1,
              "is_image": false,
              "is_stop": true,
              "type": "Standard",
              "radius_mm": 52.0,
              "thickness_mm": 5.0,
              "material": "N-BK7",
              "conic": 0.0,
              "coating": "",
              "tilts": [
                0.0,
                0.0,
                0.0,
                0.0,
                0.0,
                0.0,
                0.0,
                0.0,
                0.0,
                0.0
              ],
              "aperture": "None",
              "semi_diameter_solve": "Automatic",
              "asphere_coefficients": []
            },
            {
              "index": 2,
              "is_image": false,
              "is_stop": false,
              "type": "Standard",
              "radius_mm": -50.0,
              "material": "",
              "conic": 0.0,
              "coating": "",
              "tilts": [
                0.0,
                0.0,
                0.0,
                0.0,
                0.0,
                0.0,
                0.0,
                0.0,
                0.0,
                0.0
              ],
              "aperture": "None",
              "semi_diameter_solve": "Automatic",
              "asphere_coefficients": []
            },
            {
              "index": 3,
              "is_image": true,
              "is_stop": false,
              "type": "Standard",
              "radius_mm": "Infinity",
              "thickness_mm": "Infinity",
              "material": "",
              "conic": 0.0,
              "coating": "",
              "tilts": [
                0.0,
                0.0,
                0.0,
                0.0,
                0.0,
                0.0,
                0.0,
                0.0,
                0.0,
                0.0
              ],
              "aperture": "None",
              "semi_diameter_solve": "Automatic",
              "asphere_coefficients": []
            }
          ],
          "fields": [
            {
              "index": 1,
              "x_deg": 0.0,
              "y_deg": 0.0,
              "weight": 1.0
            },
            {
              "index": 2,
              "x_deg": 0.0,
              "y_deg": 3.0,
              "weight": 1.0
            },
            {
              "index": 3,
              "x_deg": 0.0,
              "y_deg": 6.0,
              "weight": 1.0
            }
          ],
          "wavelengths": [
            {
              "index": 1,
              "um": 0.4861327,
              "weight": 1.0,
              "primary": false
            },
            {
              "index": 2,
              "um": 0.55,
              "weight": 1.0,
              "primary": true
            },
            {
              "index": 3,
              "um": 0.6562725,
              "weight": 1.0,
              "primary": false
            }
          ],
          "aperture_type": "EntrancePupilDiameter",
          "aperture_mm": 10.0,
          "lens_units": "mm"
        },
        "limits": [
          "Sequential centered Standard conic/EvenAspheric refractive systems; fixed shape coefficients; angle fields; mm; EPD.",
          "Geometric centroid RMS spot and scalar FFT MTF are distinct metrics.",
          "A sparse pupil ray check detects gross failures; it is not a full vignetting analysis."
        ]
      },
      "measurements": [
        {
          "metric": "efl_mm",
          "unit": "mm",
          "value": 49.99615696660989,
          "settings": {
            "wavelength": 2,
            "wavelength_um": 0.55
          }
        },
        {
          "metric": "f_number",
          "unit": "1",
          "value": 4.999616,
          "settings": {
            "wavelength": 2,
            "wavelength_um": 0.55
          }
        },
        {
          "metric": "total_track_mm",
          "unit": "mm",
          "value": 56.0
        },
        {
          "metric": "image_distance_mm",
          "unit": "mm",
          "value": 51.0
        },
        {
          "metric": "rms_spot_um",
          "field": 1,
          "wavelength": 1,
          "unit": "um",
          "value": 274.6823378026768,
          "settings": {
            "reference": "centroid",
            "ray_density": 8,
            "native_analysis": "StandardSpot",
            "ray_check_count": 17,
            "field": 1,
            "field_xy_deg": [
              0.0,
              0.0
            ],
            "wavelength": 1,
            "wavelength_um": 0.4861327,
            "spectral_mode": "monochromatic"
          }
        },
        {
          "metric": "rms_spot_um",
          "field": 1,
          "wavelength": 2,
          "unit": "um",
          "value": 245.39592182078297,
          "settings": {
            "reference": "centroid",
            "ray_density": 8,
            "native_analysis": "StandardSpot",
            "ray_check_count": 17,
            "field": 1,
            "field_xy_deg": [
              0.0,
              0.0
            ],
            "wavelength": 2,
            "wavelength_um": 0.55,
            "spectral_mode": "monochromatic"
          }
        },
        {
          "metric": "rms_spot_um",
          "field": 1,
          "wavelength": 3,
          "unit": "um",
          "value": 213.4938816194943,
          "settings": {
            "reference": "centroid",
            "ray_density": 8,
            "native_analysis": "StandardSpot",
            "ray_check_count": 17,
            "field": 1,
            "field_xy_deg": [
              0.0,
              0.0
            ],
            "wavelength": 3,
            "wavelength_um": 0.6562725,
            "spectral_mode": "monochromatic"
          }
        },
        {
          "metric": "rms_spot_um",
          "field": 2,
          "wavelength": 1,
          "unit": "um",
          "value": 288.21475305198766,
          "settings": {
            "reference": "centroid",
            "ray_density": 8,
            "native_analysis": "StandardSpot",
            "ray_check_count": 17,
            "field": 2,
            "field_xy_deg": [
              0.0,
              3.0
            ],
            "wavelength": 1,
            "wavelength_um": 0.4861327,
            "spectral_mode": "monochromatic"
          }
        },
        {
          "metric": "rms_spot_um",
          "field": 2,
          "wavelength": 2,
          "unit": "um",
          "value": 258.8738720816821,
          "settings": {
            "reference": "centroid",
            "ray_density": 8,
            "native_analysis": "StandardSpot",
            "ray_check_count": 17,
            "field": 2,
            "field_xy_deg": [
              0.0,
              3.0
            ],
            "wavelength": 2,
            "wavelength_um": 0.55,
            "spectral_mode": "monochromatic"
          }
        },
        {
          "metric": "rms_spot_um",
          "field": 2,
          "wavelength": 3,
          "unit": "um",
          "value": 226.9216050647112,
          "settings": {
            "reference": "centroid",
            "ray_density": 8,
            "native_analysis": "StandardSpot",
            "ray_check_count": 17,
            "field": 2,
            "field_xy_deg": [
              0.0,
              3.0
            ],
            "wavelength": 3,
            "wavelength_um": 0.6562725,
            "spectral_mode": "monochromatic"
          }
        },
        {
          "metric": "rms_spot_um",
          "field": 3,
          "wavelength": 1,
          "unit": "um",
          "value": 329.404148242751,
          "settings": {
            "reference": "centroid",
            "ray_density": 8,
            "native_analysis": "StandardSpot",
            "ray_check_count": 17,
            "field": 3,
            "field_xy_deg": [
              0.0,
              6.0
            ],
            "wavelength": 1,
            "wavelength_um": 0.4861327,
            "spectral_mode": "monochromatic"
          }
        },
        {
          "metric": "rms_spot_um",
          "field": 3,
          "wavelength": 2,
          "unit": "um",
          "value": 299.8987515327793,
          "settings": {
            "reference": "centroid",
            "ray_density": 8,
            "native_analysis": "StandardSpot",
            "ray_check_count": 17,
            "field": 3,
            "field_xy_deg": [
              0.0,
              6.0
            ],
            "wavelength": 2,
            "wavelength_um": 0.55,
            "spectral_mode": "monochromatic"
          }
        },
        {
          "metric": "rms_spot_um",
          "field": 3,
          "wavelength": 3,
          "unit": "um",
          "value": 267.7895441426333,
          "settings": {
            "reference": "centroid",
            "ray_density": 8,
            "native_analysis": "StandardSpot",
            "ray_check_count": 17,
            "field": 3,
            "field_xy_deg": [
              0.0,
              6.0
            ],
            "wavelength": 3,
            "wavelength_um": 0.6562725,
            "spectral_mode": "monochromatic"
          }
        }
      ],
      "assessment": {
        "passes": false,
        "requirements": [
          {
            "id": "focal-length",
            "key": "efl_mm",
            "requirement": {
              "id": "focal-length",
              "metric": "efl_mm",
              "unit": "mm",
              "min": 48,
              "max": 52
            },
            "status": "pass",
            "value": 49.99615696660989,
            "unit": "mm"
          },
          {
            "id": "track",
            "key": "total_track_mm",
            "requirement": {
              "id": "track",
              "metric": "total_track_mm",
              "unit": "mm",
              "max": 65
            },
            "status": "pass",
            "value": 56.0,
            "unit": "mm"
          },
          {
            "id": "spot-1-1",
            "key": "rms_spot_um|f=1|w=1",
            "requirement": {
              "metric": "rms_spot_um",
              "field": 1,
              "wavelength": 1,
              "unit": "um",
              "id": "spot-1-1",
              "max": 120
            },
            "status": "fail",
            "value": 274.6823378026768,
            "unit": "um"
          },
          {
            "id": "spot-1-2",
            "key": "rms_spot_um|f=1|w=2",
            "requirement": {
              "metric": "rms_spot_um",
              "field": 1,
              "wavelength": 2,
              "unit": "um",
              "id": "spot-1-2",
              "max": 120
            },
            "status": "fail",
            "value": 245.39592182078297,
            "unit": "um"
          },
          {
            "id": "spot-1-3",
            "key": "rms_spot_um|f=1|w=3",
            "requirement": {
              "metric": "rms_spot_um",
              "field": 1,
              "wavelength": 3,
              "unit": "um",
              "id": "spot-1-3",
              "max": 120
            },
            "status": "fail",
            "value": 213.4938816194943,
            "unit": "um"
          },
          {
            "id": "spot-2-1",
            "key": "rms_spot_um|f=2|w=1",
            "requirement": {
              "metric": "rms_spot_um",
              "field": 2,
              "wavelength": 1,
              "unit": "um",
              "id": "spot-2-1",
              "max": 120
            },
            "status": "fail",
            "value": 288.21475305198766,
            "unit": "um"
          },
          {
            "id": "spot-2-2",
            "key": "rms_spot_um|f=2|w=2",
            "requirement": {
              "metric": "rms_spot_um",
              "field": 2,
              "wavelength": 2,
              "unit": "um",
              "id": "spot-2-2",
              "max": 120
            },
            "status": "fail",
            "value": 258.8738720816821,
            "unit": "um"
          },
          {
            "id": "spot-2-3",
            "key": "rms_spot_um|f=2|w=3",
            "requirement": {
              "metric": "rms_spot_um",
              "field": 2,
              "wavelength": 3,
              "unit": "um",
              "id": "spot-2-3",
              "max": 120
            },
            "status": "fail",
            "value": 226.9216050647112,
            "unit": "um"
          },
          {
            "id": "spot-3-1",
            "key": "rms_spot_um|f=3|w=1",
            "requirement": {
              "metric": "rms_spot_um",
              "field": 3,
              "wavelength": 1,
              "unit": "um",
              "id": "spot-3-1",
              "max": 120
            },
            "status": "fail",
            "value": 329.404148242751,
            "unit": "um"
          },
          {
            "id": "spot-3-2",
            "key": "rms_spot_um|f=3|w=2",
            "requirement": {
              "metric": "rms_spot_um",
              "field": 3,
              "wavelength": 2,
              "unit": "um",
              "id": "spot-3-2",
              "max": 120
            },
            "status": "fail",
            "value": 299.8987515327793,
            "unit": "um"
          },
          {
            "id": "spot-3-3",
            "key": "rms_spot_um|f=3|w=3",
            "requirement": {
              "metric": "rms_spot_um",
              "field": 3,
              "wavelength": 3,
              "unit": "um",
              "id": "spot-3-3",
              "max": 120
            },
            "status": "fail",
            "value": 267.7895441426333,
            "unit": "um"
          }
        ]
      },
      "objective_breakdown": {
        "aggregation": "weighted_rms",
        "direction": "minimize",
        "value": 8.97860018927771,
        "unit": "1",
        "terms": [
          {
            "metric": "rms_spot_um",
            "field": 1,
            "wavelength": 1,
            "key": "rms_spot_um|f=1|w=1",
            "unit": "um",
            "value": 274.6823378026768,
            "target": 0,
            "scale": 30,
            "weight": 1,
            "normalized_residual": 9.156077926755893,
            "weighted_residual": 3.0520259755852974
          },
          {
            "metric": "rms_spot_um",
            "field": 1,
            "wavelength": 2,
            "key": "rms_spot_um|f=1|w=2",
            "unit": "um",
            "value": 245.39592182078297,
            "target": 0,
            "scale": 30,
            "weight": 1,
            "normalized_residual": 8.179864060692767,
            "weighted_residual": 2.7266213535642554
          },
          {
            "metric": "rms_spot_um",
            "field": 1,
            "wavelength": 3,
            "key": "rms_spot_um|f=1|w=3",
            "unit": "um",
            "value": 213.4938816194943,
            "target": 0,
            "scale": 30,
            "weight": 1,
            "normalized_residual": 7.1164627206498094,
            "weighted_residual": 2.372154240216603
          },
          {
            "metric": "rms_spot_um",
            "field": 2,
            "wavelength": 1,
            "key": "rms_spot_um|f=2|w=1",
            "unit": "um",
            "value": 288.21475305198766,
            "target": 0,
            "scale": 30,
            "weight": 1,
            "normalized_residual": 9.607158435066255,
            "weighted_residual": 3.2023861450220847
          },
          {
            "metric": "rms_spot_um",
            "field": 2,
            "wavelength": 2,
            "key": "rms_spot_um|f=2|w=2",
            "unit": "um",
            "value": 258.8738720816821,
            "target": 0,
            "scale": 30,
            "weight": 1,
            "normalized_residual": 8.629129069389403,
            "weighted_residual": 2.876376356463134
          },
          {
            "metric": "rms_spot_um",
            "field": 2,
            "wavelength": 3,
            "key": "rms_spot_um|f=2|w=3",
            "unit": "um",
            "value": 226.9216050647112,
            "target": 0,
            "scale": 30,
            "weight": 1,
            "normalized_residual": 7.56405350215704,
            "weighted_residual": 2.5213511673856797
          },
          {
            "metric": "rms_spot_um",
            "field": 3,
            "wavelength": 1,
            "key": "rms_spot_um|f=3|w=1",
            "unit": "um",
            "value": 329.404148242751,
            "target": 0,
            "scale": 30,
            "weight": 1,
            "normalized_residual": 10.980138274758366,
            "weighted_residual": 3.6600460915861217
          },
          {
            "metric": "rms_spot_um",
            "field": 3,
            "wavelength": 2,
            "key": "rms_spot_um|f=3|w=2",
            "unit": "um",
            "value": 299.8987515327793,
            "target": 0,
            "scale": 30,
            "weight": 1,
            "normalized_residual": 9.996625051092643,
            "weighted_residual": 3.332208350364214
          },
          {
            "metric": "rms_spot_um",
            "field": 3,
            "wavelength": 3,
            "key": "rms_spot_um|f=3|w=3",
            "unit": "um",
            "value": 267.7895441426333,
            "target": 0,
            "scale": 30,
            "weight": 1,
            "normalized_residual": 8.926318138087776,
            "weighted_residual": 2.9754393793625917
          }
        ]
      },
      "objective_value": 8.97860018927771
    },
    {
      "kind": "search",
      "parameters_mm": [
        52.0,
        44.0
      ],
      "inspection": {
        "engine": {
          "name": "OpticStudio",
          "version": "24.1.0",
          "zospy_version": "2.1.5",
          "pythonnet_version": "3.1.0",
          "license": "PremiumEdition"
        },
        "focus_mm": 44.0,
        "image_surface": 3,
        "surfaces": [
          {
            "index": 0,
            "is_image": false,
            "is_stop": false,
            "type": "Standard",
            "radius_mm": "Infinity",
            "thickness_mm": "Infinity",
            "material": "",
            "conic": 0.0,
            "coating": "",
            "tilts": [
              0.0,
              0.0,
              0.0,
              0.0,
              0.0,
              0.0,
              0.0,
              0.0,
              0.0,
              0.0
            ],
            "aperture": "None",
            "semi_diameter_solve": "Automatic",
            "asphere_coefficients": []
          },
          {
            "index": 1,
            "is_image": false,
            "is_stop": true,
            "type": "Standard",
            "radius_mm": 52.0,
            "thickness_mm": 5.0,
            "material": "N-BK7",
            "conic": 0.0,
            "coating": "",
            "tilts": [
              0.0,
              0.0,
              0.0,
              0.0,
              0.0,
              0.0,
              0.0,
              0.0,
              0.0,
              0.0
            ],
            "aperture": "None",
            "semi_diameter_solve": "Automatic",
            "asphere_coefficients": []
          },
          {
            "index": 2,
            "is_image": false,
            "is_stop": false,
            "type": "Standard",
            "radius_mm": -50.0,
            "thickness_mm": 44.0,
            "material": "",
            "conic": 0.0,
            "coating": "",
            "tilts": [
              0.0,
              0.0,
              0.0,
              0.0,
              0.0,
              0.0,
              0.0,
              0.0,
              0.0,
              0.0
            ],
            "aperture": "None",
            "semi_diameter_solve": "Automatic",
            "asphere_coefficients": []
          },
          {
            "index": 3,
            "is_image": true,
            "is_stop": false,
            "type": "Standard",
            "radius_mm": "Infinity",
            "thickness_mm": "Infinity",
            "material": "",
            "conic": 0.0,
            "coating": "",
            "tilts": [
              0.0,
              0.0,
              0.0,
              0.0,
              0.0,
              0.0,
              0.0,
              0.0,
              0.0,
              0.0
            ],
            "aperture": "None",
            "semi_diameter_solve": "Automatic",
            "asphere_coefficients": []
          }
        ],
        "invariants": {
          "surfaces": [
            {
              "index": 0,
              "is_image": false,
              "is_stop": false,
              "type": "Standard",
              "radius_mm": "Infinity",
              "thickness_mm": "Infinity",
              "material": "",
              "conic": 0.0,
              "coating": "",
              "tilts": [
                0.0,
                0.0,
                0.0,
                0.0,
                0.0,
                0.0,
                0.0,
                0.0,
                0.0,
                0.0
              ],
              "aperture": "None",
              "semi_diameter_solve": "Automatic",
              "asphere_coefficients": []
            },
            {
              "index": 1,
              "is_image": false,
              "is_stop": true,
              "type": "Standard",
              "radius_mm": 52.0,
              "thickness_mm": 5.0,
              "material": "N-BK7",
              "conic": 0.0,
              "coating": "",
              "tilts": [
                0.0,
                0.0,
                0.0,
                0.0,
                0.0,
                0.0,
                0.0,
                0.0,
                0.0,
                0.0
              ],
              "aperture": "None",
              "semi_diameter_solve": "Automatic",
              "asphere_coefficients": []
            },
            {
              "index": 2,
              "is_image": false,
              "is_stop": false,
              "type": "Standard",
              "radius_mm": -50.0,
              "material": "",
              "conic": 0.0,
              "coating": "",
              "tilts": [
                0.0,
                0.0,
                0.0,
                0.0,
                0.0,
                0.0,
                0.0,
                0.0,
                0.0,
                0.0
              ],
              "aperture": "None",
              "semi_diameter_solve": "Automatic",
              "asphere_coefficients": []
            },
            {
              "index": 3,
              "is_image": true,
              "is_stop": false,
              "type": "Standard",
              "radius_mm": "Infinity",
              "thickness_mm": "Infinity",
              "material": "",
              "conic": 0.0,
              "coating": "",
              "tilts": [
                0.0,
                0.0,
                0.0,
                0.0,
                0.0,
                0.0,
                0.0,
                0.0,
                0.0,
                0.0
              ],
              "aperture": "None",
              "semi_diameter_solve": "Automatic",
              "asphere_coefficients": []
            }
          ],
          "fields": [
            {
              "index": 1,
              "x_deg": 0.0,
              "y_deg": 0.0,
              "weight": 1.0
            },
            {
              "index": 2,
              "x_deg": 0.0,
              "y_deg": 3.0,
              "weight": 1.0
            },
            {
              "index": 3,
              "x_deg": 0.0,
              "y_deg": 6.0,
              "weight": 1.0
            }
          ],
          "wavelengths": [
            {
              "index": 1,
              "um": 0.4861327,
              "weight": 1.0,
              "primary": false
            },
            {
              "index": 2,
              "um": 0.55,
              "weight": 1.0,
              "primary": true
            },
            {
              "index": 3,
              "um": 0.6562725,
              "weight": 1.0,
              "primary": false
            }
          ],
          "aperture_type": "EntrancePupilDiameter",
          "aperture_mm": 10.0,
          "lens_units": "mm"
        },
        "limits": [
          "Sequential centered Standard conic/EvenAspheric refractive systems; fixed shape coefficients; angle fields; mm; EPD.",
          "Geometric centroid RMS spot and scalar FFT MTF are distinct metrics.",
          "A sparse pupil ray check detects gross failures; it is not a full vignetting analysis."
        ]
      },
      "measurements": [
        {
          "metric": "efl_mm",
          "unit": "mm",
          "value": 49.99615696660989,
          "settings": {
            "wavelength": 2,
            "wavelength_um": 0.55
          }
        },
        {
          "metric": "f_number",
          "unit": "1",
          "value": 4.999616,
          "settings": {
            "wavelength": 2,
            "wavelength_um": 0.55
          }
        },
        {
          "metric": "total_track_mm",
          "unit": "mm",
          "value": 49.0
        },
        {
          "metric": "image_distance_mm",
          "unit": "mm",
          "value": 44.0
        },
        {
          "metric": "rms_spot_um",
          "field": 1,
          "wavelength": 1,
          "unit": "um",
          "value": 259.76905513300073,
          "settings": {
            "reference": "centroid",
            "ray_density": 8,
            "native_analysis": "StandardSpot",
            "ray_check_count": 17,
            "field": 1,
            "field_xy_deg": [
              0.0,
              0.0
            ],
            "wavelength": 1,
            "wavelength_um": 0.4861327,
            "spectral_mode": "monochromatic"
          }
        },
        {
          "metric": "rms_spot_um",
          "field": 1,
          "wavelength": 2,
          "unit": "um",
          "value": 285.1163346409727,
          "settings": {
            "reference": "centroid",
            "ray_density": 8,
            "native_analysis": "StandardSpot",
            "ray_check_count": 17,
            "field": 1,
            "field_xy_deg": [
              0.0,
              0.0
            ],
            "wavelength": 2,
            "wavelength_um": 0.55,
            "spectral_mode": "monochromatic"
          }
        },
        {
          "metric": "rms_spot_um",
          "field": 1,
          "wavelength": 3,
          "unit": "um",
          "value": 312.7493708920798,
          "settings": {
            "reference": "centroid",
            "ray_density": 8,
            "native_analysis": "StandardSpot",
            "ray_check_count": 17,
            "field": 1,
            "field_xy_deg": [
              0.0,
              0.0
            ],
            "wavelength": 3,
            "wavelength_um": 0.6562725,
            "spectral_mode": "monochromatic"
          }
        },
        {
          "metric": "rms_spot_um",
          "field": 2,
          "wavelength": 1,
          "unit": "um",
          "value": 248.84213312841442,
          "settings": {
            "reference": "centroid",
            "ray_density": 8,
            "native_analysis": "StandardSpot",
            "ray_check_count": 17,
            "field": 2,
            "field_xy_deg": [
              0.0,
              3.0
            ],
            "wavelength": 1,
            "wavelength_um": 0.4861327,
            "spectral_mode": "monochromatic"
          }
        },
        {
          "metric": "rms_spot_um",
          "field": 2,
          "wavelength": 2,
          "unit": "um",
          "value": 274.2153343485185,
          "settings": {
            "reference": "centroid",
            "ray_density": 8,
            "native_analysis": "StandardSpot",
            "ray_check_count": 17,
            "field": 2,
            "field_xy_deg": [
              0.0,
              3.0
            ],
            "wavelength": 2,
            "wavelength_um": 0.55,
            "spectral_mode": "monochromatic"
          }
        },
        {
          "metric": "rms_spot_um",
          "field": 2,
          "wavelength": 3,
          "unit": "um",
          "value": 301.88666818570675,
          "settings": {
            "reference": "centroid",
            "ray_density": 8,
            "native_analysis": "StandardSpot",
            "ray_check_count": 17,
            "field": 2,
            "field_xy_deg": [
              0.0,
              3.0
            ],
            "wavelength": 3,
            "wavelength_um": 0.6562725,
            "spectral_mode": "monochromatic"
          }
        },
        {
          "metric": "rms_spot_um",
          "field": 3,
          "wavelength": 1,
          "unit": "um",
          "value": 216.56107111558018,
          "settings": {
            "reference": "centroid",
            "ray_density": 8,
            "native_analysis": "StandardSpot",
            "ray_check_count": 17,
            "field": 3,
            "field_xy_deg": [
              0.0,
              6.0
            ],
            "wavelength": 1,
            "wavelength_um": 0.4861327,
            "spectral_mode": "monochromatic"
          }
        },
        {
          "metric": "rms_spot_um",
          "field": 3,
          "wavelength": 2,
          "unit": "um",
          "value": 241.89502120454634,
          "settings": {
            "reference": "centroid",
            "ray_density": 8,
            "native_analysis": "StandardSpot",
            "ray_check_count": 17,
            "field": 3,
            "field_xy_deg": [
              0.0,
              6.0
            ],
            "wavelength": 2,
            "wavelength_um": 0.55,
            "spectral_mode": "monochromatic"
          }
        },
        {
          "metric": "rms_spot_um",
          "field": 3,
          "wavelength": 3,
          "unit": "um",
          "value": 269.5843431935123,
          "settings": {
            "reference": "centroid",
            "ray_density": 8,
            "native_analysis": "StandardSpot",
            "ray_check_count": 17,
            "field": 3,
            "field_xy_deg": [
              0.0,
              6.0
            ],
            "wavelength": 3,
            "wavelength_um": 0.6562725,
            "spectral_mode": "monochromatic"
          }
        }
      ],
      "assessment": {
        "passes": false,
        "requirements": [
          {
            "id": "focal-length",
            "key": "efl_mm",
            "requirement": {
              "id": "focal-length",
              "metric": "efl_mm",
              "unit": "mm",
              "min": 48,
              "max": 52
            },
            "status": "pass",
            "value": 49.99615696660989,
            "unit": "mm"
          },
          {
            "id": "track",
            "key": "total_track_mm",
            "requirement": {
              "id": "track",
              "metric": "total_track_mm",
              "unit": "mm",
              "max": 65
            },
            "status": "pass",
            "value": 49.0,
            "unit": "mm"
          },
          {
            "id": "spot-1-1",
            "key": "rms_spot_um|f=1|w=1",
            "requirement": {
              "metric": "rms_spot_um",
              "field": 1,
              "wavelength": 1,
              "unit": "um",
              "id": "spot-1-1",
              "max": 120
            },
            "status": "fail",
            "value": 259.76905513300073,
            "unit": "um"
          },
          {
            "id": "spot-1-2",
            "key": "rms_spot_um|f=1|w=2",
            "requirement": {
              "metric": "rms_spot_um",
              "field": 1,
              "wavelength": 2,
              "unit": "um",
              "id": "spot-1-2",
              "max": 120
            },
            "status": "fail",
            "value": 285.1163346409727,
            "unit": "um"
          },
          {
            "id": "spot-1-3",
            "key": "rms_spot_um|f=1|w=3",
            "requirement": {
              "metric": "rms_spot_um",
              "field": 1,
              "wavelength": 3,
              "unit": "um",
              "id": "spot-1-3",
              "max": 120
            },
            "status": "fail",
            "value": 312.7493708920798,
            "unit": "um"
          },
          {
            "id": "spot-2-1",
            "key": "rms_spot_um|f=2|w=1",
            "requirement": {
              "metric": "rms_spot_um",
              "field": 2,
              "wavelength": 1,
              "unit": "um",
              "id": "spot-2-1",
              "max": 120
            },
            "status": "fail",
            "value": 248.84213312841442,
            "unit": "um"
          },
          {
            "id": "spot-2-2",
            "key": "rms_spot_um|f=2|w=2",
            "requirement": {
              "metric": "rms_spot_um",
              "field": 2,
              "wavelength": 2,
              "unit": "um",
              "id": "spot-2-2",
              "max": 120
            },
            "status": "fail",
            "value": 274.2153343485185,
            "unit": "um"
          },
          {
            "id": "spot-2-3",
            "key": "rms_spot_um|f=2|w=3",
            "requirement": {
              "metric": "rms_spot_um",
              "field": 2,
              "wavelength": 3,
              "unit": "um",
              "id": "spot-2-3",
              "max": 120
            },
            "status": "fail",
            "value": 301.88666818570675,
            "unit": "um"
          },
          {
            "id": "spot-3-1",
            "key": "rms_spot_um|f=3|w=1",
            "requirement": {
              "metric": "rms_spot_um",
              "field": 3,
              "wavelength": 1,
              "unit": "um",
              "id": "spot-3-1",
              "max": 120
            },
            "status": "fail",
            "value": 216.56107111558018,
            "unit": "um"
          },
          {
            "id": "spot-3-2",
            "key": "rms_spot_um|f=3|w=2",
            "requirement": {
              "metric": "rms_spot_um",
              "field": 3,
              "wavelength": 2,
              "unit": "um",
              "id": "spot-3-2",
              "max": 120
            },
            "status": "fail",
            "value": 241.89502120454634,
            "unit": "um"
          },
          {
            "id": "spot-3-3",
            "key": "rms_spot_um|f=3|w=3",
            "requirement": {
              "metric": "rms_spot_um",
              "field": 3,
              "wavelength": 3,
              "unit": "um",
              "id": "spot-3-3",
              "max": 120
            },
            "status": "fail",
            "value": 269.5843431935123,
            "unit": "um"
          }
        ]
      },
      "objective_breakdown": {
        "aggregation": "weighted_rms",
        "direction": "minimize",
        "value": 8.978184048966034,
        "unit": "1",
        "terms": [
          {
            "metric": "rms_spot_um",
            "field": 1,
            "wavelength": 1,
            "key": "rms_spot_um|f=1|w=1",
            "unit": "um",
            "value": 259.76905513300073,
            "target": 0,
            "scale": 30,
            "weight": 1,
            "normalized_residual": 8.658968504433357,
            "weighted_residual": 2.8863228348111187
          },
          {
            "metric": "rms_spot_um",
            "field": 1,
            "wavelength": 2,
            "key": "rms_spot_um|f=1|w=2",
            "unit": "um",
            "value": 285.1163346409727,
            "target": 0,
            "scale": 30,
            "weight": 1,
            "normalized_residual": 9.503877821365757,
            "weighted_residual": 3.1679592737885853
          },
          {
            "metric": "rms_spot_um",
            "field": 1,
            "wavelength": 3,
            "key": "rms_spot_um|f=1|w=3",
            "unit": "um",
            "value": 312.7493708920798,
            "target": 0,
            "scale": 30,
            "weight": 1,
            "normalized_residual": 10.424979029735994,
            "weighted_residual": 3.474993009911998
          },
          {
            "metric": "rms_spot_um",
            "field": 2,
            "wavelength": 1,
            "key": "rms_spot_um|f=2|w=1",
            "unit": "um",
            "value": 248.84213312841442,
            "target": 0,
            "scale": 30,
            "weight": 1,
            "normalized_residual": 8.294737770947147,
            "weighted_residual": 2.7649125903157157
          },
          {
            "metric": "rms_spot_um",
            "field": 2,
            "wavelength": 2,
            "key": "rms_spot_um|f=2|w=2",
            "unit": "um",
            "value": 274.2153343485185,
            "target": 0,
            "scale": 30,
            "weight": 1,
            "normalized_residual": 9.140511144950617,
            "weighted_residual": 3.0468370483168723
          },
          {
            "metric": "rms_spot_um",
            "field": 2,
            "wavelength": 3,
            "key": "rms_spot_um|f=2|w=3",
            "unit": "um",
            "value": 301.88666818570675,
            "target": 0,
            "scale": 30,
            "weight": 1,
            "normalized_residual": 10.062888939523559,
            "weighted_residual": 3.3542963131745194
          },
          {
            "metric": "rms_spot_um",
            "field": 3,
            "wavelength": 1,
            "key": "rms_spot_um|f=3|w=1",
            "unit": "um",
            "value": 216.56107111558018,
            "target": 0,
            "scale": 30,
            "weight": 1,
            "normalized_residual": 7.218702370519339,
            "weighted_residual": 2.4062341235064464
          },
          {
            "metric": "rms_spot_um",
            "field": 3,
            "wavelength": 2,
            "key": "rms_spot_um|f=3|w=2",
            "unit": "um",
            "value": 241.89502120454634,
            "target": 0,
            "scale": 30,
            "weight": 1,
            "normalized_residual": 8.063167373484879,
            "weighted_residual": 2.6877224578282926
          },
          {
            "metric": "rms_spot_um",
            "field": 3,
            "wavelength": 3,
            "key": "rms_spot_um|f=3|w=3",
            "unit": "um",
            "value": 269.5843431935123,
            "target": 0,
            "scale": 30,
            "weight": 1,
            "normalized_residual": 8.986144773117077,
            "weighted_residual": 2.995381591039026
          }
        ]
      },
      "objective_value": 8.978184048966034
    },
    {
      "kind": "search",
      "parameters_mm": [
        51.0,
        47.5
      ],
      "inspection": {
        "engine": {
          "name": "OpticStudio",
          "version": "24.1.0",
          "zospy_version": "2.1.5",
          "pythonnet_version": "3.1.0",
          "license": "PremiumEdition"
        },
        "focus_mm": 47.5,
        "image_surface": 3,
        "surfaces": [
          {
            "index": 0,
            "is_image": false,
            "is_stop": false,
            "type": "Standard",
            "radius_mm": "Infinity",
            "thickness_mm": "Infinity",
            "material": "",
            "conic": 0.0,
            "coating": "",
            "tilts": [
              0.0,
              0.0,
              0.0,
              0.0,
              0.0,
              0.0,
              0.0,
              0.0,
              0.0,
              0.0
            ],
            "aperture": "None",
            "semi_diameter_solve": "Automatic",
            "asphere_coefficients": []
          },
          {
            "index": 1,
            "is_image": false,
            "is_stop": true,
            "type": "Standard",
            "radius_mm": 51.0,
            "thickness_mm": 5.0,
            "material": "N-BK7",
            "conic": 0.0,
            "coating": "",
            "tilts": [
              0.0,
              0.0,
              0.0,
              0.0,
              0.0,
              0.0,
              0.0,
              0.0,
              0.0,
              0.0
            ],
            "aperture": "None",
            "semi_diameter_solve": "Automatic",
            "asphere_coefficients": []
          },
          {
            "index": 2,
            "is_image": false,
            "is_stop": false,
            "type": "Standard",
            "radius_mm": -50.0,
            "thickness_mm": 47.5,
            "material": "",
            "conic": 0.0,
            "coating": "",
            "tilts": [
              0.0,
              0.0,
              0.0,
              0.0,
              0.0,
              0.0,
              0.0,
              0.0,
              0.0,
              0.0
            ],
            "aperture": "None",
            "semi_diameter_solve": "Automatic",
            "asphere_coefficients": []
          },
          {
            "index": 3,
            "is_image": true,
            "is_stop": false,
            "type": "Standard",
            "radius_mm": "Infinity",
            "thickness_mm": "Infinity",
            "material": "",
            "conic": 0.0,
            "coating": "",
            "tilts": [
              0.0,
              0.0,
              0.0,
              0.0,
              0.0,
              0.0,
              0.0,
              0.0,
              0.0,
              0.0
            ],
            "aperture": "None",
            "semi_diameter_solve": "Automatic",
            "asphere_coefficients": []
          }
        ],
        "invariants": {
          "surfaces": [
            {
              "index": 0,
              "is_image": false,
              "is_stop": false,
              "type": "Standard",
              "radius_mm": "Infinity",
              "thickness_mm": "Infinity",
              "material": "",
              "conic": 0.0,
              "coating": "",
              "tilts": [
                0.0,
                0.0,
                0.0,
                0.0,
                0.0,
                0.0,
                0.0,
                0.0,
                0.0,
                0.0
              ],
              "aperture": "None",
              "semi_diameter_solve": "Automatic",
              "asphere_coefficients": []
            },
            {
              "index": 1,
              "is_image": false,
              "is_stop": true,
              "type": "Standard",
              "radius_mm": 51.0,
              "thickness_mm": 5.0,
              "material": "N-BK7",
              "conic": 0.0,
              "coating": "",
              "tilts": [
                0.0,
                0.0,
                0.0,
                0.0,
                0.0,
                0.0,
                0.0,
                0.0,
                0.0,
                0.0
              ],
              "aperture": "None",
              "semi_diameter_solve": "Automatic",
              "asphere_coefficients": []
            },
            {
              "index": 2,
              "is_image": false,
              "is_stop": false,
              "type": "Standard",
              "radius_mm": -50.0,
              "material": "",
              "conic": 0.0,
              "coating": "",
              "tilts": [
                0.0,
                0.0,
                0.0,
                0.0,
                0.0,
                0.0,
                0.0,
                0.0,
                0.0,
                0.0
              ],
              "aperture": "None",
              "semi_diameter_solve": "Automatic",
              "asphere_coefficients": []
            },
            {
              "index": 3,
              "is_image": true,
              "is_stop": false,
              "type": "Standard",
              "radius_mm": "Infinity",
              "thickness_mm": "Infinity",
              "material": "",
              "conic": 0.0,
              "coating": "",
              "tilts": [
                0.0,
                0.0,
                0.0,
                0.0,
                0.0,
                0.0,
                0.0,
                0.0,
                0.0,
                0.0
              ],
              "aperture": "None",
              "semi_diameter_solve": "Automatic",
              "asphere_coefficients": []
            }
          ],
          "fields": [
            {
              "index": 1,
              "x_deg": 0.0,
              "y_deg": 0.0,
              "weight": 1.0
            },
            {
              "index": 2,
              "x_deg": 0.0,
              "y_deg": 3.0,
              "weight": 1.0
            },
            {
              "index": 3,
              "x_deg": 0.0,
              "y_deg": 6.0,
              "weight": 1.0
            }
          ],
          "wavelengths": [
            {
              "index": 1,
              "um": 0.4861327,
              "weight": 1.0,
              "primary": false
            },
            {
              "index": 2,
              "um": 0.55,
              "weight": 1.0,
              "primary": true
            },
            {
              "index": 3,
              "um": 0.6562725,
              "weight": 1.0,
              "primary": false
            }
          ],
          "aperture_type": "EntrancePupilDiameter",
          "aperture_mm": 10.0,
          "lens_units": "mm"
        },
        "limits": [
          "Sequential centered Standard conic/EvenAspheric refractive systems; fixed shape coefficients; angle fields; mm; EPD.",
          "Geometric centroid RMS spot and scalar FFT MTF are distinct metrics.",
          "A sparse pupil ray check detects gross failures; it is not a full vignetting analysis."
        ]
      },
      "measurements": [
        {
          "metric": "efl_mm",
          "unit": "mm",
          "value": 49.5285323895791,
          "settings": {
            "wavelength": 2,
            "wavelength_um": 0.55
          }
        },
        {
          "metric": "f_number",
          "unit": "1",
          "value": 4.952853,
          "settings": {
            "wavelength": 2,
            "wavelength_um": 0.55
          }
        },
        {
          "metric": "total_track_mm",
          "unit": "mm",
          "value": 52.5
        },
        {
          "metric": "image_distance_mm",
          "unit": "mm",
          "value": 47.5
        },
        {
          "metric": "rms_spot_um",
          "field": 1,
          "wavelength": 1,
          "unit": "um",
          "value": 47.20230155423161,
          "settings": {
            "reference": "centroid",
            "ray_density": 8,
            "native_analysis": "StandardSpot",
            "ray_check_count": 17,
            "field": 1,
            "field_xy_deg": [
              0.0,
              0.0
            ],
            "wavelength": 1,
            "wavelength_um": 0.4861327,
            "spectral_mode": "monochromatic"
          }
        },
        {
          "metric": "rms_spot_um",
          "field": 1,
          "wavelength": 2,
          "unit": "um",
          "value": 23.001671634004744,
          "settings": {
            "reference": "centroid",
            "ray_density": 8,
            "native_analysis": "StandardSpot",
            "ray_check_count": 17,
            "field": 1,
            "field_xy_deg": [
              0.0,
              0.0
            ],
            "wavelength": 2,
            "wavelength_um": 0.55,
            "spectral_mode": "monochromatic"
          }
        },
        {
          "metric": "rms_spot_um",
          "field": 1,
          "wavelength": 3,
          "unit": "um",
          "value": 20.410579709978617,
          "settings": {
            "reference": "centroid",
            "ray_density": 8,
            "native_analysis": "StandardSpot",
            "ray_check_count": 17,
            "field": 1,
            "field_xy_deg": [
              0.0,
              0.0
            ],
            "wavelength": 3,
            "wavelength_um": 0.6562725,
            "spectral_mode": "monochromatic"
          }
        },
        {
          "metric": "rms_spot_um",
          "field": 2,
          "wavelength": 1,
          "unit": "um",
          "value": 60.86847822858675,
          "settings": {
            "reference": "centroid",
            "ray_density": 8,
            "native_analysis": "StandardSpot",
            "ray_check_count": 17,
            "field": 2,
            "field_xy_deg": [
              0.0,
              3.0
            ],
            "wavelength": 1,
            "wavelength_um": 0.4861327,
            "spectral_mode": "monochromatic"
          }
        },
        {
          "metric": "rms_spot_um",
          "field": 2,
          "wavelength": 2,
          "unit": "um",
          "value": 36.2318099531161,
          "settings": {
            "reference": "centroid",
            "ray_density": 8,
            "native_analysis": "StandardSpot",
            "ray_check_count": 17,
            "field": 2,
            "field_xy_deg": [
              0.0,
              3.0
            ],
            "wavelength": 2,
            "wavelength_um": 0.55,
            "spectral_mode": "monochromatic"
          }
        },
        {
          "metric": "rms_spot_um",
          "field": 2,
          "wavelength": 3,
          "unit": "um",
          "value": 21.336256618871754,
          "settings": {
            "reference": "centroid",
            "ray_density": 8,
            "native_analysis": "StandardSpot",
            "ray_check_count": 17,
            "field": 2,
            "field_xy_deg": [
              0.0,
              3.0
            ],
            "wavelength": 3,
            "wavelength_um": 0.6562725,
            "spectral_mode": "monochromatic"
          }
        },
        {
          "metric": "rms_spot_um",
          "field": 3,
          "wavelength": 1,
          "unit": "um",
          "value": 101.47399124310574,
          "settings": {
            "reference": "centroid",
            "ray_density": 8,
            "native_analysis": "StandardSpot",
            "ray_check_count": 17,
            "field": 3,
            "field_xy_deg": [
              0.0,
              6.0
            ],
            "wavelength": 1,
            "wavelength_um": 0.4861327,
            "spectral_mode": "monochromatic"
          }
        },
        {
          "metric": "rms_spot_um",
          "field": 3,
          "wavelength": 2,
          "unit": "um",
          "value": 76.01720170783253,
          "settings": {
            "reference": "centroid",
            "ray_density": 8,
            "native_analysis": "StandardSpot",
            "ray_check_count": 17,
            "field": 3,
            "field_xy_deg": [
              0.0,
              6.0
            ],
            "wavelength": 2,
            "wavelength_um": 0.55,
            "spectral_mode": "monochromatic"
          }
        },
        {
          "metric": "rms_spot_um",
          "field": 3,
          "wavelength": 3,
          "unit": "um",
          "value": 51.34158620403965,
          "settings": {
            "reference": "centroid",
            "ray_density": 8,
            "native_analysis": "StandardSpot",
            "ray_check_count": 17,
            "field": 3,
            "field_xy_deg": [
              0.0,
              6.0
            ],
            "wavelength": 3,
            "wavelength_um": 0.6562725,
            "spectral_mode": "monochromatic"
          }
        }
      ],
      "assessment": {
        "passes": true,
        "requirements": [
          {
            "id": "focal-length",
            "key": "efl_mm",
            "requirement": {
              "id": "focal-length",
              "metric": "efl_mm",
              "unit": "mm",
              "min": 48,
              "max": 52
            },
            "status": "pass",
            "value": 49.5285323895791,
            "unit": "mm"
          },
          {
            "id": "track",
            "key": "total_track_mm",
            "requirement": {
              "id": "track",
              "metric": "total_track_mm",
              "unit": "mm",
              "max": 65
            },
            "status": "pass",
            "value": 52.5,
            "unit": "mm"
          },
          {
            "id": "spot-1-1",
            "key": "rms_spot_um|f=1|w=1",
            "requirement": {
              "metric": "rms_spot_um",
              "field": 1,
              "wavelength": 1,
              "unit": "um",
              "id": "spot-1-1",
              "max": 120
            },
            "status": "pass",
            "value": 47.20230155423161,
            "unit": "um"
          },
          {
            "id": "spot-1-2",
            "key": "rms_spot_um|f=1|w=2",
            "requirement": {
              "metric": "rms_spot_um",
              "field": 1,
              "wavelength": 2,
              "unit": "um",
              "id": "spot-1-2",
              "max": 120
            },
            "status": "pass",
            "value": 23.001671634004744,
            "unit": "um"
          },
          {
            "id": "spot-1-3",
            "key": "rms_spot_um|f=1|w=3",
            "requirement": {
              "metric": "rms_spot_um",
              "field": 1,
              "wavelength": 3,
              "unit": "um",
              "id": "spot-1-3",
              "max": 120
            },
            "status": "pass",
            "value": 20.410579709978617,
            "unit": "um"
          },
          {
            "id": "spot-2-1",
            "key": "rms_spot_um|f=2|w=1",
            "requirement": {
              "metric": "rms_spot_um",
              "field": 2,
              "wavelength": 1,
              "unit": "um",
              "id": "spot-2-1",
              "max": 120
            },
            "status": "pass",
            "value": 60.86847822858675,
            "unit": "um"
          },
          {
            "id": "spot-2-2",
            "key": "rms_spot_um|f=2|w=2",
            "requirement": {
              "metric": "rms_spot_um",
              "field": 2,
              "wavelength": 2,
              "unit": "um",
              "id": "spot-2-2",
              "max": 120
            },
            "status": "pass",
            "value": 36.2318099531161,
            "unit": "um"
          },
          {
            "id": "spot-2-3",
            "key": "rms_spot_um|f=2|w=3",
            "requirement": {
              "metric": "rms_spot_um",
              "field": 2,
              "wavelength": 3,
              "unit": "um",
              "id": "spot-2-3",
              "max": 120
            },
            "status": "pass",
            "value": 21.336256618871754,
            "unit": "um"
          },
          {
            "id": "spot-3-1",
            "key": "rms_spot_um|f=3|w=1",
            "requirement": {
              "metric": "rms_spot_um",
              "field": 3,
              "wavelength": 1,
              "unit": "um",
              "id": "spot-3-1",
              "max": 120
            },
            "status": "pass",
            "value": 101.47399124310574,
            "unit": "um"
          },
          {
            "id": "spot-3-2",
            "key": "rms_spot_um|f=3|w=2",
            "requirement": {
              "metric": "rms_spot_um",
              "field": 3,
              "wavelength": 2,
              "unit": "um",
              "id": "spot-3-2",
              "max": 120
            },
            "status": "pass",
            "value": 76.01720170783253,
            "unit": "um"
          },
          {
            "id": "spot-3-3",
            "key": "rms_spot_um|f=3|w=3",
            "requirement": {
              "metric": "rms_spot_um",
              "field": 3,
              "wavelength": 3,
              "unit": "um",
              "id": "spot-3-3",
              "max": 120
            },
            "status": "pass",
            "value": 51.34158620403965,
            "unit": "um"
          }
        ]
      },
      "objective_breakdown": {
        "aggregation": "weighted_rms",
        "direction": "minimize",
        "value": 1.8378134419206296,
        "unit": "1",
        "terms": [
          {
            "metric": "rms_spot_um",
            "field": 1,
            "wavelength": 1,
            "key": "rms_spot_um|f=1|w=1",
            "unit": "um",
            "value": 47.20230155423161,
            "target": 0,
            "scale": 30,
            "weight": 1,
            "normalized_residual": 1.5734100518077203,
            "weighted_residual": 0.52447001726924
          },
          {
            "metric": "rms_spot_um",
            "field": 1,
            "wavelength": 2,
            "key": "rms_spot_um|f=1|w=2",
            "unit": "um",
            "value": 23.001671634004744,
            "target": 0,
            "scale": 30,
            "weight": 1,
            "normalized_residual": 0.7667223878001581,
            "weighted_residual": 0.25557412926671935
          },
          {
            "metric": "rms_spot_um",
            "field": 1,
            "wavelength": 3,
            "key": "rms_spot_um|f=1|w=3",
            "unit": "um",
            "value": 20.410579709978617,
            "target": 0,
            "scale": 30,
            "weight": 1,
            "normalized_residual": 0.6803526569992873,
            "weighted_residual": 0.22678421899976242
          },
          {
            "metric": "rms_spot_um",
            "field": 2,
            "wavelength": 1,
            "key": "rms_spot_um|f=2|w=1",
            "unit": "um",
            "value": 60.86847822858675,
            "target": 0,
            "scale": 30,
            "weight": 1,
            "normalized_residual": 2.028949274286225,
            "weighted_residual": 0.676316424762075
          },
          {
            "metric": "rms_spot_um",
            "field": 2,
            "wavelength": 2,
            "key": "rms_spot_um|f=2|w=2",
            "unit": "um",
            "value": 36.2318099531161,
            "target": 0,
            "scale": 30,
            "weight": 1,
            "normalized_residual": 1.2077269984372032,
            "weighted_residual": 0.40257566614573437
          },
          {
            "metric": "rms_spot_um",
            "field": 2,
            "wavelength": 3,
            "key": "rms_spot_um|f=2|w=3",
            "unit": "um",
            "value": 21.336256618871754,
            "target": 0,
            "scale": 30,
            "weight": 1,
            "normalized_residual": 0.7112085539623918,
            "weighted_residual": 0.23706951798746392
          },
          {
            "metric": "rms_spot_um",
            "field": 3,
            "wavelength": 1,
            "key": "rms_spot_um|f=3|w=1",
            "unit": "um",
            "value": 101.47399124310574,
            "target": 0,
            "scale": 30,
            "weight": 1,
            "normalized_residual": 3.3824663747701913,
            "weighted_residual": 1.1274887915900638
          },
          {
            "metric": "rms_spot_um",
            "field": 3,
            "wavelength": 2,
            "key": "rms_spot_um|f=3|w=2",
            "unit": "um",
            "value": 76.01720170783253,
            "target": 0,
            "scale": 30,
            "weight": 1,
            "normalized_residual": 2.5339067235944177,
            "weighted_residual": 0.8446355745314725
          },
          {
            "metric": "rms_spot_um",
            "field": 3,
            "wavelength": 3,
            "key": "rms_spot_um|f=3|w=3",
            "unit": "um",
            "value": 51.34158620403965,
            "target": 0,
            "scale": 30,
            "weight": 1,
            "normalized_residual": 1.7113862068013217,
            "weighted_residual": 0.5704620689337738
          }
        ]
      },
      "objective_value": 1.8378134419206296
    },
    {
      "kind": "search",
      "parameters_mm": [
        52.0,
        49.25
      ],
      "inspection": {
        "engine": {
          "name": "OpticStudio",
          "version": "24.1.0",
          "zospy_version": "2.1.5",
          "pythonnet_version": "3.1.0",
          "license": "PremiumEdition"
        },
        "focus_mm": 49.25,
        "image_surface": 3,
        "surfaces": [
          {
            "index": 0,
            "is_image": false,
            "is_stop": false,
            "type": "Standard",
            "radius_mm": "Infinity",
            "thickness_mm": "Infinity",
            "material": "",
            "conic": 0.0,
            "coating": "",
            "tilts": [
              0.0,
              0.0,
              0.0,
              0.0,
              0.0,
              0.0,
              0.0,
              0.0,
              0.0,
              0.0
            ],
            "aperture": "None",
            "semi_diameter_solve": "Automatic",
            "asphere_coefficients": []
          },
          {
            "index": 1,
            "is_image": false,
            "is_stop": true,
            "type": "Standard",
            "radius_mm": 52.0,
            "thickness_mm": 5.0,
            "material": "N-BK7",
            "conic": 0.0,
            "coating": "",
            "tilts": [
              0.0,
              0.0,
              0.0,
              0.0,
              0.0,
              0.0,
              0.0,
              0.0,
              0.0,
              0.0
            ],
            "aperture": "None",
            "semi_diameter_solve": "Automatic",
            "asphere_coefficients": []
          },
          {
            "index": 2,
            "is_image": false,
            "is_stop": false,
            "type": "Standard",
            "radius_mm": -50.0,
            "thickness_mm": 49.25,
            "material": "",
            "conic": 0.0,
            "coating": "",
            "tilts": [
              0.0,
              0.0,
              0.0,
              0.0,
              0.0,
              0.0,
              0.0,
              0.0,
              0.0,
              0.0
            ],
            "aperture": "None",
            "semi_diameter_solve": "Automatic",
            "asphere_coefficients": []
          },
          {
            "index": 3,
            "is_image": true,
            "is_stop": false,
            "type": "Standard",
            "radius_mm": "Infinity",
            "thickness_mm": "Infinity",
            "material": "",
            "conic": 0.0,
            "coating": "",
            "tilts": [
              0.0,
              0.0,
              0.0,
              0.0,
              0.0,
              0.0,
              0.0,
              0.0,
              0.0,
              0.0
            ],
            "aperture": "None",
            "semi_diameter_solve": "Automatic",
            "asphere_coefficients": []
          }
        ],
        "invariants": {
          "surfaces": [
            {
              "index": 0,
              "is_image": false,
              "is_stop": false,
              "type": "Standard",
              "radius_mm": "Infinity",
              "thickness_mm": "Infinity",
              "material": "",
              "conic": 0.0,
              "coating": "",
              "tilts": [
                0.0,
                0.0,
                0.0,
                0.0,
                0.0,
                0.0,
                0.0,
                0.0,
                0.0,
                0.0
              ],
              "aperture": "None",
              "semi_diameter_solve": "Automatic",
              "asphere_coefficients": []
            },
            {
              "index": 1,
              "is_image": false,
              "is_stop": true,
              "type": "Standard",
              "radius_mm": 52.0,
              "thickness_mm": 5.0,
              "material": "N-BK7",
              "conic": 0.0,
              "coating": "",
              "tilts": [
                0.0,
                0.0,
                0.0,
                0.0,
                0.0,
                0.0,
                0.0,
                0.0,
                0.0,
                0.0
              ],
              "aperture": "None",
              "semi_diameter_solve": "Automatic",
              "asphere_coefficients": []
            },
            {
              "index": 2,
              "is_image": false,
              "is_stop": false,
              "type": "Standard",
              "radius_mm": -50.0,
              "material": "",
              "conic": 0.0,
              "coating": "",
              "tilts": [
                0.0,
                0.0,
                0.0,
                0.0,
                0.0,
                0.0,
                0.0,
                0.0,
                0.0,
                0.0
              ],
              "aperture": "None",
              "semi_diameter_solve": "Automatic",
              "asphere_coefficients": []
            },
            {
              "index": 3,
              "is_image": true,
              "is_stop": false,
              "type": "Standard",
              "radius_mm": "Infinity",
              "thickness_mm": "Infinity",
              "material": "",
              "conic": 0.0,
              "coating": "",
              "tilts": [
                0.0,
                0.0,
                0.0,
                0.0,
                0.0,
                0.0,
                0.0,
                0.0,
                0.0,
                0.0
              ],
              "aperture": "None",
              "semi_diameter_solve": "Automatic",
              "asphere_coefficients": []
            }
          ],
          "fields": [
            {
              "index": 1,
              "x_deg": 0.0,
              "y_deg": 0.0,
              "weight": 1.0
            },
            {
              "index": 2,
              "x_deg": 0.0,
              "y_deg": 3.0,
              "weight": 1.0
            },
            {
              "index": 3,
              "x_deg": 0.0,
              "y_deg": 6.0,
              "weight": 1.0
            }
          ],
          "wavelengths": [
            {
              "index": 1,
              "um": 0.4861327,
              "weight": 1.0,
              "primary": false
            },
            {
              "index": 2,
              "um": 0.55,
              "weight": 1.0,
              "primary": true
            },
            {
              "index": 3,
              "um": 0.6562725,
              "weight": 1.0,
              "primary": false
            }
          ],
          "aperture_type": "EntrancePupilDiameter",
          "aperture_mm": 10.0,
          "lens_units": "mm"
        },
        "limits": [
          "Sequential centered Standard conic/EvenAspheric refractive systems; fixed shape coefficients; angle fields; mm; EPD.",
          "Geometric centroid RMS spot and scalar FFT MTF are distinct metrics.",
          "A sparse pupil ray check detects gross failures; it is not a full vignetting analysis."
        ]
      },
      "measurements": [
        {
          "metric": "efl_mm",
          "unit": "mm",
          "value": 49.99615696660989,
          "settings": {
            "wavelength": 2,
            "wavelength_um": 0.55
          }
        },
        {
          "metric": "f_number",
          "unit": "1",
          "value": 4.999616,
          "settings": {
            "wavelength": 2,
            "wavelength_um": 0.55
          }
        },
        {
          "metric": "total_track_mm",
          "unit": "mm",
          "value": 54.25
        },
        {
          "metric": "image_distance_mm",
          "unit": "mm",
          "value": 49.25
        },
        {
          "metric": "rms_spot_um",
          "field": 1,
          "wavelength": 1,
          "unit": "um",
          "value": 141.7185535807488,
          "settings": {
            "reference": "centroid",
            "ray_density": 8,
            "native_analysis": "StandardSpot",
            "ray_check_count": 17,
            "field": 1,
            "field_xy_deg": [
              0.0,
              0.0
            ],
            "wavelength": 1,
            "wavelength_um": 0.4861327,
            "spectral_mode": "monochromatic"
          }
        },
        {
          "metric": "rms_spot_um",
          "field": 1,
          "wavelength": 2,
          "unit": "um",
          "value": 113.57010029328067,
          "settings": {
            "reference": "centroid",
            "ray_density": 8,
            "native_analysis": "StandardSpot",
            "ray_check_count": 17,
            "field": 1,
            "field_xy_deg": [
              0.0,
              0.0
            ],
            "wavelength": 2,
            "wavelength_um": 0.55,
            "spectral_mode": "monochromatic"
          }
        },
        {
          "metric": "rms_spot_um",
          "field": 1,
          "wavelength": 3,
          "unit": "um",
          "value": 83.04873859564046,
          "settings": {
            "reference": "centroid",
            "ray_density": 8,
            "native_analysis": "StandardSpot",
            "ray_check_count": 17,
            "field": 1,
            "field_xy_deg": [
              0.0,
              0.0
            ],
            "wavelength": 3,
            "wavelength_um": 0.6562725,
            "spectral_mode": "monochromatic"
          }
        },
        {
          "metric": "rms_spot_um",
          "field": 2,
          "wavelength": 1,
          "unit": "um",
          "value": 155.08544511582278,
          "settings": {
            "reference": "centroid",
            "ray_density": 8,
            "native_analysis": "StandardSpot",
            "ray_check_count": 17,
            "field": 2,
            "field_xy_deg": [
              0.0,
              3.0
            ],
            "wavelength": 1,
            "wavelength_um": 0.4861327,
            "spectral_mode": "monochromatic"
          }
        },
        {
          "metric": "rms_spot_um",
          "field": 2,
          "wavelength": 2,
          "unit": "um",
          "value": 126.9644754639317,
          "settings": {
            "reference": "centroid",
            "ray_density": 8,
            "native_analysis": "StandardSpot",
            "ray_check_count": 17,
            "field": 2,
            "field_xy_deg": [
              0.0,
              3.0
            ],
            "wavelength": 2,
            "wavelength_um": 0.55,
            "spectral_mode": "monochromatic"
          }
        },
        {
          "metric": "rms_spot_um",
          "field": 2,
          "wavelength": 3,
          "unit": "um",
          "value": 96.52688932187884,
          "settings": {
            "reference": "centroid",
            "ray_density": 8,
            "native_analysis": "StandardSpot",
            "ray_check_count": 17,
            "field": 2,
            "field_xy_deg": [
              0.0,
              3.0
            ],
            "wavelength": 3,
            "wavelength_um": 0.6562725,
            "spectral_mode": "monochromatic"
          }
        },
        {
          "metric": "rms_spot_um",
          "field": 3,
          "wavelength": 1,
          "unit": "um",
          "value": 195.6754423647535,
          "settings": {
            "reference": "centroid",
            "ray_density": 8,
            "native_analysis": "StandardSpot",
            "ray_check_count": 17,
            "field": 3,
            "field_xy_deg": [
              0.0,
              6.0
            ],
            "wavelength": 1,
            "wavelength_um": 0.4861327,
            "spectral_mode": "monochromatic"
          }
        },
        {
          "metric": "rms_spot_um",
          "field": 3,
          "wavelength": 2,
          "unit": "um",
          "value": 167.54565007133996,
          "settings": {
            "reference": "centroid",
            "ray_density": 8,
            "native_analysis": "StandardSpot",
            "ray_check_count": 17,
            "field": 3,
            "field_xy_deg": [
              0.0,
              6.0
            ],
            "wavelength": 2,
            "wavelength_um": 0.55,
            "spectral_mode": "monochromatic"
          }
        },
        {
          "metric": "rms_spot_um",
          "field": 3,
          "wavelength": 3,
          "unit": "um",
          "value": 137.15498643325014,
          "settings": {
            "reference": "centroid",
            "ray_density": 8,
            "native_analysis": "StandardSpot",
            "ray_check_count": 17,
            "field": 3,
            "field_xy_deg": [
              0.0,
              6.0
            ],
            "wavelength": 3,
            "wavelength_um": 0.6562725,
            "spectral_mode": "monochromatic"
          }
        }
      ],
      "assessment": {
        "passes": false,
        "requirements": [
          {
            "id": "focal-length",
            "key": "efl_mm",
            "requirement": {
              "id": "focal-length",
              "metric": "efl_mm",
              "unit": "mm",
              "min": 48,
              "max": 52
            },
            "status": "pass",
            "value": 49.99615696660989,
            "unit": "mm"
          },
          {
            "id": "track",
            "key": "total_track_mm",
            "requirement": {
              "id": "track",
              "metric": "total_track_mm",
              "unit": "mm",
              "max": 65
            },
            "status": "pass",
            "value": 54.25,
            "unit": "mm"
          },
          {
            "id": "spot-1-1",
            "key": "rms_spot_um|f=1|w=1",
            "requirement": {
              "metric": "rms_spot_um",
              "field": 1,
              "wavelength": 1,
              "unit": "um",
              "id": "spot-1-1",
              "max": 120
            },
            "status": "fail",
            "value": 141.7185535807488,
            "unit": "um"
          },
          {
            "id": "spot-1-2",
            "key": "rms_spot_um|f=1|w=2",
            "requirement": {
              "metric": "rms_spot_um",
              "field": 1,
              "wavelength": 2,
              "unit": "um",
              "id": "spot-1-2",
              "max": 120
            },
            "status": "pass",
            "value": 113.57010029328067,
            "unit": "um"
          },
          {
            "id": "spot-1-3",
            "key": "rms_spot_um|f=1|w=3",
            "requirement": {
              "metric": "rms_spot_um",
              "field": 1,
              "wavelength": 3,
              "unit": "um",
              "id": "spot-1-3",
              "max": 120
            },
            "status": "pass",
            "value": 83.04873859564046,
            "unit": "um"
          },
          {
            "id": "spot-2-1",
            "key": "rms_spot_um|f=2|w=1",
            "requirement": {
              "metric": "rms_spot_um",
              "field": 2,
              "wavelength": 1,
              "unit": "um",
              "id": "spot-2-1",
              "max": 120
            },
            "status": "fail",
            "value": 155.08544511582278,
            "unit": "um"
          },
          {
            "id": "spot-2-2",
            "key": "rms_spot_um|f=2|w=2",
            "requirement": {
              "metric": "rms_spot_um",
              "field": 2,
              "wavelength": 2,
              "unit": "um",
              "id": "spot-2-2",
              "max": 120
            },
            "status": "fail",
            "value": 126.9644754639317,
            "unit": "um"
          },
          {
            "id": "spot-2-3",
            "key": "rms_spot_um|f=2|w=3",
            "requirement": {
              "metric": "rms_spot_um",
              "field": 2,
              "wavelength": 3,
              "unit": "um",
              "id": "spot-2-3",
              "max": 120
            },
            "status": "pass",
            "value": 96.52688932187884,
            "unit": "um"
          },
          {
            "id": "spot-3-1",
            "key": "rms_spot_um|f=3|w=1",
            "requirement": {
              "metric": "rms_spot_um",
              "field": 3,
              "wavelength": 1,
              "unit": "um",
              "id": "spot-3-1",
              "max": 120
            },
            "status": "fail",
            "value": 195.6754423647535,
            "unit": "um"
          },
          {
            "id": "spot-3-2",
            "key": "rms_spot_um|f=3|w=2",
            "requirement": {
              "metric": "rms_spot_um",
              "field": 3,
              "wavelength": 2,
              "unit": "um",
              "id": "spot-3-2",
              "max": 120
            },
            "status": "fail",
            "value": 167.54565007133996,
            "unit": "um"
          },
          {
            "id": "spot-3-3",
            "key": "rms_spot_um|f=3|w=3",
            "requirement": {
              "metric": "rms_spot_um",
              "field": 3,
              "wavelength": 3,
              "unit": "um",
              "id": "spot-3-3",
              "max": 120
            },
            "status": "fail",
            "value": 137.15498643325014,
            "unit": "um"
          }
        ]
      },
      "objective_breakdown": {
        "aggregation": "weighted_rms",
        "direction": "minimize",
        "value": 4.642001439841981,
        "unit": "1",
        "terms": [
          {
            "metric": "rms_spot_um",
            "field": 1,
            "wavelength": 1,
            "key": "rms_spot_um|f=1|w=1",
            "unit": "um",
            "value": 141.7185535807488,
            "target": 0,
            "scale": 30,
            "weight": 1,
            "normalized_residual": 4.723951786024959,
            "weighted_residual": 1.574650595341653
          },
          {
            "metric": "rms_spot_um",
            "field": 1,
            "wavelength": 2,
            "key": "rms_spot_um|f=1|w=2",
            "unit": "um",
            "value": 113.57010029328067,
            "target": 0,
            "scale": 30,
            "weight": 1,
            "normalized_residual": 3.7856700097760223,
            "weighted_residual": 1.261890003258674
          },
          {
            "metric": "rms_spot_um",
            "field": 1,
            "wavelength": 3,
            "key": "rms_spot_um|f=1|w=3",
            "unit": "um",
            "value": 83.04873859564046,
            "target": 0,
            "scale": 30,
            "weight": 1,
            "normalized_residual": 2.7682912865213485,
            "weighted_residual": 0.9227637621737828
          },
          {
            "metric": "rms_spot_um",
            "field": 2,
            "wavelength": 1,
            "key": "rms_spot_um|f=2|w=1",
            "unit": "um",
            "value": 155.08544511582278,
            "target": 0,
            "scale": 30,
            "weight": 1,
            "normalized_residual": 5.169514837194092,
            "weighted_residual": 1.7231716123980307
          },
          {
            "metric": "rms_spot_um",
            "field": 2,
            "wavelength": 2,
            "key": "rms_spot_um|f=2|w=2",
            "unit": "um",
            "value": 126.9644754639317,
            "target": 0,
            "scale": 30,
            "weight": 1,
            "normalized_residual": 4.232149182131057,
            "weighted_residual": 1.4107163940436855
          },
          {
            "metric": "rms_spot_um",
            "field": 2,
            "wavelength": 3,
            "key": "rms_spot_um|f=2|w=3",
            "unit": "um",
            "value": 96.52688932187884,
            "target": 0,
            "scale": 30,
            "weight": 1,
            "normalized_residual": 3.2175629773959615,
            "weighted_residual": 1.0725209924653205
          },
          {
            "metric": "rms_spot_um",
            "field": 3,
            "wavelength": 1,
            "key": "rms_spot_um|f=3|w=1",
            "unit": "um",
            "value": 195.6754423647535,
            "target": 0,
            "scale": 30,
            "weight": 1,
            "normalized_residual": 6.522514745491784,
            "weighted_residual": 2.1741715818305947
          },
          {
            "metric": "rms_spot_um",
            "field": 3,
            "wavelength": 2,
            "key": "rms_spot_um|f=3|w=2",
            "unit": "um",
            "value": 167.54565007133996,
            "target": 0,
            "scale": 30,
            "weight": 1,
            "normalized_residual": 5.584855002377998,
            "weighted_residual": 1.8616183341259993
          },
          {
            "metric": "rms_spot_um",
            "field": 3,
            "wavelength": 3,
            "key": "rms_spot_um|f=3|w=3",
            "unit": "um",
            "value": 137.15498643325014,
            "target": 0,
            "scale": 30,
            "weight": 1,
            "normalized_residual": 4.571832881108338,
            "weighted_residual": 1.5239442937027792
          }
        ]
      },
      "objective_value": 4.642001439841981
    },
    {
      "kind": "search",
      "parameters_mm": [
        52.0,
        45.75
      ],
      "inspection": {
        "engine": {
          "name": "OpticStudio",
          "version": "24.1.0",
          "zospy_version": "2.1.5",
          "pythonnet_version": "3.1.0",
          "license": "PremiumEdition"
        },
        "focus_mm": 45.75,
        "image_surface": 3,
        "surfaces": [
          {
            "index": 0,
            "is_image": false,
            "is_stop": false,
            "type": "Standard",
            "radius_mm": "Infinity",
            "thickness_mm": "Infinity",
            "material": "",
            "conic": 0.0,
            "coating": "",
            "tilts": [
              0.0,
              0.0,
              0.0,
              0.0,
              0.0,
              0.0,
              0.0,
              0.0,
              0.0,
              0.0
            ],
            "aperture": "None",
            "semi_diameter_solve": "Automatic",
            "asphere_coefficients": []
          },
          {
            "index": 1,
            "is_image": false,
            "is_stop": true,
            "type": "Standard",
            "radius_mm": 52.0,
            "thickness_mm": 5.0,
            "material": "N-BK7",
            "conic": 0.0,
            "coating": "",
            "tilts": [
              0.0,
              0.0,
              0.0,
              0.0,
              0.0,
              0.0,
              0.0,
              0.0,
              0.0,
              0.0
            ],
            "aperture": "None",
            "semi_diameter_solve": "Automatic",
            "asphere_coefficients": []
          },
          {
            "index": 2,
            "is_image": false,
            "is_stop": false,
            "type": "Standard",
            "radius_mm": -50.0,
            "thickness_mm": 45.75,
            "material": "",
            "conic": 0.0,
            "coating": "",
            "tilts": [
              0.0,
              0.0,
              0.0,
              0.0,
              0.0,
              0.0,
              0.0,
              0.0,
              0.0,
              0.0
            ],
            "aperture": "None",
            "semi_diameter_solve": "Automatic",
            "asphere_coefficients": []
          },
          {
            "index": 3,
            "is_image": true,
            "is_stop": false,
            "type": "Standard",
            "radius_mm": "Infinity",
            "thickness_mm": "Infinity",
            "material": "",
            "conic": 0.0,
            "coating": "",
            "tilts": [
              0.0,
              0.0,
              0.0,
              0.0,
              0.0,
              0.0,
              0.0,
              0.0,
              0.0,
              0.0
            ],
            "aperture": "None",
            "semi_diameter_solve": "Automatic",
            "asphere_coefficients": []
          }
        ],
        "invariants": {
          "surfaces": [
            {
              "index": 0,
              "is_image": false,
              "is_stop": false,
              "type": "Standard",
              "radius_mm": "Infinity",
              "thickness_mm": "Infinity",
              "material": "",
              "conic": 0.0,
              "coating": "",
              "tilts": [
                0.0,
                0.0,
                0.0,
                0.0,
                0.0,
                0.0,
                0.0,
                0.0,
                0.0,
                0.0
              ],
              "aperture": "None",
              "semi_diameter_solve": "Automatic",
              "asphere_coefficients": []
            },
            {
              "index": 1,
              "is_image": false,
              "is_stop": true,
              "type": "Standard",
              "radius_mm": 52.0,
              "thickness_mm": 5.0,
              "material": "N-BK7",
              "conic": 0.0,
              "coating": "",
              "tilts": [
                0.0,
                0.0,
                0.0,
                0.0,
                0.0,
                0.0,
                0.0,
                0.0,
                0.0,
                0.0
              ],
              "aperture": "None",
              "semi_diameter_solve": "Automatic",
              "asphere_coefficients": []
            },
            {
              "index": 2,
              "is_image": false,
              "is_stop": false,
              "type": "Standard",
              "radius_mm": -50.0,
              "material": "",
              "conic": 0.0,
              "coating": "",
              "tilts": [
                0.0,
                0.0,
                0.0,
                0.0,
                0.0,
                0.0,
                0.0,
                0.0,
                0.0,
                0.0
              ],
              "aperture": "None",
              "semi_diameter_solve": "Automatic",
              "asphere_coefficients": []
            },
            {
              "index": 3,
              "is_image": true,
              "is_stop": false,
              "type": "Standard",
              "radius_mm": "Infinity",
              "thickness_mm": "Infinity",
              "material": "",
              "conic": 0.0,
              "coating": "",
              "tilts": [
                0.0,
                0.0,
                0.0,
                0.0,
                0.0,
                0.0,
                0.0,
                0.0,
                0.0,
                0.0
              ],
              "aperture": "None",
              "semi_diameter_solve": "Automatic",
              "asphere_coefficients": []
            }
          ],
          "fields": [
            {
              "index": 1,
              "x_deg": 0.0,
              "y_deg": 0.0,
              "weight": 1.0
            },
            {
              "index": 2,
              "x_deg": 0.0,
              "y_deg": 3.0,
              "weight": 1.0
            },
            {
              "index": 3,
              "x_deg": 0.0,
              "y_deg": 6.0,
              "weight": 1.0
            }
          ],
          "wavelengths": [
            {
              "index": 1,
              "um": 0.4861327,
              "weight": 1.0,
              "primary": false
            },
            {
              "index": 2,
              "um": 0.55,
              "weight": 1.0,
              "primary": true
            },
            {
              "index": 3,
              "um": 0.6562725,
              "weight": 1.0,
              "primary": false
            }
          ],
          "aperture_type": "EntrancePupilDiameter",
          "aperture_mm": 10.0,
          "lens_units": "mm"
        },
        "limits": [
          "Sequential centered Standard conic/EvenAspheric refractive systems; fixed shape coefficients; angle fields; mm; EPD.",
          "Geometric centroid RMS spot and scalar FFT MTF are distinct metrics.",
          "A sparse pupil ray check detects gross failures; it is not a full vignetting analysis."
        ]
      },
      "measurements": [
        {
          "metric": "efl_mm",
          "unit": "mm",
          "value": 49.99615696660989,
          "settings": {
            "wavelength": 2,
            "wavelength_um": 0.55
          }
        },
        {
          "metric": "f_number",
          "unit": "1",
          "value": 4.999616,
          "settings": {
            "wavelength": 2,
            "wavelength_um": 0.55
          }
        },
        {
          "metric": "total_track_mm",
          "unit": "mm",
          "value": 50.75
        },
        {
          "metric": "image_distance_mm",
          "unit": "mm",
          "value": 45.75
        },
        {
          "metric": "rms_spot_um",
          "field": 1,
          "wavelength": 1,
          "unit": "um",
          "value": 126.88158290703024,
          "settings": {
            "reference": "centroid",
            "ray_density": 8,
            "native_analysis": "StandardSpot",
            "ray_check_count": 17,
            "field": 1,
            "field_xy_deg": [
              0.0,
              0.0
            ],
            "wavelength": 1,
            "wavelength_um": 0.4861327,
            "spectral_mode": "monochromatic"
          }
        },
        {
          "metric": "rms_spot_um",
          "field": 1,
          "wavelength": 2,
          "unit": "um",
          "value": 153.08249605046825,
          "settings": {
            "reference": "centroid",
            "ray_density": 8,
            "native_analysis": "StandardSpot",
            "ray_check_count": 17,
            "field": 1,
            "field_xy_deg": [
              0.0,
              0.0
            ],
            "wavelength": 2,
            "wavelength_um": 0.55,
            "spectral_mode": "monochromatic"
          }
        },
        {
          "metric": "rms_spot_um",
          "field": 1,
          "wavelength": 3,
          "unit": "um",
          "value": 181.69578623221696,
          "settings": {
            "reference": "centroid",
            "ray_density": 8,
            "native_analysis": "StandardSpot",
            "ray_check_count": 17,
            "field": 1,
            "field_xy_deg": [
              0.0,
              0.0
            ],
            "wavelength": 3,
            "wavelength_um": 0.6562725,
            "spectral_mode": "monochromatic"
          }
        },
        {
          "metric": "rms_spot_um",
          "field": 2,
          "wavelength": 1,
          "unit": "um",
          "value": 116.0983503686143,
          "settings": {
            "reference": "centroid",
            "ray_density": 8,
            "native_analysis": "StandardSpot",
            "ray_check_count": 17,
            "field": 2,
            "field_xy_deg": [
              0.0,
              3.0
            ],
            "wavelength": 1,
            "wavelength_um": 0.4861327,
            "spectral_mode": "monochromatic"
          }
        },
        {
          "metric": "rms_spot_um",
          "field": 2,
          "wavelength": 2,
          "unit": "um",
          "value": 142.15893219381144,
          "settings": {
            "reference": "centroid",
            "ray_density": 8,
            "native_analysis": "StandardSpot",
            "ray_check_count": 17,
            "field": 2,
            "field_xy_deg": [
              0.0,
              3.0
            ],
            "wavelength": 2,
            "wavelength_um": 0.55,
            "spectral_mode": "monochromatic"
          }
        },
        {
          "metric": "rms_spot_um",
          "field": 2,
          "wavelength": 3,
          "unit": "um",
          "value": 170.70006781990278,
          "settings": {
            "reference": "centroid",
            "ray_density": 8,
            "native_analysis": "StandardSpot",
            "ray_check_count": 17,
            "field": 2,
            "field_xy_deg": [
              0.0,
              3.0
            ],
            "wavelength": 3,
            "wavelength_um": 0.6562725,
            "spectral_mode": "monochromatic"
          }
        },
        {
          "metric": "rms_spot_um",
          "field": 3,
          "wavelength": 1,
          "unit": "um",
          "value": 86.51405126474847,
          "settings": {
            "reference": "centroid",
            "ray_density": 8,
            "native_analysis": "StandardSpot",
            "ray_check_count": 17,
            "field": 3,
            "field_xy_deg": [
              0.0,
              6.0
            ],
            "wavelength": 1,
            "wavelength_um": 0.4861327,
            "spectral_mode": "monochromatic"
          }
        },
        {
          "metric": "rms_spot_um",
          "field": 3,
          "wavelength": 2,
          "unit": "um",
          "value": 111.16885766320543,
          "settings": {
            "reference": "centroid",
            "ray_density": 8,
            "native_analysis": "StandardSpot",
            "ray_check_count": 17,
            "field": 3,
            "field_xy_deg": [
              0.0,
              6.0
            ],
            "wavelength": 2,
            "wavelength_um": 0.55,
            "spectral_mode": "monochromatic"
          }
        },
        {
          "metric": "rms_spot_um",
          "field": 3,
          "wavelength": 3,
          "unit": "um",
          "value": 138.90186958779248,
          "settings": {
            "reference": "centroid",
            "ray_density": 8,
            "native_analysis": "StandardSpot",
            "ray_check_count": 17,
            "field": 3,
            "field_xy_deg": [
              0.0,
              6.0
            ],
            "wavelength": 3,
            "wavelength_um": 0.6562725,
            "spectral_mode": "monochromatic"
          }
        }
      ],
      "assessment": {
        "passes": false,
        "requirements": [
          {
            "id": "focal-length",
            "key": "efl_mm",
            "requirement": {
              "id": "focal-length",
              "metric": "efl_mm",
              "unit": "mm",
              "min": 48,
              "max": 52
            },
            "status": "pass",
            "value": 49.99615696660989,
            "unit": "mm"
          },
          {
            "id": "track",
            "key": "total_track_mm",
            "requirement": {
              "id": "track",
              "metric": "total_track_mm",
              "unit": "mm",
              "max": 65
            },
            "status": "pass",
            "value": 50.75,
            "unit": "mm"
          },
          {
            "id": "spot-1-1",
            "key": "rms_spot_um|f=1|w=1",
            "requirement": {
              "metric": "rms_spot_um",
              "field": 1,
              "wavelength": 1,
              "unit": "um",
              "id": "spot-1-1",
              "max": 120
            },
            "status": "fail",
            "value": 126.88158290703024,
            "unit": "um"
          },
          {
            "id": "spot-1-2",
            "key": "rms_spot_um|f=1|w=2",
            "requirement": {
              "metric": "rms_spot_um",
              "field": 1,
              "wavelength": 2,
              "unit": "um",
              "id": "spot-1-2",
              "max": 120
            },
            "status": "fail",
            "value": 153.08249605046825,
            "unit": "um"
          },
          {
            "id": "spot-1-3",
            "key": "rms_spot_um|f=1|w=3",
            "requirement": {
              "metric": "rms_spot_um",
              "field": 1,
              "wavelength": 3,
              "unit": "um",
              "id": "spot-1-3",
              "max": 120
            },
            "status": "fail",
            "value": 181.69578623221696,
            "unit": "um"
          },
          {
            "id": "spot-2-1",
            "key": "rms_spot_um|f=2|w=1",
            "requirement": {
              "metric": "rms_spot_um",
              "field": 2,
              "wavelength": 1,
              "unit": "um",
              "id": "spot-2-1",
              "max": 120
            },
            "status": "pass",
            "value": 116.0983503686143,
            "unit": "um"
          },
          {
            "id": "spot-2-2",
            "key": "rms_spot_um|f=2|w=2",
            "requirement": {
              "metric": "rms_spot_um",
              "field": 2,
              "wavelength": 2,
              "unit": "um",
              "id": "spot-2-2",
              "max": 120
            },
            "status": "fail",
            "value": 142.15893219381144,
            "unit": "um"
          },
          {
            "id": "spot-2-3",
            "key": "rms_spot_um|f=2|w=3",
            "requirement": {
              "metric": "rms_spot_um",
              "field": 2,
              "wavelength": 3,
              "unit": "um",
              "id": "spot-2-3",
              "max": 120
            },
            "status": "fail",
            "value": 170.70006781990278,
            "unit": "um"
          },
          {
            "id": "spot-3-1",
            "key": "rms_spot_um|f=3|w=1",
            "requirement": {
              "metric": "rms_spot_um",
              "field": 3,
              "wavelength": 1,
              "unit": "um",
              "id": "spot-3-1",
              "max": 120
            },
            "status": "pass",
            "value": 86.51405126474847,
            "unit": "um"
          },
          {
            "id": "spot-3-2",
            "key": "rms_spot_um|f=3|w=2",
            "requirement": {
              "metric": "rms_spot_um",
              "field": 3,
              "wavelength": 2,
              "unit": "um",
              "id": "spot-3-2",
              "max": 120
            },
            "status": "pass",
            "value": 111.16885766320543,
            "unit": "um"
          },
          {
            "id": "spot-3-3",
            "key": "rms_spot_um|f=3|w=3",
            "requirement": {
              "metric": "rms_spot_um",
              "field": 3,
              "wavelength": 3,
              "unit": "um",
              "id": "spot-3-3",
              "max": 120
            },
            "status": "fail",
            "value": 138.90186958779248,
            "unit": "um"
          }
        ]
      },
      "objective_breakdown": {
        "aggregation": "weighted_rms",
        "direction": "minimize",
        "value": 4.641598980588504,
        "unit": "1",
        "terms": [
          {
            "metric": "rms_spot_um",
            "field": 1,
            "wavelength": 1,
            "key": "rms_spot_um|f=1|w=1",
            "unit": "um",
            "value": 126.88158290703024,
            "target": 0,
            "scale": 30,
            "weight": 1,
            "normalized_residual": 4.229386096901008,
            "weighted_residual": 1.4097953656336693
          },
          {
            "metric": "rms_spot_um",
            "field": 1,
            "wavelength": 2,
            "key": "rms_spot_um|f=1|w=2",
            "unit": "um",
            "value": 153.08249605046825,
            "target": 0,
            "scale": 30,
            "weight": 1,
            "normalized_residual": 5.102749868348941,
            "weighted_residual": 1.7009166227829804
          },
          {
            "metric": "rms_spot_um",
            "field": 1,
            "wavelength": 3,
            "key": "rms_spot_um|f=1|w=3",
            "unit": "um",
            "value": 181.69578623221696,
            "target": 0,
            "scale": 30,
            "weight": 1,
            "normalized_residual": 6.056526207740565,
            "weighted_residual": 2.0188420692468547
          },
          {
            "metric": "rms_spot_um",
            "field": 2,
            "wavelength": 1,
            "key": "rms_spot_um|f=2|w=1",
            "unit": "um",
            "value": 116.0983503686143,
            "target": 0,
            "scale": 30,
            "weight": 1,
            "normalized_residual": 3.8699450122871437,
            "weighted_residual": 1.2899816707623812
          },
          {
            "metric": "rms_spot_um",
            "field": 2,
            "wavelength": 2,
            "key": "rms_spot_um|f=2|w=2",
            "unit": "um",
            "value": 142.15893219381144,
            "target": 0,
            "scale": 30,
            "weight": 1,
            "normalized_residual": 4.738631073127048,
            "weighted_residual": 1.5795436910423493
          },
          {
            "metric": "rms_spot_um",
            "field": 2,
            "wavelength": 3,
            "key": "rms_spot_um|f=2|w=3",
            "unit": "um",
            "value": 170.70006781990278,
            "target": 0,
            "scale": 30,
            "weight": 1,
            "normalized_residual": 5.690002260663426,
            "weighted_residual": 1.8966674202211418
          },
          {
            "metric": "rms_spot_um",
            "field": 3,
            "wavelength": 1,
            "key": "rms_spot_um|f=3|w=1",
            "unit": "um",
            "value": 86.51405126474847,
            "target": 0,
            "scale": 30,
            "weight": 1,
            "normalized_residual": 2.883801708824949,
            "weighted_residual": 0.961267236274983
          },
          {
            "metric": "rms_spot_um",
            "field": 3,
            "wavelength": 2,
            "key": "rms_spot_um|f=3|w=2",
            "unit": "um",
            "value": 111.16885766320543,
            "target": 0,
            "scale": 30,
            "weight": 1,
            "normalized_residual": 3.7056285887735143,
            "weighted_residual": 1.2352095295911714
          },
          {
            "metric": "rms_spot_um",
            "field": 3,
            "wavelength": 3,
            "key": "rms_spot_um|f=3|w=3",
            "unit": "um",
            "value": 138.90186958779248,
            "target": 0,
            "scale": 30,
            "weight": 1,
            "normalized_residual": 4.630062319593082,
            "weighted_residual": 1.5433541065310274
          }
        ]
      },
      "objective_value": 4.641598980588504
    },
    {
      "kind": "search",
      "parameters_mm": [
        51.50000000000001,
        47.5
      ],
      "inspection": {
        "engine": {
          "name": "OpticStudio",
          "version": "24.1.0",
          "zospy_version": "2.1.5",
          "pythonnet_version": "3.1.0",
          "license": "PremiumEdition"
        },
        "focus_mm": 47.5,
        "image_surface": 3,
        "surfaces": [
          {
            "index": 0,
            "is_image": false,
            "is_stop": false,
            "type": "Standard",
            "radius_mm": "Infinity",
            "thickness_mm": "Infinity",
            "material": "",
            "conic": 0.0,
            "coating": "",
            "tilts": [
              0.0,
              0.0,
              0.0,
              0.0,
              0.0,
              0.0,
              0.0,
              0.0,
              0.0,
              0.0
            ],
            "aperture": "None",
            "semi_diameter_solve": "Automatic",
            "asphere_coefficients": []
          },
          {
            "index": 1,
            "is_image": false,
            "is_stop": true,
            "type": "Standard",
            "radius_mm": 51.50000000000001,
            "thickness_mm": 5.0,
            "material": "N-BK7",
            "conic": 0.0,
            "coating": "",
            "tilts": [
              0.0,
              0.0,
              0.0,
              0.0,
              0.0,
              0.0,
              0.0,
              0.0,
              0.0,
              0.0
            ],
            "aperture": "None",
            "semi_diameter_solve": "Automatic",
            "asphere_coefficients": []
          },
          {
            "index": 2,
            "is_image": false,
            "is_stop": false,
            "type": "Standard",
            "radius_mm": -50.0,
            "thickness_mm": 47.5,
            "material": "",
            "conic": 0.0,
            "coating": "",
            "tilts": [
              0.0,
              0.0,
              0.0,
              0.0,
              0.0,
              0.0,
              0.0,
              0.0,
              0.0,
              0.0
            ],
            "aperture": "None",
            "semi_diameter_solve": "Automatic",
            "asphere_coefficients": []
          },
          {
            "index": 3,
            "is_image": true,
            "is_stop": false,
            "type": "Standard",
            "radius_mm": "Infinity",
            "thickness_mm": "Infinity",
            "material": "",
            "conic": 0.0,
            "coating": "",
            "tilts": [
              0.0,
              0.0,
              0.0,
              0.0,
              0.0,
              0.0,
              0.0,
              0.0,
              0.0,
              0.0
            ],
            "aperture": "None",
            "semi_diameter_solve": "Automatic",
            "asphere_coefficients": []
          }
        ],
        "invariants": {
          "surfaces": [
            {
              "index": 0,
              "is_image": false,
              "is_stop": false,
              "type": "Standard",
              "radius_mm": "Infinity",
              "thickness_mm": "Infinity",
              "material": "",
              "conic": 0.0,
              "coating": "",
              "tilts": [
                0.0,
                0.0,
                0.0,
                0.0,
                0.0,
                0.0,
                0.0,
                0.0,
                0.0,
                0.0
              ],
              "aperture": "None",
              "semi_diameter_solve": "Automatic",
              "asphere_coefficients": []
            },
            {
              "index": 1,
              "is_image": false,
              "is_stop": true,
              "type": "Standard",
              "radius_mm": 51.50000000000001,
              "thickness_mm": 5.0,
              "material": "N-BK7",
              "conic": 0.0,
              "coating": "",
              "tilts": [
                0.0,
                0.0,
                0.0,
                0.0,
                0.0,
                0.0,
                0.0,
                0.0,
                0.0,
                0.0
              ],
              "aperture": "None",
              "semi_diameter_solve": "Automatic",
              "asphere_coefficients": []
            },
            {
              "index": 2,
              "is_image": false,
              "is_stop": false,
              "type": "Standard",
              "radius_mm": -50.0,
              "material": "",
              "conic": 0.0,
              "coating": "",
              "tilts": [
                0.0,
                0.0,
                0.0,
                0.0,
                0.0,
                0.0,
                0.0,
                0.0,
                0.0,
                0.0
              ],
              "aperture": "None",
              "semi_diameter_solve": "Automatic",
              "asphere_coefficients": []
            },
            {
              "index": 3,
              "is_image": true,
              "is_stop": false,
              "type": "Standard",
              "radius_mm": "Infinity",
              "thickness_mm": "Infinity",
              "material": "",
              "conic": 0.0,
              "coating": "",
              "tilts": [
                0.0,
                0.0,
                0.0,
                0.0,
                0.0,
                0.0,
                0.0,
                0.0,
                0.0,
                0.0
              ],
              "aperture": "None",
              "semi_diameter_solve": "Automatic",
              "asphere_coefficients": []
            }
          ],
          "fields": [
            {
              "index": 1,
              "x_deg": 0.0,
              "y_deg": 0.0,
              "weight": 1.0
            },
            {
              "index": 2,
              "x_deg": 0.0,
              "y_deg": 3.0,
              "weight": 1.0
            },
            {
              "index": 3,
              "x_deg": 0.0,
              "y_deg": 6.0,
              "weight": 1.0
            }
          ],
          "wavelengths": [
            {
              "index": 1,
              "um": 0.4861327,
              "weight": 1.0,
              "primary": false
            },
            {
              "index": 2,
              "um": 0.55,
              "weight": 1.0,
              "primary": true
            },
            {
              "index": 3,
              "um": 0.6562725,
              "weight": 1.0,
              "primary": false
            }
          ],
          "aperture_type": "EntrancePupilDiameter",
          "aperture_mm": 10.0,
          "lens_units": "mm"
        },
        "limits": [
          "Sequential centered Standard conic/EvenAspheric refractive systems; fixed shape coefficients; angle fields; mm; EPD.",
          "Geometric centroid RMS spot and scalar FFT MTF are distinct metrics.",
          "A sparse pupil ray check detects gross failures; it is not a full vignetting analysis."
        ]
      },
      "measurements": [
        {
          "metric": "efl_mm",
          "unit": "mm",
          "value": 49.76351616833463,
          "settings": {
            "wavelength": 2,
            "wavelength_um": 0.55
          }
        },
        {
          "metric": "f_number",
          "unit": "1",
          "value": 4.976352,
          "settings": {
            "wavelength": 2,
            "wavelength_um": 0.55
          }
        },
        {
          "metric": "total_track_mm",
          "unit": "mm",
          "value": 52.5
        },
        {
          "metric": "image_distance_mm",
          "unit": "mm",
          "value": 47.5
        },
        {
          "metric": "rms_spot_um",
          "field": 1,
          "wavelength": 1,
          "unit": "um",
          "value": 30.201756727608753,
          "settings": {
            "reference": "centroid",
            "ray_density": 8,
            "native_analysis": "StandardSpot",
            "ray_check_count": 17,
            "field": 1,
            "field_xy_deg": [
              0.0,
              0.0
            ],
            "wavelength": 1,
            "wavelength_um": 0.4861327,
            "spectral_mode": "monochromatic"
          }
        },
        {
          "metric": "rms_spot_um",
          "field": 1,
          "wavelength": 2,
          "unit": "um",
          "value": 15.675071063193062,
          "settings": {
            "reference": "centroid",
            "ray_density": 8,
            "native_analysis": "StandardSpot",
            "ray_check_count": 17,
            "field": 1,
            "field_xy_deg": [
              0.0,
              0.0
            ],
            "wavelength": 2,
            "wavelength_um": 0.55,
            "spectral_mode": "monochromatic"
          }
        },
        {
          "metric": "rms_spot_um",
          "field": 1,
          "wavelength": 3,
          "unit": "um",
          "value": 35.234240822411785,
          "settings": {
            "reference": "centroid",
            "ray_density": 8,
            "native_analysis": "StandardSpot",
            "ray_check_count": 17,
            "field": 1,
            "field_xy_deg": [
              0.0,
              0.0
            ],
            "wavelength": 3,
            "wavelength_um": 0.6562725,
            "spectral_mode": "monochromatic"
          }
        },
        {
          "metric": "rms_spot_um",
          "field": 2,
          "wavelength": 1,
          "unit": "um",
          "value": 43.831251794714795,
          "settings": {
            "reference": "centroid",
            "ray_density": 8,
            "native_analysis": "StandardSpot",
            "ray_check_count": 17,
            "field": 2,
            "field_xy_deg": [
              0.0,
              3.0
            ],
            "wavelength": 1,
            "wavelength_um": 0.4861327,
            "spectral_mode": "monochromatic"
          }
        },
        {
          "metric": "rms_spot_um",
          "field": 2,
          "wavelength": 2,
          "unit": "um",
          "value": 23.905098227273246,
          "settings": {
            "reference": "centroid",
            "ray_density": 8,
            "native_analysis": "StandardSpot",
            "ray_check_count": 17,
            "field": 2,
            "field_xy_deg": [
              0.0,
              3.0
            ],
            "wavelength": 2,
            "wavelength_um": 0.55,
            "spectral_mode": "monochromatic"
          }
        },
        {
          "metric": "rms_spot_um",
          "field": 2,
          "wavelength": 3,
          "unit": "um",
          "value": 28.860454352592676,
          "settings": {
            "reference": "centroid",
            "ray_density": 8,
            "native_analysis": "StandardSpot",
            "ray_check_count": 17,
            "field": 2,
            "field_xy_deg": [
              0.0,
              3.0
            ],
            "wavelength": 3,
            "wavelength_um": 0.6562725,
            "spectral_mode": "monochromatic"
          }
        },
        {
          "metric": "rms_spot_um",
          "field": 3,
          "wavelength": 1,
          "unit": "um",
          "value": 84.11866200071987,
          "settings": {
            "reference": "centroid",
            "ray_density": 8,
            "native_analysis": "StandardSpot",
            "ray_check_count": 17,
            "field": 3,
            "field_xy_deg": [
              0.0,
              6.0
            ],
            "wavelength": 1,
            "wavelength_um": 0.4861327,
            "spectral_mode": "monochromatic"
          }
        },
        {
          "metric": "rms_spot_um",
          "field": 3,
          "wavelength": 2,
          "unit": "um",
          "value": 60.25384057385268,
          "settings": {
            "reference": "centroid",
            "ray_density": 8,
            "native_analysis": "StandardSpot",
            "ray_check_count": 17,
            "field": 3,
            "field_xy_deg": [
              0.0,
              6.0
            ],
            "wavelength": 2,
            "wavelength_um": 0.55,
            "spectral_mode": "monochromatic"
          }
        },
        {
          "metric": "rms_spot_um",
          "field": 3,
          "wavelength": 3,
          "unit": "um",
          "value": 40.49314343654005,
          "settings": {
            "reference": "centroid",
            "ray_density": 8,
            "native_analysis": "StandardSpot",
            "ray_check_count": 17,
            "field": 3,
            "field_xy_deg": [
              0.0,
              6.0
            ],
            "wavelength": 3,
            "wavelength_um": 0.6562725,
            "spectral_mode": "monochromatic"
          }
        }
      ],
      "assessment": {
        "passes": true,
        "requirements": [
          {
            "id": "focal-length",
            "key": "efl_mm",
            "requirement": {
              "id": "focal-length",
              "metric": "efl_mm",
              "unit": "mm",
              "min": 48,
              "max": 52
            },
            "status": "pass",
            "value": 49.76351616833463,
            "unit": "mm"
          },
          {
            "id": "track",
            "key": "total_track_mm",
            "requirement": {
              "id": "track",
              "metric": "total_track_mm",
              "unit": "mm",
              "max": 65
            },
            "status": "pass",
            "value": 52.5,
            "unit": "mm"
          },
          {
            "id": "spot-1-1",
            "key": "rms_spot_um|f=1|w=1",
            "requirement": {
              "metric": "rms_spot_um",
              "field": 1,
              "wavelength": 1,
              "unit": "um",
              "id": "spot-1-1",
              "max": 120
            },
            "status": "pass",
            "value": 30.201756727608753,
            "unit": "um"
          },
          {
            "id": "spot-1-2",
            "key": "rms_spot_um|f=1|w=2",
            "requirement": {
              "metric": "rms_spot_um",
              "field": 1,
              "wavelength": 2,
              "unit": "um",
              "id": "spot-1-2",
              "max": 120
            },
            "status": "pass",
            "value": 15.675071063193062,
            "unit": "um"
          },
          {
            "id": "spot-1-3",
            "key": "rms_spot_um|f=1|w=3",
            "requirement": {
              "metric": "rms_spot_um",
              "field": 1,
              "wavelength": 3,
              "unit": "um",
              "id": "spot-1-3",
              "max": 120
            },
            "status": "pass",
            "value": 35.234240822411785,
            "unit": "um"
          },
          {
            "id": "spot-2-1",
            "key": "rms_spot_um|f=2|w=1",
            "requirement": {
              "metric": "rms_spot_um",
              "field": 2,
              "wavelength": 1,
              "unit": "um",
              "id": "spot-2-1",
              "max": 120
            },
            "status": "pass",
            "value": 43.831251794714795,
            "unit": "um"
          },
          {
            "id": "spot-2-2",
            "key": "rms_spot_um|f=2|w=2",
            "requirement": {
              "metric": "rms_spot_um",
              "field": 2,
              "wavelength": 2,
              "unit": "um",
              "id": "spot-2-2",
              "max": 120
            },
            "status": "pass",
            "value": 23.905098227273246,
            "unit": "um"
          },
          {
            "id": "spot-2-3",
            "key": "rms_spot_um|f=2|w=3",
            "requirement": {
              "metric": "rms_spot_um",
              "field": 2,
              "wavelength": 3,
              "unit": "um",
              "id": "spot-2-3",
              "max": 120
            },
            "status": "pass",
            "value": 28.860454352592676,
            "unit": "um"
          },
          {
            "id": "spot-3-1",
            "key": "rms_spot_um|f=3|w=1",
            "requirement": {
              "metric": "rms_spot_um",
              "field": 3,
              "wavelength": 1,
              "unit": "um",
              "id": "spot-3-1",
              "max": 120
            },
            "status": "pass",
            "value": 84.11866200071987,
            "unit": "um"
          },
          {
            "id": "spot-3-2",
            "key": "rms_spot_um|f=3|w=2",
            "requirement": {
              "metric": "rms_spot_um",
              "field": 3,
              "wavelength": 2,
              "unit": "um",
              "id": "spot-3-2",
              "max": 120
            },
            "status": "pass",
            "value": 60.25384057385268,
            "unit": "um"
          },
          {
            "id": "spot-3-3",
            "key": "rms_spot_um|f=3|w=3",
            "requirement": {
              "metric": "rms_spot_um",
              "field": 3,
              "wavelength": 3,
              "unit": "um",
              "id": "spot-3-3",
              "max": 120
            },
            "status": "pass",
            "value": 40.49314343654005,
            "unit": "um"
          }
        ]
      },
      "objective_breakdown": {
        "aggregation": "weighted_rms",
        "direction": "minimize",
        "value": 1.4936504762134126,
        "unit": "1",
        "terms": [
          {
            "metric": "rms_spot_um",
            "field": 1,
            "wavelength": 1,
            "key": "rms_spot_um|f=1|w=1",
            "unit": "um",
            "value": 30.201756727608753,
            "target": 0,
            "scale": 30,
            "weight": 1,
            "normalized_residual": 1.006725224253625,
            "weighted_residual": 0.33557507475120835
          },
          {
            "metric": "rms_spot_um",
            "field": 1,
            "wavelength": 2,
            "key": "rms_spot_um|f=1|w=2",
            "unit": "um",
            "value": 15.675071063193062,
            "target": 0,
            "scale": 30,
            "weight": 1,
            "normalized_residual": 0.5225023687731021,
            "weighted_residual": 0.1741674562577007
          },
          {
            "metric": "rms_spot_um",
            "field": 1,
            "wavelength": 3,
            "key": "rms_spot_um|f=1|w=3",
            "unit": "um",
            "value": 35.234240822411785,
            "target": 0,
            "scale": 30,
            "weight": 1,
            "normalized_residual": 1.1744746940803927,
            "weighted_residual": 0.39149156469346424
          },
          {
            "metric": "rms_spot_um",
            "field": 2,
            "wavelength": 1,
            "key": "rms_spot_um|f=2|w=1",
            "unit": "um",
            "value": 43.831251794714795,
            "target": 0,
            "scale": 30,
            "weight": 1,
            "normalized_residual": 1.4610417264904931,
            "weighted_residual": 0.4870139088301644
          },
          {
            "metric": "rms_spot_um",
            "field": 2,
            "wavelength": 2,
            "key": "rms_spot_um|f=2|w=2",
            "unit": "um",
            "value": 23.905098227273246,
            "target": 0,
            "scale": 30,
            "weight": 1,
            "normalized_residual": 0.7968366075757749,
            "weighted_residual": 0.2656122025252583
          },
          {
            "metric": "rms_spot_um",
            "field": 2,
            "wavelength": 3,
            "key": "rms_spot_um|f=2|w=3",
            "unit": "um",
            "value": 28.860454352592676,
            "target": 0,
            "scale": 30,
            "weight": 1,
            "normalized_residual": 0.9620151450864225,
            "weighted_residual": 0.3206717150288075
          },
          {
            "metric": "rms_spot_um",
            "field": 3,
            "wavelength": 1,
            "key": "rms_spot_um|f=3|w=1",
            "unit": "um",
            "value": 84.11866200071987,
            "target": 0,
            "scale": 30,
            "weight": 1,
            "normalized_residual": 2.8039554000239955,
            "weighted_residual": 0.9346518000079984
          },
          {
            "metric": "rms_spot_um",
            "field": 3,
            "wavelength": 2,
            "key": "rms_spot_um|f=3|w=2",
            "unit": "um",
            "value": 60.25384057385268,
            "target": 0,
            "scale": 30,
            "weight": 1,
            "normalized_residual": 2.008461352461756,
            "weighted_residual": 0.6694871174872519
          },
          {
            "metric": "rms_spot_um",
            "field": 3,
            "wavelength": 3,
            "key": "rms_spot_um|f=3|w=3",
            "unit": "um",
            "value": 40.49314343654005,
            "target": 0,
            "scale": 30,
            "weight": 1,
            "normalized_residual": 1.3497714478846683,
            "weighted_residual": 0.44992381596155606
          }
        ]
      },
      "objective_value": 1.4936504762134126
    },
    {
      "kind": "search",
      "parameters_mm": [
        52.0,
        48.375
      ],
      "inspection": {
        "engine": {
          "name": "OpticStudio",
          "version": "24.1.0",
          "zospy_version": "2.1.5",
          "pythonnet_version": "3.1.0",
          "license": "PremiumEdition"
        },
        "focus_mm": 48.375,
        "image_surface": 3,
        "surfaces": [
          {
            "index": 0,
            "is_image": false,
            "is_stop": false,
            "type": "Standard",
            "radius_mm": "Infinity",
            "thickness_mm": "Infinity",
            "material": "",
            "conic": 0.0,
            "coating": "",
            "tilts": [
              0.0,
              0.0,
              0.0,
              0.0,
              0.0,
              0.0,
              0.0,
              0.0,
              0.0,
              0.0
            ],
            "aperture": "None",
            "semi_diameter_solve": "Automatic",
            "asphere_coefficients": []
          },
          {
            "index": 1,
            "is_image": false,
            "is_stop": true,
            "type": "Standard",
            "radius_mm": 52.0,
            "thickness_mm": 5.0,
            "material": "N-BK7",
            "conic": 0.0,
            "coating": "",
            "tilts": [
              0.0,
              0.0,
              0.0,
              0.0,
              0.0,
              0.0,
              0.0,
              0.0,
              0.0,
              0.0
            ],
            "aperture": "None",
            "semi_diameter_solve": "Automatic",
            "asphere_coefficients": []
          },
          {
            "index": 2,
            "is_image": false,
            "is_stop": false,
            "type": "Standard",
            "radius_mm": -50.0,
            "thickness_mm": 48.375,
            "material": "",
            "conic": 0.0,
            "coating": "",
            "tilts": [
              0.0,
              0.0,
              0.0,
              0.0,
              0.0,
              0.0,
              0.0,
              0.0,
              0.0,
              0.0
            ],
            "aperture": "None",
            "semi_diameter_solve": "Automatic",
            "asphere_coefficients": []
          },
          {
            "index": 3,
            "is_image": true,
            "is_stop": false,
            "type": "Standard",
            "radius_mm": "Infinity",
            "thickness_mm": "Infinity",
            "material": "",
            "conic": 0.0,
            "coating": "",
            "tilts": [
              0.0,
              0.0,
              0.0,
              0.0,
              0.0,
              0.0,
              0.0,
              0.0,
              0.0,
              0.0
            ],
            "aperture": "None",
            "semi_diameter_solve": "Automatic",
            "asphere_coefficients": []
          }
        ],
        "invariants": {
          "surfaces": [
            {
              "index": 0,
              "is_image": false,
              "is_stop": false,
              "type": "Standard",
              "radius_mm": "Infinity",
              "thickness_mm": "Infinity",
              "material": "",
              "conic": 0.0,
              "coating": "",
              "tilts": [
                0.0,
                0.0,
                0.0,
                0.0,
                0.0,
                0.0,
                0.0,
                0.0,
                0.0,
                0.0
              ],
              "aperture": "None",
              "semi_diameter_solve": "Automatic",
              "asphere_coefficients": []
            },
            {
              "index": 1,
              "is_image": false,
              "is_stop": true,
              "type": "Standard",
              "radius_mm": 52.0,
              "thickness_mm": 5.0,
              "material": "N-BK7",
              "conic": 0.0,
              "coating": "",
              "tilts": [
                0.0,
                0.0,
                0.0,
                0.0,
                0.0,
                0.0,
                0.0,
                0.0,
                0.0,
                0.0
              ],
              "aperture": "None",
              "semi_diameter_solve": "Automatic",
              "asphere_coefficients": []
            },
            {
              "index": 2,
              "is_image": false,
              "is_stop": false,
              "type": "Standard",
              "radius_mm": -50.0,
              "material": "",
              "conic": 0.0,
              "coating": "",
              "tilts": [
                0.0,
                0.0,
                0.0,
                0.0,
                0.0,
                0.0,
                0.0,
                0.0,
                0.0,
                0.0
              ],
              "aperture": "None",
              "semi_diameter_solve": "Automatic",
              "asphere_coefficients": []
            },
            {
              "index": 3,
              "is_image": true,
              "is_stop": false,
              "type": "Standard",
              "radius_mm": "Infinity",
              "thickness_mm": "Infinity",
              "material": "",
              "conic": 0.0,
              "coating": "",
              "tilts": [
                0.0,
                0.0,
                0.0,
                0.0,
                0.0,
                0.0,
                0.0,
                0.0,
                0.0,
                0.0
              ],
              "aperture": "None",
              "semi_diameter_solve": "Automatic",
              "asphere_coefficients": []
            }
          ],
          "fields": [
            {
              "index": 1,
              "x_deg": 0.0,
              "y_deg": 0.0,
              "weight": 1.0
            },
            {
              "index": 2,
              "x_deg": 0.0,
              "y_deg": 3.0,
              "weight": 1.0
            },
            {
              "index": 3,
              "x_deg": 0.0,
              "y_deg": 6.0,
              "weight": 1.0
            }
          ],
          "wavelengths": [
            {
              "index": 1,
              "um": 0.4861327,
              "weight": 1.0,
              "primary": false
            },
            {
              "index": 2,
              "um": 0.55,
              "weight": 1.0,
              "primary": true
            },
            {
              "index": 3,
              "um": 0.6562725,
              "weight": 1.0,
              "primary": false
            }
          ],
          "aperture_type": "EntrancePupilDiameter",
          "aperture_mm": 10.0,
          "lens_units": "mm"
        },
        "limits": [
          "Sequential centered Standard conic/EvenAspheric refractive systems; fixed shape coefficients; angle fields; mm; EPD.",
          "Geometric centroid RMS spot and scalar FFT MTF are distinct metrics.",
          "A sparse pupil ray check detects gross failures; it is not a full vignetting analysis."
        ]
      },
      "measurements": [
        {
          "metric": "efl_mm",
          "unit": "mm",
          "value": 49.99615696660989,
          "settings": {
            "wavelength": 2,
            "wavelength_um": 0.55
          }
        },
        {
          "metric": "f_number",
          "unit": "1",
          "value": 4.999616,
          "settings": {
            "wavelength": 2,
            "wavelength_um": 0.55
          }
        },
        {
          "metric": "total_track_mm",
          "unit": "mm",
          "value": 53.375
        },
        {
          "metric": "image_distance_mm",
          "unit": "mm",
          "value": 48.375
        },
        {
          "metric": "rms_spot_um",
          "field": 1,
          "wavelength": 1,
          "unit": "um",
          "value": 75.79206632349599,
          "settings": {
            "reference": "centroid",
            "ray_density": 8,
            "native_analysis": "StandardSpot",
            "ray_check_count": 17,
            "field": 1,
            "field_xy_deg": [
              0.0,
              0.0
            ],
            "wavelength": 1,
            "wavelength_um": 0.4861327,
            "spectral_mode": "monochromatic"
          }
        },
        {
          "metric": "rms_spot_um",
          "field": 1,
          "wavelength": 2,
          "unit": "um",
          "value": 48.835748727406376,
          "settings": {
            "reference": "centroid",
            "ray_density": 8,
            "native_analysis": "StandardSpot",
            "ray_check_count": 17,
            "field": 1,
            "field_xy_deg": [
              0.0,
              0.0
            ],
            "wavelength": 2,
            "wavelength_um": 0.55,
            "spectral_mode": "monochromatic"
          }
        },
        {
          "metric": "rms_spot_um",
          "field": 1,
          "wavelength": 3,
          "unit": "um",
          "value": 22.158295843683458,
          "settings": {
            "reference": "centroid",
            "ray_density": 8,
            "native_analysis": "StandardSpot",
            "ray_check_count": 17,
            "field": 1,
            "field_xy_deg": [
              0.0,
              0.0
            ],
            "wavelength": 3,
            "wavelength_um": 0.6562725,
            "spectral_mode": "monochromatic"
          }
        },
        {
          "metric": "rms_spot_um",
          "field": 2,
          "wavelength": 1,
          "unit": "um",
          "value": 89.30761220749399,
          "settings": {
            "reference": "centroid",
            "ray_density": 8,
            "native_analysis": "StandardSpot",
            "ray_check_count": 17,
            "field": 2,
            "field_xy_deg": [
              0.0,
              3.0
            ],
            "wavelength": 1,
            "wavelength_um": 0.4861327,
            "spectral_mode": "monochromatic"
          }
        },
        {
          "metric": "rms_spot_um",
          "field": 2,
          "wavelength": 2,
          "unit": "um",
          "value": 62.507600515697604,
          "settings": {
            "reference": "centroid",
            "ray_density": 8,
            "native_analysis": "StandardSpot",
            "ray_check_count": 17,
            "field": 2,
            "field_xy_deg": [
              0.0,
              3.0
            ],
            "wavelength": 2,
            "wavelength_um": 0.55,
            "spectral_mode": "monochromatic"
          }
        },
        {
          "metric": "rms_spot_um",
          "field": 2,
          "wavelength": 3,
          "unit": "um",
          "value": 35.37062114745498,
          "settings": {
            "reference": "centroid",
            "ray_density": 8,
            "native_analysis": "StandardSpot",
            "ray_check_count": 17,
            "field": 2,
            "field_xy_deg": [
              0.0,
              3.0
            ],
            "wavelength": 3,
            "wavelength_um": 0.6562725,
            "spectral_mode": "monochromatic"
          }
        },
        {
          "metric": "rms_spot_um",
          "field": 3,
          "wavelength": 1,
          "unit": "um",
          "value": 129.93767929711197,
          "settings": {
            "reference": "centroid",
            "ray_density": 8,
            "native_analysis": "StandardSpot",
            "ray_check_count": 17,
            "field": 3,
            "field_xy_deg": [
              0.0,
              6.0
            ],
            "wavelength": 1,
            "wavelength_um": 0.4861327,
            "spectral_mode": "monochromatic"
          }
        },
        {
          "metric": "rms_spot_um",
          "field": 3,
          "wavelength": 2,
          "unit": "um",
          "value": 103.15273644743615,
          "settings": {
            "reference": "centroid",
            "ray_density": 8,
            "native_analysis": "StandardSpot",
            "ray_check_count": 17,
            "field": 3,
            "field_xy_deg": [
              0.0,
              6.0
            ],
            "wavelength": 2,
            "wavelength_um": 0.55,
            "spectral_mode": "monochromatic"
          }
        },
        {
          "metric": "rms_spot_um",
          "field": 3,
          "wavelength": 3,
          "unit": "um",
          "value": 75.14541087309577,
          "settings": {
            "reference": "centroid",
            "ray_density": 8,
            "native_analysis": "StandardSpot",
            "ray_check_count": 17,
            "field": 3,
            "field_xy_deg": [
              0.0,
              6.0
            ],
            "wavelength": 3,
            "wavelength_um": 0.6562725,
            "spectral_mode": "monochromatic"
          }
        }
      ],
      "assessment": {
        "passes": false,
        "requirements": [
          {
            "id": "focal-length",
            "key": "efl_mm",
            "requirement": {
              "id": "focal-length",
              "metric": "efl_mm",
              "unit": "mm",
              "min": 48,
              "max": 52
            },
            "status": "pass",
            "value": 49.99615696660989,
            "unit": "mm"
          },
          {
            "id": "track",
            "key": "total_track_mm",
            "requirement": {
              "id": "track",
              "metric": "total_track_mm",
              "unit": "mm",
              "max": 65
            },
            "status": "pass",
            "value": 53.375,
            "unit": "mm"
          },
          {
            "id": "spot-1-1",
            "key": "rms_spot_um|f=1|w=1",
            "requirement": {
              "metric": "rms_spot_um",
              "field": 1,
              "wavelength": 1,
              "unit": "um",
              "id": "spot-1-1",
              "max": 120
            },
            "status": "pass",
            "value": 75.79206632349599,
            "unit": "um"
          },
          {
            "id": "spot-1-2",
            "key": "rms_spot_um|f=1|w=2",
            "requirement": {
              "metric": "rms_spot_um",
              "field": 1,
              "wavelength": 2,
              "unit": "um",
              "id": "spot-1-2",
              "max": 120
            },
            "status": "pass",
            "value": 48.835748727406376,
            "unit": "um"
          },
          {
            "id": "spot-1-3",
            "key": "rms_spot_um|f=1|w=3",
            "requirement": {
              "metric": "rms_spot_um",
              "field": 1,
              "wavelength": 3,
              "unit": "um",
              "id": "spot-1-3",
              "max": 120
            },
            "status": "pass",
            "value": 22.158295843683458,
            "unit": "um"
          },
          {
            "id": "spot-2-1",
            "key": "rms_spot_um|f=2|w=1",
            "requirement": {
              "metric": "rms_spot_um",
              "field": 2,
              "wavelength": 1,
              "unit": "um",
              "id": "spot-2-1",
              "max": 120
            },
            "status": "pass",
            "value": 89.30761220749399,
            "unit": "um"
          },
          {
            "id": "spot-2-2",
            "key": "rms_spot_um|f=2|w=2",
            "requirement": {
              "metric": "rms_spot_um",
              "field": 2,
              "wavelength": 2,
              "unit": "um",
              "id": "spot-2-2",
              "max": 120
            },
            "status": "pass",
            "value": 62.507600515697604,
            "unit": "um"
          },
          {
            "id": "spot-2-3",
            "key": "rms_spot_um|f=2|w=3",
            "requirement": {
              "metric": "rms_spot_um",
              "field": 2,
              "wavelength": 3,
              "unit": "um",
              "id": "spot-2-3",
              "max": 120
            },
            "status": "pass",
            "value": 35.37062114745498,
            "unit": "um"
          },
          {
            "id": "spot-3-1",
            "key": "rms_spot_um|f=3|w=1",
            "requirement": {
              "metric": "rms_spot_um",
              "field": 3,
              "wavelength": 1,
              "unit": "um",
              "id": "spot-3-1",
              "max": 120
            },
            "status": "fail",
            "value": 129.93767929711197,
            "unit": "um"
          },
          {
            "id": "spot-3-2",
            "key": "rms_spot_um|f=3|w=2",
            "requirement": {
              "metric": "rms_spot_um",
              "field": 3,
              "wavelength": 2,
              "unit": "um",
              "id": "spot-3-2",
              "max": 120
            },
            "status": "pass",
            "value": 103.15273644743615,
            "unit": "um"
          },
          {
            "id": "spot-3-3",
            "key": "rms_spot_um|f=3|w=3",
            "requirement": {
              "metric": "rms_spot_um",
              "field": 3,
              "wavelength": 3,
              "unit": "um",
              "id": "spot-3-3",
              "max": 120
            },
            "status": "pass",
            "value": 75.14541087309577,
            "unit": "um"
          }
        ]
      },
      "objective_breakdown": {
        "aggregation": "weighted_rms",
        "direction": "minimize",
        "value": 2.6040236818782057,
        "unit": "1",
        "terms": [
          {
            "metric": "rms_spot_um",
            "field": 1,
            "wavelength": 1,
            "key": "rms_spot_um|f=1|w=1",
            "unit": "um",
            "value": 75.79206632349599,
            "target": 0,
            "scale": 30,
            "weight": 1,
            "normalized_residual": 2.5264022107831994,
            "weighted_residual": 0.8421340702610665
          },
          {
            "metric": "rms_spot_um",
            "field": 1,
            "wavelength": 2,
            "key": "rms_spot_um|f=1|w=2",
            "unit": "um",
            "value": 48.835748727406376,
            "target": 0,
            "scale": 30,
            "weight": 1,
            "normalized_residual": 1.627858290913546,
            "weighted_residual": 0.5426194303045153
          },
          {
            "metric": "rms_spot_um",
            "field": 1,
            "wavelength": 3,
            "key": "rms_spot_um|f=1|w=3",
            "unit": "um",
            "value": 22.158295843683458,
            "target": 0,
            "scale": 30,
            "weight": 1,
            "normalized_residual": 0.7386098614561153,
            "weighted_residual": 0.24620328715203843
          },
          {
            "metric": "rms_spot_um",
            "field": 2,
            "wavelength": 1,
            "key": "rms_spot_um|f=2|w=1",
            "unit": "um",
            "value": 89.30761220749399,
            "target": 0,
            "scale": 30,
            "weight": 1,
            "normalized_residual": 2.976920406916466,
            "weighted_residual": 0.9923068023054886
          },
          {
            "metric": "rms_spot_um",
            "field": 2,
            "wavelength": 2,
            "key": "rms_spot_um|f=2|w=2",
            "unit": "um",
            "value": 62.507600515697604,
            "target": 0,
            "scale": 30,
            "weight": 1,
            "normalized_residual": 2.083586683856587,
            "weighted_residual": 0.6945288946188622
          },
          {
            "metric": "rms_spot_um",
            "field": 2,
            "wavelength": 3,
            "key": "rms_spot_um|f=2|w=3",
            "unit": "um",
            "value": 35.37062114745498,
            "target": 0,
            "scale": 30,
            "weight": 1,
            "normalized_residual": 1.1790207049151662,
            "weighted_residual": 0.3930069016383887
          },
          {
            "metric": "rms_spot_um",
            "field": 3,
            "wavelength": 1,
            "key": "rms_spot_um|f=3|w=1",
            "unit": "um",
            "value": 129.93767929711197,
            "target": 0,
            "scale": 30,
            "weight": 1,
            "normalized_residual": 4.331255976570399,
            "weighted_residual": 1.443751992190133
          },
          {
            "metric": "rms_spot_um",
            "field": 3,
            "wavelength": 2,
            "key": "rms_spot_um|f=3|w=2",
            "unit": "um",
            "value": 103.15273644743615,
            "target": 0,
            "scale": 30,
            "weight": 1,
            "normalized_residual": 3.438424548247872,
            "weighted_residual": 1.1461415160826238
          },
          {
            "metric": "rms_spot_um",
            "field": 3,
            "wavelength": 3,
            "key": "rms_spot_um|f=3|w=3",
            "unit": "um",
            "value": 75.14541087309577,
            "target": 0,
            "scale": 30,
            "weight": 1,
            "normalized_residual": 2.504847029103192,
            "weighted_residual": 0.834949009701064
          }
        ]
      },
      "objective_value": 2.6040236818782057
    },
    {
      "kind": "search",
      "parameters_mm": [
        52.0,
        46.625
      ],
      "inspection": {
        "engine": {
          "name": "OpticStudio",
          "version": "24.1.0",
          "zospy_version": "2.1.5",
          "pythonnet_version": "3.1.0",
          "license": "PremiumEdition"
        },
        "focus_mm": 46.625,
        "image_surface": 3,
        "surfaces": [
          {
            "index": 0,
            "is_image": false,
            "is_stop": false,
            "type": "Standard",
            "radius_mm": "Infinity",
            "thickness_mm": "Infinity",
            "material": "",
            "conic": 0.0,
            "coating": "",
            "tilts": [
              0.0,
              0.0,
              0.0,
              0.0,
              0.0,
              0.0,
              0.0,
              0.0,
              0.0,
              0.0
            ],
            "aperture": "None",
            "semi_diameter_solve": "Automatic",
            "asphere_coefficients": []
          },
          {
            "index": 1,
            "is_image": false,
            "is_stop": true,
            "type": "Standard",
            "radius_mm": 52.0,
            "thickness_mm": 5.0,
            "material": "N-BK7",
            "conic": 0.0,
            "coating": "",
            "tilts": [
              0.0,
              0.0,
              0.0,
              0.0,
              0.0,
              0.0,
              0.0,
              0.0,
              0.0,
              0.0
            ],
            "aperture": "None",
            "semi_diameter_solve": "Automatic",
            "asphere_coefficients": []
          },
          {
            "index": 2,
            "is_image": false,
            "is_stop": false,
            "type": "Standard",
            "radius_mm": -50.0,
            "thickness_mm": 46.625,
            "material": "",
            "conic": 0.0,
            "coating": "",
            "tilts": [
              0.0,
              0.0,
              0.0,
              0.0,
              0.0,
              0.0,
              0.0,
              0.0,
              0.0,
              0.0
            ],
            "aperture": "None",
            "semi_diameter_solve": "Automatic",
            "asphere_coefficients": []
          },
          {
            "index": 3,
            "is_image": true,
            "is_stop": false,
            "type": "Standard",
            "radius_mm": "Infinity",
            "thickness_mm": "Infinity",
            "material": "",
            "conic": 0.0,
            "coating": "",
            "tilts": [
              0.0,
              0.0,
              0.0,
              0.0,
              0.0,
              0.0,
              0.0,
              0.0,
              0.0,
              0.0
            ],
            "aperture": "None",
            "semi_diameter_solve": "Automatic",
            "asphere_coefficients": []
          }
        ],
        "invariants": {
          "surfaces": [
            {
              "index": 0,
              "is_image": false,
              "is_stop": false,
              "type": "Standard",
              "radius_mm": "Infinity",
              "thickness_mm": "Infinity",
              "material": "",
              "conic": 0.0,
              "coating": "",
              "tilts": [
                0.0,
                0.0,
                0.0,
                0.0,
                0.0,
                0.0,
                0.0,
                0.0,
                0.0,
                0.0
              ],
              "aperture": "None",
              "semi_diameter_solve": "Automatic",
              "asphere_coefficients": []
            },
            {
              "index": 1,
              "is_image": false,
              "is_stop": true,
              "type": "Standard",
              "radius_mm": 52.0,
              "thickness_mm": 5.0,
              "material": "N-BK7",
              "conic": 0.0,
              "coating": "",
              "tilts": [
                0.0,
                0.0,
                0.0,
                0.0,
                0.0,
                0.0,
                0.0,
                0.0,
                0.0,
                0.0
              ],
              "aperture": "None",
              "semi_diameter_solve": "Automatic",
              "asphere_coefficients": []
            },
            {
              "index": 2,
              "is_image": false,
              "is_stop": false,
              "type": "Standard",
              "radius_mm": -50.0,
              "material": "",
              "conic": 0.0,
              "coating": "",
              "tilts": [
                0.0,
                0.0,
                0.0,
                0.0,
                0.0,
                0.0,
                0.0,
                0.0,
                0.0,
                0.0
              ],
              "aperture": "None",
              "semi_diameter_solve": "Automatic",
              "asphere_coefficients": []
            },
            {
              "index": 3,
              "is_image": true,
              "is_stop": false,
              "type": "Standard",
              "radius_mm": "Infinity",
              "thickness_mm": "Infinity",
              "material": "",
              "conic": 0.0,
              "coating": "",
              "tilts": [
                0.0,
                0.0,
                0.0,
                0.0,
                0.0,
                0.0,
                0.0,
                0.0,
                0.0,
                0.0
              ],
              "aperture": "None",
              "semi_diameter_solve": "Automatic",
              "asphere_coefficients": []
            }
          ],
          "fields": [
            {
              "index": 1,
              "x_deg": 0.0,
              "y_deg": 0.0,
              "weight": 1.0
            },
            {
              "index": 2,
              "x_deg": 0.0,
              "y_deg": 3.0,
              "weight": 1.0
            },
            {
              "index": 3,
              "x_deg": 0.0,
              "y_deg": 6.0,
              "weight": 1.0
            }
          ],
          "wavelengths": [
            {
              "index": 1,
              "um": 0.4861327,
              "weight": 1.0,
              "primary": false
            },
            {
              "index": 2,
              "um": 0.55,
              "weight": 1.0,
              "primary": true
            },
            {
              "index": 3,
              "um": 0.6562725,
              "weight": 1.0,
              "primary": false
            }
          ],
          "aperture_type": "EntrancePupilDiameter",
          "aperture_mm": 10.0,
          "lens_units": "mm"
        },
        "limits": [
          "Sequential centered Standard conic/EvenAspheric refractive systems; fixed shape coefficients; angle fields; mm; EPD.",
          "Geometric centroid RMS spot and scalar FFT MTF are distinct metrics.",
          "A sparse pupil ray check detects gross failures; it is not a full vignetting analysis."
        ]
      },
      "measurements": [
        {
          "metric": "efl_mm",
          "unit": "mm",
          "value": 49.99615696660989,
          "settings": {
            "wavelength": 2,
            "wavelength_um": 0.55
          }
        },
        {
          "metric": "f_number",
          "unit": "1",
          "value": 4.999616,
          "settings": {
            "wavelength": 2,
            "wavelength_um": 0.55
          }
        },
        {
          "metric": "total_track_mm",
          "unit": "mm",
          "value": 51.625
        },
        {
          "metric": "image_distance_mm",
          "unit": "mm",
          "value": 46.625
        },
        {
          "metric": "rms_spot_um",
          "field": 1,
          "wavelength": 1,
          "unit": "um",
          "value": 61.25219296949472,
          "settings": {
            "reference": "centroid",
            "ray_density": 8,
            "native_analysis": "StandardSpot",
            "ray_check_count": 17,
            "field": 1,
            "field_xy_deg": [
              0.0,
              0.0
            ],
            "wavelength": 1,
            "wavelength_um": 0.4861327,
            "spectral_mode": "monochromatic"
          }
        },
        {
          "metric": "rms_spot_um",
          "field": 1,
          "wavelength": 2,
          "unit": "um",
          "value": 87.4812654913853,
          "settings": {
            "reference": "centroid",
            "ray_density": 8,
            "native_analysis": "StandardSpot",
            "ray_check_count": 17,
            "field": 1,
            "field_xy_deg": [
              0.0,
              0.0
            ],
            "wavelength": 2,
            "wavelength_um": 0.55,
            "spectral_mode": "monochromatic"
          }
        },
        {
          "metric": "rms_spot_um",
          "field": 1,
          "wavelength": 3,
          "unit": "um",
          "value": 116.40069995839573,
          "settings": {
            "reference": "centroid",
            "ray_density": 8,
            "native_analysis": "StandardSpot",
            "ray_check_count": 17,
            "field": 1,
            "field_xy_deg": [
              0.0,
              0.0
            ],
            "wavelength": 3,
            "wavelength_um": 0.6562725,
            "spectral_mode": "monochromatic"
          }
        },
        {
          "metric": "rms_spot_um",
          "field": 2,
          "wavelength": 1,
          "unit": "um",
          "value": 51.86053831165306,
          "settings": {
            "reference": "centroid",
            "ray_density": 8,
            "native_analysis": "StandardSpot",
            "ray_check_count": 17,
            "field": 2,
            "field_xy_deg": [
              0.0,
              3.0
            ],
            "wavelength": 1,
            "wavelength_um": 0.4861327,
            "spectral_mode": "monochromatic"
          }
        },
        {
          "metric": "rms_spot_um",
          "field": 2,
          "wavelength": 2,
          "unit": "um",
          "value": 77.14785874252568,
          "settings": {
            "reference": "centroid",
            "ray_density": 8,
            "native_analysis": "StandardSpot",
            "ray_check_count": 17,
            "field": 2,
            "field_xy_deg": [
              0.0,
              3.0
            ],
            "wavelength": 2,
            "wavelength_um": 0.55,
            "spectral_mode": "monochromatic"
          }
        },
        {
          "metric": "rms_spot_um",
          "field": 2,
          "wavelength": 3,
          "unit": "um",
          "value": 105.64855529602553,
          "settings": {
            "reference": "centroid",
            "ray_density": 8,
            "native_analysis": "StandardSpot",
            "ray_check_count": 17,
            "field": 2,
            "field_xy_deg": [
              0.0,
              3.0
            ],
            "wavelength": 3,
            "wavelength_um": 0.6562725,
            "spectral_mode": "monochromatic"
          }
        },
        {
          "metric": "rms_spot_um",
          "field": 3,
          "wavelength": 1,
          "unit": "um",
          "value": 38.49287806748004,
          "settings": {
            "reference": "centroid",
            "ray_density": 8,
            "native_analysis": "StandardSpot",
            "ray_check_count": 17,
            "field": 3,
            "field_xy_deg": [
              0.0,
              6.0
            ],
            "wavelength": 1,
            "wavelength_um": 0.4861327,
            "spectral_mode": "monochromatic"
          }
        },
        {
          "metric": "rms_spot_um",
          "field": 3,
          "wavelength": 2,
          "unit": "um",
          "value": 52.763359111710265,
          "settings": {
            "reference": "centroid",
            "ray_density": 8,
            "native_analysis": "StandardSpot",
            "ray_check_count": 17,
            "field": 3,
            "field_xy_deg": [
              0.0,
              6.0
            ],
            "wavelength": 2,
            "wavelength_um": 0.55,
            "spectral_mode": "monochromatic"
          }
        },
        {
          "metric": "rms_spot_um",
          "field": 3,
          "wavelength": 3,
          "unit": "um",
          "value": 76.73299362742148,
          "settings": {
            "reference": "centroid",
            "ray_density": 8,
            "native_analysis": "StandardSpot",
            "ray_check_count": 17,
            "field": 3,
            "field_xy_deg": [
              0.0,
              6.0
            ],
            "wavelength": 3,
            "wavelength_um": 0.6562725,
            "spectral_mode": "monochromatic"
          }
        }
      ],
      "assessment": {
        "passes": true,
        "requirements": [
          {
            "id": "focal-length",
            "key": "efl_mm",
            "requirement": {
              "id": "focal-length",
              "metric": "efl_mm",
              "unit": "mm",
              "min": 48,
              "max": 52
            },
            "status": "pass",
            "value": 49.99615696660989,
            "unit": "mm"
          },
          {
            "id": "track",
            "key": "total_track_mm",
            "requirement": {
              "id": "track",
              "metric": "total_track_mm",
              "unit": "mm",
              "max": 65
            },
            "status": "pass",
            "value": 51.625,
            "unit": "mm"
          },
          {
            "id": "spot-1-1",
            "key": "rms_spot_um|f=1|w=1",
            "requirement": {
              "metric": "rms_spot_um",
              "field": 1,
              "wavelength": 1,
              "unit": "um",
              "id": "spot-1-1",
              "max": 120
            },
            "status": "pass",
            "value": 61.25219296949472,
            "unit": "um"
          },
          {
            "id": "spot-1-2",
            "key": "rms_spot_um|f=1|w=2",
            "requirement": {
              "metric": "rms_spot_um",
              "field": 1,
              "wavelength": 2,
              "unit": "um",
              "id": "spot-1-2",
              "max": 120
            },
            "status": "pass",
            "value": 87.4812654913853,
            "unit": "um"
          },
          {
            "id": "spot-1-3",
            "key": "rms_spot_um|f=1|w=3",
            "requirement": {
              "metric": "rms_spot_um",
              "field": 1,
              "wavelength": 3,
              "unit": "um",
              "id": "spot-1-3",
              "max": 120
            },
            "status": "pass",
            "value": 116.40069995839573,
            "unit": "um"
          },
          {
            "id": "spot-2-1",
            "key": "rms_spot_um|f=2|w=1",
            "requirement": {
              "metric": "rms_spot_um",
              "field": 2,
              "wavelength": 1,
              "unit": "um",
              "id": "spot-2-1",
              "max": 120
            },
            "status": "pass",
            "value": 51.86053831165306,
            "unit": "um"
          },
          {
            "id": "spot-2-2",
            "key": "rms_spot_um|f=2|w=2",
            "requirement": {
              "metric": "rms_spot_um",
              "field": 2,
              "wavelength": 2,
              "unit": "um",
              "id": "spot-2-2",
              "max": 120
            },
            "status": "pass",
            "value": 77.14785874252568,
            "unit": "um"
          },
          {
            "id": "spot-2-3",
            "key": "rms_spot_um|f=2|w=3",
            "requirement": {
              "metric": "rms_spot_um",
              "field": 2,
              "wavelength": 3,
              "unit": "um",
              "id": "spot-2-3",
              "max": 120
            },
            "status": "pass",
            "value": 105.64855529602553,
            "unit": "um"
          },
          {
            "id": "spot-3-1",
            "key": "rms_spot_um|f=3|w=1",
            "requirement": {
              "metric": "rms_spot_um",
              "field": 3,
              "wavelength": 1,
              "unit": "um",
              "id": "spot-3-1",
              "max": 120
            },
            "status": "pass",
            "value": 38.49287806748004,
            "unit": "um"
          },
          {
            "id": "spot-3-2",
            "key": "rms_spot_um|f=3|w=2",
            "requirement": {
              "metric": "rms_spot_um",
              "field": 3,
              "wavelength": 2,
              "unit": "um",
              "id": "spot-3-2",
              "max": 120
            },
            "status": "pass",
            "value": 52.763359111710265,
            "unit": "um"
          },
          {
            "id": "spot-3-3",
            "key": "rms_spot_um|f=3|w=3",
            "requirement": {
              "metric": "rms_spot_um",
              "field": 3,
              "wavelength": 3,
              "unit": "um",
              "id": "spot-3-3",
              "max": 120
            },
            "status": "pass",
            "value": 76.73299362742148,
            "unit": "um"
          }
        ]
      },
      "objective_breakdown": {
        "aggregation": "weighted_rms",
        "direction": "minimize",
        "value": 2.603664955468565,
        "unit": "1",
        "terms": [
          {
            "metric": "rms_spot_um",
            "field": 1,
            "wavelength": 1,
            "key": "rms_spot_um|f=1|w=1",
            "unit": "um",
            "value": 61.25219296949472,
            "target": 0,
            "scale": 30,
            "weight": 1,
            "normalized_residual": 2.041739765649824,
            "weighted_residual": 0.6805799218832747
          },
          {
            "metric": "rms_spot_um",
            "field": 1,
            "wavelength": 2,
            "key": "rms_spot_um|f=1|w=2",
            "unit": "um",
            "value": 87.4812654913853,
            "target": 0,
            "scale": 30,
            "weight": 1,
            "normalized_residual": 2.916042183046177,
            "weighted_residual": 0.9720140610153922
          },
          {
            "metric": "rms_spot_um",
            "field": 1,
            "wavelength": 3,
            "key": "rms_spot_um|f=1|w=3",
            "unit": "um",
            "value": 116.40069995839573,
            "target": 0,
            "scale": 30,
            "weight": 1,
            "normalized_residual": 3.8800233319465245,
            "weighted_residual": 1.2933411106488415
          },
          {
            "metric": "rms_spot_um",
            "field": 2,
            "wavelength": 1,
            "key": "rms_spot_um|f=2|w=1",
            "unit": "um",
            "value": 51.86053831165306,
            "target": 0,
            "scale": 30,
            "weight": 1,
            "normalized_residual": 1.7286846103884352,
            "weighted_residual": 0.5762282034628117
          },
          {
            "metric": "rms_spot_um",
            "field": 2,
            "wavelength": 2,
            "key": "rms_spot_um|f=2|w=2",
            "unit": "um",
            "value": 77.14785874252568,
            "target": 0,
            "scale": 30,
            "weight": 1,
            "normalized_residual": 2.571595291417523,
            "weighted_residual": 0.8571984304725075
          },
          {
            "metric": "rms_spot_um",
            "field": 2,
            "wavelength": 3,
            "key": "rms_spot_um|f=2|w=3",
            "unit": "um",
            "value": 105.64855529602553,
            "target": 0,
            "scale": 30,
            "weight": 1,
            "normalized_residual": 3.5216185098675177,
            "weighted_residual": 1.1738728366225057
          },
          {
            "metric": "rms_spot_um",
            "field": 3,
            "wavelength": 1,
            "key": "rms_spot_um|f=3|w=1",
            "unit": "um",
            "value": 38.49287806748004,
            "target": 0,
            "scale": 30,
            "weight": 1,
            "normalized_residual": 1.283095935582668,
            "weighted_residual": 0.4276986451942227
          },
          {
            "metric": "rms_spot_um",
            "field": 3,
            "wavelength": 2,
            "key": "rms_spot_um|f=3|w=2",
            "unit": "um",
            "value": 52.763359111710265,
            "target": 0,
            "scale": 30,
            "weight": 1,
            "normalized_residual": 1.7587786370570089,
            "weighted_residual": 0.5862595456856696
          },
          {
            "metric": "rms_spot_um",
            "field": 3,
            "wavelength": 3,
            "key": "rms_spot_um|f=3|w=3",
            "unit": "um",
            "value": 76.73299362742148,
            "target": 0,
            "scale": 30,
            "weight": 1,
            "normalized_residual": 2.557766454247383,
            "weighted_residual": 0.8525888180824609
          }
        ]
      },
      "objective_value": 2.603664955468565
    },
    {
      "kind": "search",
      "parameters_mm": [
        51.75,
        47.5
      ],
      "inspection": {
        "engine": {
          "name": "OpticStudio",
          "version": "24.1.0",
          "zospy_version": "2.1.5",
          "pythonnet_version": "3.1.0",
          "license": "PremiumEdition"
        },
        "focus_mm": 47.5,
        "image_surface": 3,
        "surfaces": [
          {
            "index": 0,
            "is_image": false,
            "is_stop": false,
            "type": "Standard",
            "radius_mm": "Infinity",
            "thickness_mm": "Infinity",
            "material": "",
            "conic": 0.0,
            "coating": "",
            "tilts": [
              0.0,
              0.0,
              0.0,
              0.0,
              0.0,
              0.0,
              0.0,
              0.0,
              0.0,
              0.0
            ],
            "aperture": "None",
            "semi_diameter_solve": "Automatic",
            "asphere_coefficients": []
          },
          {
            "index": 1,
            "is_image": false,
            "is_stop": true,
            "type": "Standard",
            "radius_mm": 51.75,
            "thickness_mm": 5.0,
            "material": "N-BK7",
            "conic": 0.0,
            "coating": "",
            "tilts": [
              0.0,
              0.0,
              0.0,
              0.0,
              0.0,
              0.0,
              0.0,
              0.0,
              0.0,
              0.0
            ],
            "aperture": "None",
            "semi_diameter_solve": "Automatic",
            "asphere_coefficients": []
          },
          {
            "index": 2,
            "is_image": false,
            "is_stop": false,
            "type": "Standard",
            "radius_mm": -50.0,
            "thickness_mm": 47.5,
            "material": "",
            "conic": 0.0,
            "coating": "",
            "tilts": [
              0.0,
              0.0,
              0.0,
              0.0,
              0.0,
              0.0,
              0.0,
              0.0,
              0.0,
              0.0
            ],
            "aperture": "None",
            "semi_diameter_solve": "Automatic",
            "asphere_coefficients": []
          },
          {
            "index": 3,
            "is_image": true,
            "is_stop": false,
            "type": "Standard",
            "radius_mm": "Infinity",
            "thickness_mm": "Infinity",
            "material": "",
            "conic": 0.0,
            "coating": "",
            "tilts": [
              0.0,
              0.0,
              0.0,
              0.0,
              0.0,
              0.0,
              0.0,
              0.0,
              0.0,
              0.0
            ],
            "aperture": "None",
            "semi_diameter_solve": "Automatic",
            "asphere_coefficients": []
          }
        ],
        "invariants": {
          "surfaces": [
            {
              "index": 0,
              "is_image": false,
              "is_stop": false,
              "type": "Standard",
              "radius_mm": "Infinity",
              "thickness_mm": "Infinity",
              "material": "",
              "conic": 0.0,
              "coating": "",
              "tilts": [
                0.0,
                0.0,
                0.0,
                0.0,
                0.0,
                0.0,
                0.0,
                0.0,
                0.0,
                0.0
              ],
              "aperture": "None",
              "semi_diameter_solve": "Automatic",
              "asphere_coefficients": []
            },
            {
              "index": 1,
              "is_image": false,
              "is_stop": true,
              "type": "Standard",
              "radius_mm": 51.75,
              "thickness_mm": 5.0,
              "material": "N-BK7",
              "conic": 0.0,
              "coating": "",
              "tilts": [
                0.0,
                0.0,
                0.0,
                0.0,
                0.0,
                0.0,
                0.0,
                0.0,
                0.0,
                0.0
              ],
              "aperture": "None",
              "semi_diameter_solve": "Automatic",
              "asphere_coefficients": []
            },
            {
              "index": 2,
              "is_image": false,
              "is_stop": false,
              "type": "Standard",
              "radius_mm": -50.0,
              "material": "",
              "conic": 0.0,
              "coating": "",
              "tilts": [
                0.0,
                0.0,
                0.0,
                0.0,
                0.0,
                0.0,
                0.0,
                0.0,
                0.0,
                0.0
              ],
              "aperture": "None",
              "semi_diameter_solve": "Automatic",
              "asphere_coefficients": []
            },
            {
              "index": 3,
              "is_image": true,
              "is_stop": false,
              "type": "Standard",
              "radius_mm": "Infinity",
              "thickness_mm": "Infinity",
              "material": "",
              "conic": 0.0,
              "coating": "",
              "tilts": [
                0.0,
                0.0,
                0.0,
                0.0,
                0.0,
                0.0,
                0.0,
                0.0,
                0.0,
                0.0
              ],
              "aperture": "None",
              "semi_diameter_solve": "Automatic",
              "asphere_coefficients": []
            }
          ],
          "fields": [
            {
              "index": 1,
              "x_deg": 0.0,
              "y_deg": 0.0,
              "weight": 1.0
            },
            {
              "index": 2,
              "x_deg": 0.0,
              "y_deg": 3.0,
              "weight": 1.0
            },
            {
              "index": 3,
              "x_deg": 0.0,
              "y_deg": 6.0,
              "weight": 1.0
            }
          ],
          "wavelengths": [
            {
              "index": 1,
              "um": 0.4861327,
              "weight": 1.0,
              "primary": false
            },
            {
              "index": 2,
              "um": 0.55,
              "weight": 1.0,
              "primary": true
            },
            {
              "index": 3,
              "um": 0.6562725,
              "weight": 1.0,
              "primary": false
            }
          ],
          "aperture_type": "EntrancePupilDiameter",
          "aperture_mm": 10.0,
          "lens_units": "mm"
        },
        "limits": [
          "Sequential centered Standard conic/EvenAspheric refractive systems; fixed shape coefficients; angle fields; mm; EPD.",
          "Geometric centroid RMS spot and scalar FFT MTF are distinct metrics.",
          "A sparse pupil ray check detects gross failures; it is not a full vignetting analysis."
        ]
      },
      "measurements": [
        {
          "metric": "efl_mm",
          "unit": "mm",
          "value": 49.880127244425054,
          "settings": {
            "wavelength": 2,
            "wavelength_um": 0.55
          }
        },
        {
          "metric": "f_number",
          "unit": "1",
          "value": 4.988013,
          "settings": {
            "wavelength": 2,
            "wavelength_um": 0.55
          }
        },
        {
          "metric": "total_track_mm",
          "unit": "mm",
          "value": 52.5
        },
        {
          "metric": "image_distance_mm",
          "unit": "mm",
          "value": 47.5
        },
        {
          "metric": "rms_spot_um",
          "field": 1,
          "wavelength": 1,
          "unit": "um",
          "value": 22.82030973886248,
          "settings": {
            "reference": "centroid",
            "ray_density": 8,
            "native_analysis": "StandardSpot",
            "ray_check_count": 17,
            "field": 1,
            "field_xy_deg": [
              0.0,
              0.0
            ],
            "wavelength": 1,
            "wavelength_um": 0.4861327,
            "spectral_mode": "monochromatic"
          }
        },
        {
          "metric": "rms_spot_um",
          "field": 1,
          "wavelength": 2,
          "unit": "um",
          "value": 18.955533963052762,
          "settings": {
            "reference": "centroid",
            "ray_density": 8,
            "native_analysis": "StandardSpot",
            "ray_check_count": 17,
            "field": 1,
            "field_xy_deg": [
              0.0,
              0.0
            ],
            "wavelength": 2,
            "wavelength_um": 0.55,
            "spectral_mode": "monochromatic"
          }
        },
        {
          "metric": "rms_spot_um",
          "field": 1,
          "wavelength": 3,
          "unit": "um",
          "value": 43.55488048716358,
          "settings": {
            "reference": "centroid",
            "ray_density": 8,
            "native_analysis": "StandardSpot",
            "ray_check_count": 17,
            "field": 1,
            "field_xy_deg": [
              0.0,
              0.0
            ],
            "wavelength": 3,
            "wavelength_um": 0.6562725,
            "spectral_mode": "monochromatic"
          }
        },
        {
          "metric": "rms_spot_um",
          "field": 2,
          "wavelength": 1,
          "unit": "um",
          "value": 36.06982324782809,
          "settings": {
            "reference": "centroid",
            "ray_density": 8,
            "native_analysis": "StandardSpot",
            "ray_check_count": 17,
            "field": 2,
            "field_xy_deg": [
              0.0,
              3.0
            ],
            "wavelength": 1,
            "wavelength_um": 0.4861327,
            "spectral_mode": "monochromatic"
          }
        },
        {
          "metric": "rms_spot_um",
          "field": 2,
          "wavelength": 2,
          "unit": "um",
          "value": 21.4749578250139,
          "settings": {
            "reference": "centroid",
            "ray_density": 8,
            "native_analysis": "StandardSpot",
            "ray_check_count": 17,
            "field": 2,
            "field_xy_deg": [
              0.0,
              3.0
            ],
            "wavelength": 2,
            "wavelength_um": 0.55,
            "spectral_mode": "monochromatic"
          }
        },
        {
          "metric": "rms_spot_um",
          "field": 2,
          "wavelength": 3,
          "unit": "um",
          "value": 35.635481812617044,
          "settings": {
            "reference": "centroid",
            "ray_density": 8,
            "native_analysis": "StandardSpot",
            "ray_check_count": 17,
            "field": 2,
            "field_xy_deg": [
              0.0,
              3.0
            ],
            "wavelength": 3,
            "wavelength_um": 0.6562725,
            "spectral_mode": "monochromatic"
          }
        },
        {
          "metric": "rms_spot_um",
          "field": 3,
          "wavelength": 1,
          "unit": "um",
          "value": 75.84883281371891,
          "settings": {
            "reference": "centroid",
            "ray_density": 8,
            "native_analysis": "StandardSpot",
            "ray_check_count": 17,
            "field": 3,
            "field_xy_deg": [
              0.0,
              6.0
            ],
            "wavelength": 1,
            "wavelength_um": 0.4861327,
            "spectral_mode": "monochromatic"
          }
        },
        {
          "metric": "rms_spot_um",
          "field": 3,
          "wavelength": 2,
          "unit": "um",
          "value": 53.22033735024277,
          "settings": {
            "reference": "centroid",
            "ray_density": 8,
            "native_analysis": "StandardSpot",
            "ray_check_count": 17,
            "field": 3,
            "field_xy_deg": [
              0.0,
              6.0
            ],
            "wavelength": 2,
            "wavelength_um": 0.55,
            "spectral_mode": "monochromatic"
          }
        },
        {
          "metric": "rms_spot_um",
          "field": 3,
          "wavelength": 3,
          "unit": "um",
          "value": 37.48220836489307,
          "settings": {
            "reference": "centroid",
            "ray_density": 8,
            "native_analysis": "StandardSpot",
            "ray_check_count": 17,
            "field": 3,
            "field_xy_deg": [
              0.0,
              6.0
            ],
            "wavelength": 3,
            "wavelength_um": 0.6562725,
            "spectral_mode": "monochromatic"
          }
        }
      ],
      "assessment": {
        "passes": true,
        "requirements": [
          {
            "id": "focal-length",
            "key": "efl_mm",
            "requirement": {
              "id": "focal-length",
              "metric": "efl_mm",
              "unit": "mm",
              "min": 48,
              "max": 52
            },
            "status": "pass",
            "value": 49.880127244425054,
            "unit": "mm"
          },
          {
            "id": "track",
            "key": "total_track_mm",
            "requirement": {
              "id": "track",
              "metric": "total_track_mm",
              "unit": "mm",
              "max": 65
            },
            "status": "pass",
            "value": 52.5,
            "unit": "mm"
          },
          {
            "id": "spot-1-1",
            "key": "rms_spot_um|f=1|w=1",
            "requirement": {
              "metric": "rms_spot_um",
              "field": 1,
              "wavelength": 1,
              "unit": "um",
              "id": "spot-1-1",
              "max": 120
            },
            "status": "pass",
            "value": 22.82030973886248,
            "unit": "um"
          },
          {
            "id": "spot-1-2",
            "key": "rms_spot_um|f=1|w=2",
            "requirement": {
              "metric": "rms_spot_um",
              "field": 1,
              "wavelength": 2,
              "unit": "um",
              "id": "spot-1-2",
              "max": 120
            },
            "status": "pass",
            "value": 18.955533963052762,
            "unit": "um"
          },
          {
            "id": "spot-1-3",
            "key": "rms_spot_um|f=1|w=3",
            "requirement": {
              "metric": "rms_spot_um",
              "field": 1,
              "wavelength": 3,
              "unit": "um",
              "id": "spot-1-3",
              "max": 120
            },
            "status": "pass",
            "value": 43.55488048716358,
            "unit": "um"
          },
          {
            "id": "spot-2-1",
            "key": "rms_spot_um|f=2|w=1",
            "requirement": {
              "metric": "rms_spot_um",
              "field": 2,
              "wavelength": 1,
              "unit": "um",
              "id": "spot-2-1",
              "max": 120
            },
            "status": "pass",
            "value": 36.06982324782809,
            "unit": "um"
          },
          {
            "id": "spot-2-2",
            "key": "rms_spot_um|f=2|w=2",
            "requirement": {
              "metric": "rms_spot_um",
              "field": 2,
              "wavelength": 2,
              "unit": "um",
              "id": "spot-2-2",
              "max": 120
            },
            "status": "pass",
            "value": 21.4749578250139,
            "unit": "um"
          },
          {
            "id": "spot-2-3",
            "key": "rms_spot_um|f=2|w=3",
            "requirement": {
              "metric": "rms_spot_um",
              "field": 2,
              "wavelength": 3,
              "unit": "um",
              "id": "spot-2-3",
              "max": 120
            },
            "status": "pass",
            "value": 35.635481812617044,
            "unit": "um"
          },
          {
            "id": "spot-3-1",
            "key": "rms_spot_um|f=3|w=1",
            "requirement": {
              "metric": "rms_spot_um",
              "field": 3,
              "wavelength": 1,
              "unit": "um",
              "id": "spot-3-1",
              "max": 120
            },
            "status": "pass",
            "value": 75.84883281371891,
            "unit": "um"
          },
          {
            "id": "spot-3-2",
            "key": "rms_spot_um|f=3|w=2",
            "requirement": {
              "metric": "rms_spot_um",
              "field": 3,
              "wavelength": 2,
              "unit": "um",
              "id": "spot-3-2",
              "max": 120
            },
            "status": "pass",
            "value": 53.22033735024277,
            "unit": "um"
          },
          {
            "id": "spot-3-3",
            "key": "rms_spot_um|f=3|w=3",
            "requirement": {
              "metric": "rms_spot_um",
              "field": 3,
              "wavelength": 3,
              "unit": "um",
              "id": "spot-3-3",
              "max": 120
            },
            "status": "pass",
            "value": 37.48220836489307,
            "unit": "um"
          }
        ]
      },
      "objective_breakdown": {
        "aggregation": "weighted_rms",
        "direction": "minimize",
        "value": 1.3966258120150656,
        "unit": "1",
        "terms": [
          {
            "metric": "rms_spot_um",
            "field": 1,
            "wavelength": 1,
            "key": "rms_spot_um|f=1|w=1",
            "unit": "um",
            "value": 22.82030973886248,
            "target": 0,
            "scale": 30,
            "weight": 1,
            "normalized_residual": 0.760676991295416,
            "weighted_residual": 0.25355899709847196
          },
          {
            "metric": "rms_spot_um",
            "field": 1,
            "wavelength": 2,
            "key": "rms_spot_um|f=1|w=2",
            "unit": "um",
            "value": 18.955533963052762,
            "target": 0,
            "scale": 30,
            "weight": 1,
            "normalized_residual": 0.6318511321017587,
            "weighted_residual": 0.21061704403391956
          },
          {
            "metric": "rms_spot_um",
            "field": 1,
            "wavelength": 3,
            "key": "rms_spot_um|f=1|w=3",
            "unit": "um",
            "value": 43.55488048716358,
            "target": 0,
            "scale": 30,
            "weight": 1,
            "normalized_residual": 1.4518293495721193,
            "weighted_residual": 0.48394311652403976
          },
          {
            "metric": "rms_spot_um",
            "field": 2,
            "wavelength": 1,
            "key": "rms_spot_um|f=2|w=1",
            "unit": "um",
            "value": 36.06982324782809,
            "target": 0,
            "scale": 30,
            "weight": 1,
            "normalized_residual": 1.2023274415942697,
            "weighted_residual": 0.4007758138647566
          },
          {
            "metric": "rms_spot_um",
            "field": 2,
            "wavelength": 2,
            "key": "rms_spot_um|f=2|w=2",
            "unit": "um",
            "value": 21.4749578250139,
            "target": 0,
            "scale": 30,
            "weight": 1,
            "normalized_residual": 0.7158319275004633,
            "weighted_residual": 0.23861064250015443
          },
          {
            "metric": "rms_spot_um",
            "field": 2,
            "wavelength": 3,
            "key": "rms_spot_um|f=2|w=3",
            "unit": "um",
            "value": 35.635481812617044,
            "target": 0,
            "scale": 30,
            "weight": 1,
            "normalized_residual": 1.1878493937539014,
            "weighted_residual": 0.39594979791796714
          },
          {
            "metric": "rms_spot_um",
            "field": 3,
            "wavelength": 1,
            "key": "rms_spot_um|f=3|w=1",
            "unit": "um",
            "value": 75.84883281371891,
            "target": 0,
            "scale": 30,
            "weight": 1,
            "normalized_residual": 2.528294427123964,
            "weighted_residual": 0.8427648090413213
          },
          {
            "metric": "rms_spot_um",
            "field": 3,
            "wavelength": 2,
            "key": "rms_spot_um|f=3|w=2",
            "unit": "um",
            "value": 53.22033735024277,
            "target": 0,
            "scale": 30,
            "weight": 1,
            "normalized_residual": 1.7740112450080925,
            "weighted_residual": 0.5913370816693642
          },
          {
            "metric": "rms_spot_um",
            "field": 3,
            "wavelength": 3,
            "key": "rms_spot_um|f=3|w=3",
            "unit": "um",
            "value": 37.48220836489307,
            "target": 0,
            "scale": 30,
            "weight": 1,
            "normalized_residual": 1.2494069454964356,
            "weighted_residual": 0.4164689818321452
          }
        ]
      },
      "objective_value": 1.3966258120150656
    },
    {
      "kind": "search",
      "parameters_mm": [
        52.0,
        47.9375
      ],
      "inspection": {
        "engine": {
          "name": "OpticStudio",
          "version": "24.1.0",
          "zospy_version": "2.1.5",
          "pythonnet_version": "3.1.0",
          "license": "PremiumEdition"
        },
        "focus_mm": 47.9375,
        "image_surface": 3,
        "surfaces": [
          {
            "index": 0,
            "is_image": false,
            "is_stop": false,
            "type": "Standard",
            "radius_mm": "Infinity",
            "thickness_mm": "Infinity",
            "material": "",
            "conic": 0.0,
            "coating": "",
            "tilts": [
              0.0,
              0.0,
              0.0,
              0.0,
              0.0,
              0.0,
              0.0,
              0.0,
              0.0,
              0.0
            ],
            "aperture": "None",
            "semi_diameter_solve": "Automatic",
            "asphere_coefficients": []
          },
          {
            "index": 1,
            "is_image": false,
            "is_stop": true,
            "type": "Standard",
            "radius_mm": 52.0,
            "thickness_mm": 5.0,
            "material": "N-BK7",
            "conic": 0.0,
            "coating": "",
            "tilts": [
              0.0,
              0.0,
              0.0,
              0.0,
              0.0,
              0.0,
              0.0,
              0.0,
              0.0,
              0.0
            ],
            "aperture": "None",
            "semi_diameter_solve": "Automatic",
            "asphere_coefficients": []
          },
          {
            "index": 2,
            "is_image": false,
            "is_stop": false,
            "type": "Standard",
            "radius_mm": -50.0,
            "thickness_mm": 47.9375,
            "material": "",
            "conic": 0.0,
            "coating": "",
            "tilts": [
              0.0,
              0.0,
              0.0,
              0.0,
              0.0,
              0.0,
              0.0,
              0.0,
              0.0,
              0.0
            ],
            "aperture": "None",
            "semi_diameter_solve": "Automatic",
            "asphere_coefficients": []
          },
          {
            "index": 3,
            "is_image": true,
            "is_stop": false,
            "type": "Standard",
            "radius_mm": "Infinity",
            "thickness_mm": "Infinity",
            "material": "",
            "conic": 0.0,
            "coating": "",
            "tilts": [
              0.0,
              0.0,
              0.0,
              0.0,
              0.0,
              0.0,
              0.0,
              0.0,
              0.0,
              0.0
            ],
            "aperture": "None",
            "semi_diameter_solve": "Automatic",
            "asphere_coefficients": []
          }
        ],
        "invariants": {
          "surfaces": [
            {
              "index": 0,
              "is_image": false,
              "is_stop": false,
              "type": "Standard",
              "radius_mm": "Infinity",
              "thickness_mm": "Infinity",
              "material": "",
              "conic": 0.0,
              "coating": "",
              "tilts": [
                0.0,
                0.0,
                0.0,
                0.0,
                0.0,
                0.0,
                0.0,
                0.0,
                0.0,
                0.0
              ],
              "aperture": "None",
              "semi_diameter_solve": "Automatic",
              "asphere_coefficients": []
            },
            {
              "index": 1,
              "is_image": false,
              "is_stop": true,
              "type": "Standard",
              "radius_mm": 52.0,
              "thickness_mm": 5.0,
              "material": "N-BK7",
              "conic": 0.0,
              "coating": "",
              "tilts": [
                0.0,
                0.0,
                0.0,
                0.0,
                0.0,
                0.0,
                0.0,
                0.0,
                0.0,
                0.0
              ],
              "aperture": "None",
              "semi_diameter_solve": "Automatic",
              "asphere_coefficients": []
            },
            {
              "index": 2,
              "is_image": false,
              "is_stop": false,
              "type": "Standard",
              "radius_mm": -50.0,
              "material": "",
              "conic": 0.0,
              "coating": "",
              "tilts": [
                0.0,
                0.0,
                0.0,
                0.0,
                0.0,
                0.0,
                0.0,
                0.0,
                0.0,
                0.0
              ],
              "aperture": "None",
              "semi_diameter_solve": "Automatic",
              "asphere_coefficients": []
            },
            {
              "index": 3,
              "is_image": true,
              "is_stop": false,
              "type": "Standard",
              "radius_mm": "Infinity",
              "thickness_mm": "Infinity",
              "material": "",
              "conic": 0.0,
              "coating": "",
              "tilts": [
                0.0,
                0.0,
                0.0,
                0.0,
                0.0,
                0.0,
                0.0,
                0.0,
                0.0,
                0.0
              ],
              "aperture": "None",
              "semi_diameter_solve": "Automatic",
              "asphere_coefficients": []
            }
          ],
          "fields": [
            {
              "index": 1,
              "x_deg": 0.0,
              "y_deg": 0.0,
              "weight": 1.0
            },
            {
              "index": 2,
              "x_deg": 0.0,
              "y_deg": 3.0,
              "weight": 1.0
            },
            {
              "index": 3,
              "x_deg": 0.0,
              "y_deg": 6.0,
              "weight": 1.0
            }
          ],
          "wavelengths": [
            {
              "index": 1,
              "um": 0.4861327,
              "weight": 1.0,
              "primary": false
            },
            {
              "index": 2,
              "um": 0.55,
              "weight": 1.0,
              "primary": true
            },
            {
              "index": 3,
              "um": 0.6562725,
              "weight": 1.0,
              "primary": false
            }
          ],
          "aperture_type": "EntrancePupilDiameter",
          "aperture_mm": 10.0,
          "lens_units": "mm"
        },
        "limits": [
          "Sequential centered Standard conic/EvenAspheric refractive systems; fixed shape coefficients; angle fields; mm; EPD.",
          "Geometric centroid RMS spot and scalar FFT MTF are distinct metrics.",
          "A sparse pupil ray check detects gross failures; it is not a full vignetting analysis."
        ]
      },
      "measurements": [
        {
          "metric": "efl_mm",
          "unit": "mm",
          "value": 49.99615696660989,
          "settings": {
            "wavelength": 2,
            "wavelength_um": 0.55
          }
        },
        {
          "metric": "f_number",
          "unit": "1",
          "value": 4.999616,
          "settings": {
            "wavelength": 2,
            "wavelength_um": 0.55
          }
        },
        {
          "metric": "total_track_mm",
          "unit": "mm",
          "value": 52.9375
        },
        {
          "metric": "image_distance_mm",
          "unit": "mm",
          "value": 47.9375
        },
        {
          "metric": "rms_spot_um",
          "field": 1,
          "wavelength": 1,
          "unit": "um",
          "value": 43.70850910263337,
          "settings": {
            "reference": "centroid",
            "ray_density": 8,
            "native_analysis": "StandardSpot",
            "ray_check_count": 17,
            "field": 1,
            "field_xy_deg": [
              0.0,
              0.0
            ],
            "wavelength": 1,
            "wavelength_um": 0.4861327,
            "spectral_mode": "monochromatic"
          }
        },
        {
          "metric": "rms_spot_um",
          "field": 1,
          "wavelength": 2,
          "unit": "um",
          "value": 20.374646115392416,
          "settings": {
            "reference": "centroid",
            "ray_density": 8,
            "native_analysis": "StandardSpot",
            "ray_check_count": 17,
            "field": 1,
            "field_xy_deg": [
              0.0,
              0.0
            ],
            "wavelength": 2,
            "wavelength_um": 0.55,
            "spectral_mode": "monochromatic"
          }
        },
        {
          "metric": "rms_spot_um",
          "field": 1,
          "wavelength": 3,
          "unit": "um",
          "value": 22.84143071924415,
          "settings": {
            "reference": "centroid",
            "ray_density": 8,
            "native_analysis": "StandardSpot",
            "ray_check_count": 17,
            "field": 1,
            "field_xy_deg": [
              0.0,
              0.0
            ],
            "wavelength": 3,
            "wavelength_um": 0.6562725,
            "spectral_mode": "monochromatic"
          }
        },
        {
          "metric": "rms_spot_um",
          "field": 2,
          "wavelength": 1,
          "unit": "um",
          "value": 57.41207543307613,
          "settings": {
            "reference": "centroid",
            "ray_density": 8,
            "native_analysis": "StandardSpot",
            "ray_check_count": 17,
            "field": 2,
            "field_xy_deg": [
              0.0,
              3.0
            ],
            "wavelength": 1,
            "wavelength_um": 0.4861327,
            "spectral_mode": "monochromatic"
          }
        },
        {
          "metric": "rms_spot_um",
          "field": 2,
          "wavelength": 2,
          "unit": "um",
          "value": 33.31035339981479,
          "settings": {
            "reference": "centroid",
            "ray_density": 8,
            "native_analysis": "StandardSpot",
            "ray_check_count": 17,
            "field": 2,
            "field_xy_deg": [
              0.0,
              3.0
            ],
            "wavelength": 2,
            "wavelength_um": 0.55,
            "spectral_mode": "monochromatic"
          }
        },
        {
          "metric": "rms_spot_um",
          "field": 2,
          "wavelength": 3,
          "unit": "um",
          "value": 21.755643161694696,
          "settings": {
            "reference": "centroid",
            "ray_density": 8,
            "native_analysis": "StandardSpot",
            "ray_check_count": 17,
            "field": 2,
            "field_xy_deg": [
              0.0,
              3.0
            ],
            "wavelength": 3,
            "wavelength_um": 0.6562725,
            "spectral_mode": "monochromatic"
          }
        },
        {
          "metric": "rms_spot_um",
          "field": 3,
          "wavelength": 1,
          "unit": "um",
          "value": 98.01667503714992,
          "settings": {
            "reference": "centroid",
            "ray_density": 8,
            "native_analysis": "StandardSpot",
            "ray_check_count": 17,
            "field": 3,
            "field_xy_deg": [
              0.0,
              6.0
            ],
            "wavelength": 1,
            "wavelength_um": 0.4861327,
            "spectral_mode": "monochromatic"
          }
        },
        {
          "metric": "rms_spot_um",
          "field": 3,
          "wavelength": 2,
          "unit": "um",
          "value": 72.80561935596347,
          "settings": {
            "reference": "centroid",
            "ray_density": 8,
            "native_analysis": "StandardSpot",
            "ray_check_count": 17,
            "field": 3,
            "field_xy_deg": [
              0.0,
              6.0
            ],
            "wavelength": 2,
            "wavelength_um": 0.55,
            "spectral_mode": "monochromatic"
          }
        },
        {
          "metric": "rms_spot_um",
          "field": 3,
          "wavelength": 3,
          "unit": "um",
          "value": 48.84473702661482,
          "settings": {
            "reference": "centroid",
            "ray_density": 8,
            "native_analysis": "StandardSpot",
            "ray_check_count": 17,
            "field": 3,
            "field_xy_deg": [
              0.0,
              6.0
            ],
            "wavelength": 3,
            "wavelength_um": 0.6562725,
            "spectral_mode": "monochromatic"
          }
        }
      ],
      "assessment": {
        "passes": true,
        "requirements": [
          {
            "id": "focal-length",
            "key": "efl_mm",
            "requirement": {
              "id": "focal-length",
              "metric": "efl_mm",
              "unit": "mm",
              "min": 48,
              "max": 52
            },
            "status": "pass",
            "value": 49.99615696660989,
            "unit": "mm"
          },
          {
            "id": "track",
            "key": "total_track_mm",
            "requirement": {
              "id": "track",
              "metric": "total_track_mm",
              "unit": "mm",
              "max": 65
            },
            "status": "pass",
            "value": 52.9375,
            "unit": "mm"
          },
          {
            "id": "spot-1-1",
            "key": "rms_spot_um|f=1|w=1",
            "requirement": {
              "metric": "rms_spot_um",
              "field": 1,
              "wavelength": 1,
              "unit": "um",
              "id": "spot-1-1",
              "max": 120
            },
            "status": "pass",
            "value": 43.70850910263337,
            "unit": "um"
          },
          {
            "id": "spot-1-2",
            "key": "rms_spot_um|f=1|w=2",
            "requirement": {
              "metric": "rms_spot_um",
              "field": 1,
              "wavelength": 2,
              "unit": "um",
              "id": "spot-1-2",
              "max": 120
            },
            "status": "pass",
            "value": 20.374646115392416,
            "unit": "um"
          },
          {
            "id": "spot-1-3",
            "key": "rms_spot_um|f=1|w=3",
            "requirement": {
              "metric": "rms_spot_um",
              "field": 1,
              "wavelength": 3,
              "unit": "um",
              "id": "spot-1-3",
              "max": 120
            },
            "status": "pass",
            "value": 22.84143071924415,
            "unit": "um"
          },
          {
            "id": "spot-2-1",
            "key": "rms_spot_um|f=2|w=1",
            "requirement": {
              "metric": "rms_spot_um",
              "field": 2,
              "wavelength": 1,
              "unit": "um",
              "id": "spot-2-1",
              "max": 120
            },
            "status": "pass",
            "value": 57.41207543307613,
            "unit": "um"
          },
          {
            "id": "spot-2-2",
            "key": "rms_spot_um|f=2|w=2",
            "requirement": {
              "metric": "rms_spot_um",
              "field": 2,
              "wavelength": 2,
              "unit": "um",
              "id": "spot-2-2",
              "max": 120
            },
            "status": "pass",
            "value": 33.31035339981479,
            "unit": "um"
          },
          {
            "id": "spot-2-3",
            "key": "rms_spot_um|f=2|w=3",
            "requirement": {
              "metric": "rms_spot_um",
              "field": 2,
              "wavelength": 3,
              "unit": "um",
              "id": "spot-2-3",
              "max": 120
            },
            "status": "pass",
            "value": 21.755643161694696,
            "unit": "um"
          },
          {
            "id": "spot-3-1",
            "key": "rms_spot_um|f=3|w=1",
            "requirement": {
              "metric": "rms_spot_um",
              "field": 3,
              "wavelength": 1,
              "unit": "um",
              "id": "spot-3-1",
              "max": 120
            },
            "status": "pass",
            "value": 98.01667503714992,
            "unit": "um"
          },
          {
            "id": "spot-3-2",
            "key": "rms_spot_um|f=3|w=2",
            "requirement": {
              "metric": "rms_spot_um",
              "field": 3,
              "wavelength": 2,
              "unit": "um",
              "id": "spot-3-2",
              "max": 120
            },
            "status": "pass",
            "value": 72.80561935596347,
            "unit": "um"
          },
          {
            "id": "spot-3-3",
            "key": "rms_spot_um|f=3|w=3",
            "requirement": {
              "metric": "rms_spot_um",
              "field": 3,
              "wavelength": 3,
              "unit": "um",
              "id": "spot-3-3",
              "max": 120
            },
            "status": "pass",
            "value": 48.84473702661482,
            "unit": "um"
          }
        ]
      },
      "objective_breakdown": {
        "aggregation": "weighted_rms",
        "direction": "minimize",
        "value": 1.7575256216975814,
        "unit": "1",
        "terms": [
          {
            "metric": "rms_spot_um",
            "field": 1,
            "wavelength": 1,
            "key": "rms_spot_um|f=1|w=1",
            "unit": "um",
            "value": 43.70850910263337,
            "target": 0,
            "scale": 30,
            "weight": 1,
            "normalized_residual": 1.4569503034211124,
            "weighted_residual": 0.48565010114037077
          },
          {
            "metric": "rms_spot_um",
            "field": 1,
            "wavelength": 2,
            "key": "rms_spot_um|f=1|w=2",
            "unit": "um",
            "value": 20.374646115392416,
            "target": 0,
            "scale": 30,
            "weight": 1,
            "normalized_residual": 0.6791548705130805,
            "weighted_residual": 0.2263849568376935
          },
          {
            "metric": "rms_spot_um",
            "field": 1,
            "wavelength": 3,
            "key": "rms_spot_um|f=1|w=3",
            "unit": "um",
            "value": 22.84143071924415,
            "target": 0,
            "scale": 30,
            "weight": 1,
            "normalized_residual": 0.761381023974805,
            "weighted_residual": 0.2537936746582683
          },
          {
            "metric": "rms_spot_um",
            "field": 2,
            "wavelength": 1,
            "key": "rms_spot_um|f=2|w=1",
            "unit": "um",
            "value": 57.41207543307613,
            "target": 0,
            "scale": 30,
            "weight": 1,
            "normalized_residual": 1.9137358477692044,
            "weighted_residual": 0.6379119492564014
          },
          {
            "metric": "rms_spot_um",
            "field": 2,
            "wavelength": 2,
            "key": "rms_spot_um|f=2|w=2",
            "unit": "um",
            "value": 33.31035339981479,
            "target": 0,
            "scale": 30,
            "weight": 1,
            "normalized_residual": 1.1103451133271596,
            "weighted_residual": 0.37011503777571986
          },
          {
            "metric": "rms_spot_um",
            "field": 2,
            "wavelength": 3,
            "key": "rms_spot_um|f=2|w=3",
            "unit": "um",
            "value": 21.755643161694696,
            "target": 0,
            "scale": 30,
            "weight": 1,
            "normalized_residual": 0.7251881053898231,
            "weighted_residual": 0.24172936846327436
          },
          {
            "metric": "rms_spot_um",
            "field": 3,
            "wavelength": 1,
            "key": "rms_spot_um|f=3|w=1",
            "unit": "um",
            "value": 98.01667503714992,
            "target": 0,
            "scale": 30,
            "weight": 1,
            "normalized_residual": 3.2672225012383307,
            "weighted_residual": 1.0890741670794435
          },
          {
            "metric": "rms_spot_um",
            "field": 3,
            "wavelength": 2,
            "key": "rms_spot_um|f=3|w=2",
            "unit": "um",
            "value": 72.80561935596347,
            "target": 0,
            "scale": 30,
            "weight": 1,
            "normalized_residual": 2.4268539785321157,
            "weighted_residual": 0.8089513261773719
          },
          {
            "metric": "rms_spot_um",
            "field": 3,
            "wavelength": 3,
            "key": "rms_spot_um|f=3|w=3",
            "unit": "um",
            "value": 48.84473702661482,
            "target": 0,
            "scale": 30,
            "weight": 1,
            "normalized_residual": 1.6281579008871607,
            "weighted_residual": 0.5427193002957202
          }
        ]
      },
      "objective_value": 1.7575256216975814
    },
    {
      "kind": "search",
      "parameters_mm": [
        52.0,
        47.0625
      ],
      "inspection": {
        "engine": {
          "name": "OpticStudio",
          "version": "24.1.0",
          "zospy_version": "2.1.5",
          "pythonnet_version": "3.1.0",
          "license": "PremiumEdition"
        },
        "focus_mm": 47.0625,
        "image_surface": 3,
        "surfaces": [
          {
            "index": 0,
            "is_image": false,
            "is_stop": false,
            "type": "Standard",
            "radius_mm": "Infinity",
            "thickness_mm": "Infinity",
            "material": "",
            "conic": 0.0,
            "coating": "",
            "tilts": [
              0.0,
              0.0,
              0.0,
              0.0,
              0.0,
              0.0,
              0.0,
              0.0,
              0.0,
              0.0
            ],
            "aperture": "None",
            "semi_diameter_solve": "Automatic",
            "asphere_coefficients": []
          },
          {
            "index": 1,
            "is_image": false,
            "is_stop": true,
            "type": "Standard",
            "radius_mm": 52.0,
            "thickness_mm": 5.0,
            "material": "N-BK7",
            "conic": 0.0,
            "coating": "",
            "tilts": [
              0.0,
              0.0,
              0.0,
              0.0,
              0.0,
              0.0,
              0.0,
              0.0,
              0.0,
              0.0
            ],
            "aperture": "None",
            "semi_diameter_solve": "Automatic",
            "asphere_coefficients": []
          },
          {
            "index": 2,
            "is_image": false,
            "is_stop": false,
            "type": "Standard",
            "radius_mm": -50.0,
            "thickness_mm": 47.0625,
            "material": "",
            "conic": 0.0,
            "coating": "",
            "tilts": [
              0.0,
              0.0,
              0.0,
              0.0,
              0.0,
              0.0,
              0.0,
              0.0,
              0.0,
              0.0
            ],
            "aperture": "None",
            "semi_diameter_solve": "Automatic",
            "asphere_coefficients": []
          },
          {
            "index": 3,
            "is_image": true,
            "is_stop": false,
            "type": "Standard",
            "radius_mm": "Infinity",
            "thickness_mm": "Infinity",
            "material": "",
            "conic": 0.0,
            "coating": "",
            "tilts": [
              0.0,
              0.0,
              0.0,
              0.0,
              0.0,
              0.0,
              0.0,
              0.0,
              0.0,
              0.0
            ],
            "aperture": "None",
            "semi_diameter_solve": "Automatic",
            "asphere_coefficients": []
          }
        ],
        "invariants": {
          "surfaces": [
            {
              "index": 0,
              "is_image": false,
              "is_stop": false,
              "type": "Standard",
              "radius_mm": "Infinity",
              "thickness_mm": "Infinity",
              "material": "",
              "conic": 0.0,
              "coating": "",
              "tilts": [
                0.0,
                0.0,
                0.0,
                0.0,
                0.0,
                0.0,
                0.0,
                0.0,
                0.0,
                0.0
              ],
              "aperture": "None",
              "semi_diameter_solve": "Automatic",
              "asphere_coefficients": []
            },
            {
              "index": 1,
              "is_image": false,
              "is_stop": true,
              "type": "Standard",
              "radius_mm": 52.0,
              "thickness_mm": 5.0,
              "material": "N-BK7",
              "conic": 0.0,
              "coating": "",
              "tilts": [
                0.0,
                0.0,
                0.0,
                0.0,
                0.0,
                0.0,
                0.0,
                0.0,
                0.0,
                0.0
              ],
              "aperture": "None",
              "semi_diameter_solve": "Automatic",
              "asphere_coefficients": []
            },
            {
              "index": 2,
              "is_image": false,
              "is_stop": false,
              "type": "Standard",
              "radius_mm": -50.0,
              "material": "",
              "conic": 0.0,
              "coating": "",
              "tilts": [
                0.0,
                0.0,
                0.0,
                0.0,
                0.0,
                0.0,
                0.0,
                0.0,
                0.0,
                0.0
              ],
              "aperture": "None",
              "semi_diameter_solve": "Automatic",
              "asphere_coefficients": []
            },
            {
              "index": 3,
              "is_image": true,
              "is_stop": false,
              "type": "Standard",
              "radius_mm": "Infinity",
              "thickness_mm": "Infinity",
              "material": "",
              "conic": 0.0,
              "coating": "",
              "tilts": [
                0.0,
                0.0,
                0.0,
                0.0,
                0.0,
                0.0,
                0.0,
                0.0,
                0.0,
                0.0
              ],
              "aperture": "None",
              "semi_diameter_solve": "Automatic",
              "asphere_coefficients": []
            }
          ],
          "fields": [
            {
              "index": 1,
              "x_deg": 0.0,
              "y_deg": 0.0,
              "weight": 1.0
            },
            {
              "index": 2,
              "x_deg": 0.0,
              "y_deg": 3.0,
              "weight": 1.0
            },
            {
              "index": 3,
              "x_deg": 0.0,
              "y_deg": 6.0,
              "weight": 1.0
            }
          ],
          "wavelengths": [
            {
              "index": 1,
              "um": 0.4861327,
              "weight": 1.0,
              "primary": false
            },
            {
              "index": 2,
              "um": 0.55,
              "weight": 1.0,
              "primary": true
            },
            {
              "index": 3,
              "um": 0.6562725,
              "weight": 1.0,
              "primary": false
            }
          ],
          "aperture_type": "EntrancePupilDiameter",
          "aperture_mm": 10.0,
          "lens_units": "mm"
        },
        "limits": [
          "Sequential centered Standard conic/EvenAspheric refractive systems; fixed shape coefficients; angle fields; mm; EPD.",
          "Geometric centroid RMS spot and scalar FFT MTF are distinct metrics.",
          "A sparse pupil ray check detects gross failures; it is not a full vignetting analysis."
        ]
      },
      "measurements": [
        {
          "metric": "efl_mm",
          "unit": "mm",
          "value": 49.99615696660989,
          "settings": {
            "wavelength": 2,
            "wavelength_um": 0.55
          }
        },
        {
          "metric": "f_number",
          "unit": "1",
          "value": 4.999616,
          "settings": {
            "wavelength": 2,
            "wavelength_um": 0.55
          }
        },
        {
          "metric": "total_track_mm",
          "unit": "mm",
          "value": 52.0625
        },
        {
          "metric": "image_distance_mm",
          "unit": "mm",
          "value": 47.0625
        },
        {
          "metric": "rms_spot_um",
          "field": 1,
          "wavelength": 1,
          "unit": "um",
          "value": 30.23459410953768,
          "settings": {
            "reference": "centroid",
            "ray_density": 8,
            "native_analysis": "StandardSpot",
            "ray_check_count": 17,
            "field": 1,
            "field_xy_deg": [
              0.0,
              0.0
            ],
            "wavelength": 1,
            "wavelength_um": 0.4861327,
            "spectral_mode": "monochromatic"
          }
        },
        {
          "metric": "rms_spot_um",
          "field": 1,
          "wavelength": 2,
          "unit": "um",
          "value": 55.219081243999405,
          "settings": {
            "reference": "centroid",
            "ray_density": 8,
            "native_analysis": "StandardSpot",
            "ray_check_count": 17,
            "field": 1,
            "field_xy_deg": [
              0.0,
              0.0
            ],
            "wavelength": 2,
            "wavelength_um": 0.55,
            "spectral_mode": "monochromatic"
          }
        },
        {
          "metric": "rms_spot_um",
          "field": 1,
          "wavelength": 3,
          "unit": "um",
          "value": 83.96902640471757,
          "settings": {
            "reference": "centroid",
            "ray_density": 8,
            "native_analysis": "StandardSpot",
            "ray_check_count": 17,
            "field": 1,
            "field_xy_deg": [
              0.0,
              0.0
            ],
            "wavelength": 3,
            "wavelength_um": 0.6562725,
            "spectral_mode": "monochromatic"
          }
        },
        {
          "metric": "rms_spot_um",
          "field": 2,
          "wavelength": 1,
          "unit": "um",
          "value": 25.55346010657614,
          "settings": {
            "reference": "centroid",
            "ray_density": 8,
            "native_analysis": "StandardSpot",
            "ray_check_count": 17,
            "field": 2,
            "field_xy_deg": [
              0.0,
              3.0
            ],
            "wavelength": 1,
            "wavelength_um": 0.4861327,
            "spectral_mode": "monochromatic"
          }
        },
        {
          "metric": "rms_spot_um",
          "field": 2,
          "wavelength": 2,
          "unit": "um",
          "value": 46.172238810608754,
          "settings": {
            "reference": "centroid",
            "ray_density": 8,
            "native_analysis": "StandardSpot",
            "ray_check_count": 17,
            "field": 2,
            "field_xy_deg": [
              0.0,
              3.0
            ],
            "wavelength": 2,
            "wavelength_um": 0.55,
            "spectral_mode": "monochromatic"
          }
        },
        {
          "metric": "rms_spot_um",
          "field": 2,
          "wavelength": 3,
          "unit": "um",
          "value": 73.67887219053564,
          "settings": {
            "reference": "centroid",
            "ray_density": 8,
            "native_analysis": "StandardSpot",
            "ray_check_count": 17,
            "field": 2,
            "field_xy_deg": [
              0.0,
              3.0
            ],
            "wavelength": 3,
            "wavelength_um": 0.6562725,
            "spectral_mode": "monochromatic"
          }
        },
        {
          "metric": "rms_spot_um",
          "field": 3,
          "wavelength": 1,
          "unit": "um",
          "value": 43.660269877059,
          "settings": {
            "reference": "centroid",
            "ray_density": 8,
            "native_analysis": "StandardSpot",
            "ray_check_count": 17,
            "field": 3,
            "field_xy_deg": [
              0.0,
              6.0
            ],
            "wavelength": 1,
            "wavelength_um": 0.4861327,
            "spectral_mode": "monochromatic"
          }
        },
        {
          "metric": "rms_spot_um",
          "field": 3,
          "wavelength": 2,
          "unit": "um",
          "value": 37.04592722397414,
          "settings": {
            "reference": "centroid",
            "ray_density": 8,
            "native_analysis": "StandardSpot",
            "ray_check_count": 17,
            "field": 3,
            "field_xy_deg": [
              0.0,
              6.0
            ],
            "wavelength": 2,
            "wavelength_um": 0.55,
            "spectral_mode": "monochromatic"
          }
        },
        {
          "metric": "rms_spot_um",
          "field": 3,
          "wavelength": 3,
          "unit": "um",
          "value": 50.06364052951911,
          "settings": {
            "reference": "centroid",
            "ray_density": 8,
            "native_analysis": "StandardSpot",
            "ray_check_count": 17,
            "field": 3,
            "field_xy_deg": [
              0.0,
              6.0
            ],
            "wavelength": 3,
            "wavelength_um": 0.6562725,
            "spectral_mode": "monochromatic"
          }
        }
      ],
      "assessment": {
        "passes": true,
        "requirements": [
          {
            "id": "focal-length",
            "key": "efl_mm",
            "requirement": {
              "id": "focal-length",
              "metric": "efl_mm",
              "unit": "mm",
              "min": 48,
              "max": 52
            },
            "status": "pass",
            "value": 49.99615696660989,
            "unit": "mm"
          },
          {
            "id": "track",
            "key": "total_track_mm",
            "requirement": {
              "id": "track",
              "metric": "total_track_mm",
              "unit": "mm",
              "max": 65
            },
            "status": "pass",
            "value": 52.0625,
            "unit": "mm"
          },
          {
            "id": "spot-1-1",
            "key": "rms_spot_um|f=1|w=1",
            "requirement": {
              "metric": "rms_spot_um",
              "field": 1,
              "wavelength": 1,
              "unit": "um",
              "id": "spot-1-1",
              "max": 120
            },
            "status": "pass",
            "value": 30.23459410953768,
            "unit": "um"
          },
          {
            "id": "spot-1-2",
            "key": "rms_spot_um|f=1|w=2",
            "requirement": {
              "metric": "rms_spot_um",
              "field": 1,
              "wavelength": 2,
              "unit": "um",
              "id": "spot-1-2",
              "max": 120
            },
            "status": "pass",
            "value": 55.219081243999405,
            "unit": "um"
          },
          {
            "id": "spot-1-3",
            "key": "rms_spot_um|f=1|w=3",
            "requirement": {
              "metric": "rms_spot_um",
              "field": 1,
              "wavelength": 3,
              "unit": "um",
              "id": "spot-1-3",
              "max": 120
            },
            "status": "pass",
            "value": 83.96902640471757,
            "unit": "um"
          },
          {
            "id": "spot-2-1",
            "key": "rms_spot_um|f=2|w=1",
            "requirement": {
              "metric": "rms_spot_um",
              "field": 2,
              "wavelength": 1,
              "unit": "um",
              "id": "spot-2-1",
              "max": 120
            },
            "status": "pass",
            "value": 25.55346010657614,
            "unit": "um"
          },
          {
            "id": "spot-2-2",
            "key": "rms_spot_um|f=2|w=2",
            "requirement": {
              "metric": "rms_spot_um",
              "field": 2,
              "wavelength": 2,
              "unit": "um",
              "id": "spot-2-2",
              "max": 120
            },
            "status": "pass",
            "value": 46.172238810608754,
            "unit": "um"
          },
          {
            "id": "spot-2-3",
            "key": "rms_spot_um|f=2|w=3",
            "requirement": {
              "metric": "rms_spot_um",
              "field": 2,
              "wavelength": 3,
              "unit": "um",
              "id": "spot-2-3",
              "max": 120
            },
            "status": "pass",
            "value": 73.67887219053564,
            "unit": "um"
          },
          {
            "id": "spot-3-1",
            "key": "rms_spot_um|f=3|w=1",
            "requirement": {
              "metric": "rms_spot_um",
              "field": 3,
              "wavelength": 1,
              "unit": "um",
              "id": "spot-3-1",
              "max": 120
            },
            "status": "pass",
            "value": 43.660269877059,
            "unit": "um"
          },
          {
            "id": "spot-3-2",
            "key": "rms_spot_um|f=3|w=2",
            "requirement": {
              "metric": "rms_spot_um",
              "field": 3,
              "wavelength": 2,
              "unit": "um",
              "id": "spot-3-2",
              "max": 120
            },
            "status": "pass",
            "value": 37.04592722397414,
            "unit": "um"
          },
          {
            "id": "spot-3-3",
            "key": "rms_spot_um|f=3|w=3",
            "requirement": {
              "metric": "rms_spot_um",
              "field": 3,
              "wavelength": 3,
              "unit": "um",
              "id": "spot-3-3",
              "max": 120
            },
            "status": "pass",
            "value": 50.06364052951911,
            "unit": "um"
          }
        ]
      },
      "objective_breakdown": {
        "aggregation": "weighted_rms",
        "direction": "minimize",
        "value": 1.7572598678623967,
        "unit": "1",
        "terms": [
          {
            "metric": "rms_spot_um",
            "field": 1,
            "wavelength": 1,
            "key": "rms_spot_um|f=1|w=1",
            "unit": "um",
            "value": 30.23459410953768,
            "target": 0,
            "scale": 30,
            "weight": 1,
            "normalized_residual": 1.007819803651256,
            "weighted_residual": 0.33593993455041865
          },
          {
            "metric": "rms_spot_um",
            "field": 1,
            "wavelength": 2,
            "key": "rms_spot_um|f=1|w=2",
            "unit": "um",
            "value": 55.219081243999405,
            "target": 0,
            "scale": 30,
            "weight": 1,
            "normalized_residual": 1.8406360414666467,
            "weighted_residual": 0.6135453471555489
          },
          {
            "metric": "rms_spot_um",
            "field": 1,
            "wavelength": 3,
            "key": "rms_spot_um|f=1|w=3",
            "unit": "um",
            "value": 83.96902640471757,
            "target": 0,
            "scale": 30,
            "weight": 1,
            "normalized_residual": 2.798967546823919,
            "weighted_residual": 0.9329891822746396
          },
          {
            "metric": "rms_spot_um",
            "field": 2,
            "wavelength": 1,
            "key": "rms_spot_um|f=2|w=1",
            "unit": "um",
            "value": 25.55346010657614,
            "target": 0,
            "scale": 30,
            "weight": 1,
            "normalized_residual": 0.851782003552538,
            "weighted_residual": 0.2839273345175126
          },
          {
            "metric": "rms_spot_um",
            "field": 2,
            "wavelength": 2,
            "key": "rms_spot_um|f=2|w=2",
            "unit": "um",
            "value": 46.172238810608754,
            "target": 0,
            "scale": 30,
            "weight": 1,
            "normalized_residual": 1.5390746270202917,
            "weighted_residual": 0.5130248756734306
          },
          {
            "metric": "rms_spot_um",
            "field": 2,
            "wavelength": 3,
            "key": "rms_spot_um|f=2|w=3",
            "unit": "um",
            "value": 73.67887219053564,
            "target": 0,
            "scale": 30,
            "weight": 1,
            "normalized_residual": 2.4559624063511882,
            "weighted_residual": 0.818654135450396
          },
          {
            "metric": "rms_spot_um",
            "field": 3,
            "wavelength": 1,
            "key": "rms_spot_um|f=3|w=1",
            "unit": "um",
            "value": 43.660269877059,
            "target": 0,
            "scale": 30,
            "weight": 1,
            "normalized_residual": 1.4553423292353,
            "weighted_residual": 0.4851141097451
          },
          {
            "metric": "rms_spot_um",
            "field": 3,
            "wavelength": 2,
            "key": "rms_spot_um|f=3|w=2",
            "unit": "um",
            "value": 37.04592722397414,
            "target": 0,
            "scale": 30,
            "weight": 1,
            "normalized_residual": 1.234864240799138,
            "weighted_residual": 0.4116214135997126
          },
          {
            "metric": "rms_spot_um",
            "field": 3,
            "wavelength": 3,
            "key": "rms_spot_um|f=3|w=3",
            "unit": "um",
            "value": 50.06364052951911,
            "target": 0,
            "scale": 30,
            "weight": 1,
            "normalized_residual": 1.6687880176506371,
            "weighted_residual": 0.5562626725502123
          }
        ]
      },
      "objective_value": 1.7572598678623967
    },
    {
      "kind": "search",
      "parameters_mm": [
        51.87499999999999,
        47.5
      ],
      "inspection": {
        "engine": {
          "name": "OpticStudio",
          "version": "24.1.0",
          "zospy_version": "2.1.5",
          "pythonnet_version": "3.1.0",
          "license": "PremiumEdition"
        },
        "focus_mm": 47.5,
        "image_surface": 3,
        "surfaces": [
          {
            "index": 0,
            "is_image": false,
            "is_stop": false,
            "type": "Standard",
            "radius_mm": "Infinity",
            "thickness_mm": "Infinity",
            "material": "",
            "conic": 0.0,
            "coating": "",
            "tilts": [
              0.0,
              0.0,
              0.0,
              0.0,
              0.0,
              0.0,
              0.0,
              0.0,
              0.0,
              0.0
            ],
            "aperture": "None",
            "semi_diameter_solve": "Automatic",
            "asphere_coefficients": []
          },
          {
            "index": 1,
            "is_image": false,
            "is_stop": true,
            "type": "Standard",
            "radius_mm": 51.87499999999999,
            "thickness_mm": 5.0,
            "material": "N-BK7",
            "conic": 0.0,
            "coating": "",
            "tilts": [
              0.0,
              0.0,
              0.0,
              0.0,
              0.0,
              0.0,
              0.0,
              0.0,
              0.0,
              0.0
            ],
            "aperture": "None",
            "semi_diameter_solve": "Automatic",
            "asphere_coefficients": []
          },
          {
            "index": 2,
            "is_image": false,
            "is_stop": false,
            "type": "Standard",
            "radius_mm": -50.0,
            "thickness_mm": 47.5,
            "material": "",
            "conic": 0.0,
            "coating": "",
            "tilts": [
              0.0,
              0.0,
              0.0,
              0.0,
              0.0,
              0.0,
              0.0,
              0.0,
              0.0,
              0.0
            ],
            "aperture": "None",
            "semi_diameter_solve": "Automatic",
            "asphere_coefficients": []
          },
          {
            "index": 3,
            "is_image": true,
            "is_stop": false,
            "type": "Standard",
            "radius_mm": "Infinity",
            "thickness_mm": "Infinity",
            "material": "",
            "conic": 0.0,
            "coating": "",
            "tilts": [
              0.0,
              0.0,
              0.0,
              0.0,
              0.0,
              0.0,
              0.0,
              0.0,
              0.0,
              0.0
            ],
            "aperture": "None",
            "semi_diameter_solve": "Automatic",
            "asphere_coefficients": []
          }
        ],
        "invariants": {
          "surfaces": [
            {
              "index": 0,
              "is_image": false,
              "is_stop": false,
              "type": "Standard",
              "radius_mm": "Infinity",
              "thickness_mm": "Infinity",
              "material": "",
              "conic": 0.0,
              "coating": "",
              "tilts": [
                0.0,
                0.0,
                0.0,
                0.0,
                0.0,
                0.0,
                0.0,
                0.0,
                0.0,
                0.0
              ],
              "aperture": "None",
              "semi_diameter_solve": "Automatic",
              "asphere_coefficients": []
            },
            {
              "index": 1,
              "is_image": false,
              "is_stop": true,
              "type": "Standard",
              "radius_mm": 51.87499999999999,
              "thickness_mm": 5.0,
              "material": "N-BK7",
              "conic": 0.0,
              "coating": "",
              "tilts": [
                0.0,
                0.0,
                0.0,
                0.0,
                0.0,
                0.0,
                0.0,
                0.0,
                0.0,
                0.0
              ],
              "aperture": "None",
              "semi_diameter_solve": "Automatic",
              "asphere_coefficients": []
            },
            {
              "index": 2,
              "is_image": false,
              "is_stop": false,
              "type": "Standard",
              "radius_mm": -50.0,
              "material": "",
              "conic": 0.0,
              "coating": "",
              "tilts": [
                0.0,
                0.0,
                0.0,
                0.0,
                0.0,
                0.0,
                0.0,
                0.0,
                0.0,
                0.0
              ],
              "aperture": "None",
              "semi_diameter_solve": "Automatic",
              "asphere_coefficients": []
            },
            {
              "index": 3,
              "is_image": true,
              "is_stop": false,
              "type": "Standard",
              "radius_mm": "Infinity",
              "thickness_mm": "Infinity",
              "material": "",
              "conic": 0.0,
              "coating": "",
              "tilts": [
                0.0,
                0.0,
                0.0,
                0.0,
                0.0,
                0.0,
                0.0,
                0.0,
                0.0,
                0.0
              ],
              "aperture": "None",
              "semi_diameter_solve": "Automatic",
              "asphere_coefficients": []
            }
          ],
          "fields": [
            {
              "index": 1,
              "x_deg": 0.0,
              "y_deg": 0.0,
              "weight": 1.0
            },
            {
              "index": 2,
              "x_deg": 0.0,
              "y_deg": 3.0,
              "weight": 1.0
            },
            {
              "index": 3,
              "x_deg": 0.0,
              "y_deg": 6.0,
              "weight": 1.0
            }
          ],
          "wavelengths": [
            {
              "index": 1,
              "um": 0.4861327,
              "weight": 1.0,
              "primary": false
            },
            {
              "index": 2,
              "um": 0.55,
              "weight": 1.0,
              "primary": true
            },
            {
              "index": 3,
              "um": 0.6562725,
              "weight": 1.0,
              "primary": false
            }
          ],
          "aperture_type": "EntrancePupilDiameter",
          "aperture_mm": 10.0,
          "lens_units": "mm"
        },
        "limits": [
          "Sequential centered Standard conic/EvenAspheric refractive systems; fixed shape coefficients; angle fields; mm; EPD.",
          "Geometric centroid RMS spot and scalar FFT MTF are distinct metrics.",
          "A sparse pupil ray check detects gross failures; it is not a full vignetting analysis."
        ]
      },
      "measurements": [
        {
          "metric": "efl_mm",
          "unit": "mm",
          "value": 49.93821450270219,
          "settings": {
            "wavelength": 2,
            "wavelength_um": 0.55
          }
        },
        {
          "metric": "f_number",
          "unit": "1",
          "value": 4.993821,
          "settings": {
            "wavelength": 2,
            "wavelength_um": 0.55
          }
        },
        {
          "metric": "total_track_mm",
          "unit": "mm",
          "value": 52.5
        },
        {
          "metric": "image_distance_mm",
          "unit": "mm",
          "value": 47.5
        },
        {
          "metric": "rms_spot_um",
          "field": 1,
          "wavelength": 1,
          "unit": "um",
          "value": 19.73550993976045,
          "settings": {
            "reference": "centroid",
            "ray_density": 8,
            "native_analysis": "StandardSpot",
            "ray_check_count": 17,
            "field": 1,
            "field_xy_deg": [
              0.0,
              0.0
            ],
            "wavelength": 1,
            "wavelength_um": 0.4861327,
            "spectral_mode": "monochromatic"
          }
        },
        {
          "metric": "rms_spot_um",
          "field": 1,
          "wavelength": 2,
          "unit": "um",
          "value": 21.85796299578518,
          "settings": {
            "reference": "centroid",
            "ray_density": 8,
            "native_analysis": "StandardSpot",
            "ray_check_count": 17,
            "field": 1,
            "field_xy_deg": [
              0.0,
              0.0
            ],
            "wavelength": 2,
            "wavelength_um": 0.55,
            "spectral_mode": "monochromatic"
          }
        },
        {
          "metric": "rms_spot_um",
          "field": 1,
          "wavelength": 3,
          "unit": "um",
          "value": 47.786034101585614,
          "settings": {
            "reference": "centroid",
            "ray_density": 8,
            "native_analysis": "StandardSpot",
            "ray_check_count": 17,
            "field": 1,
            "field_xy_deg": [
              0.0,
              0.0
            ],
            "wavelength": 3,
            "wavelength_um": 0.6562725,
            "spectral_mode": "monochromatic"
          }
        },
        {
          "metric": "rms_spot_um",
          "field": 2,
          "wavelength": 1,
          "unit": "um",
          "value": 32.505944171025725,
          "settings": {
            "reference": "centroid",
            "ray_density": 8,
            "native_analysis": "StandardSpot",
            "ray_check_count": 17,
            "field": 2,
            "field_xy_deg": [
              0.0,
              3.0
            ],
            "wavelength": 1,
            "wavelength_um": 0.4861327,
            "spectral_mode": "monochromatic"
          }
        },
        {
          "metric": "rms_spot_um",
          "field": 2,
          "wavelength": 2,
          "unit": "um",
          "value": 21.6547900260363,
          "settings": {
            "reference": "centroid",
            "ray_density": 8,
            "native_analysis": "StandardSpot",
            "ray_check_count": 17,
            "field": 2,
            "field_xy_deg": [
              0.0,
              3.0
            ],
            "wavelength": 2,
            "wavelength_um": 0.55,
            "spectral_mode": "monochromatic"
          }
        },
        {
          "metric": "rms_spot_um",
          "field": 2,
          "wavelength": 3,
          "unit": "um",
          "value": 39.34808926265896,
          "settings": {
            "reference": "centroid",
            "ray_density": 8,
            "native_analysis": "StandardSpot",
            "ray_check_count": 17,
            "field": 2,
            "field_xy_deg": [
              0.0,
              3.0
            ],
            "wavelength": 3,
            "wavelength_um": 0.6562725,
            "spectral_mode": "monochromatic"
          }
        },
        {
          "metric": "rms_spot_um",
          "field": 3,
          "wavelength": 1,
          "unit": "um",
          "value": 71.84110666363449,
          "settings": {
            "reference": "centroid",
            "ray_density": 8,
            "native_analysis": "StandardSpot",
            "ray_check_count": 17,
            "field": 3,
            "field_xy_deg": [
              0.0,
              6.0
            ],
            "wavelength": 1,
            "wavelength_um": 0.4861327,
            "spectral_mode": "monochromatic"
          }
        },
        {
          "metric": "rms_spot_um",
          "field": 3,
          "wavelength": 2,
          "unit": "um",
          "value": 50.00040494324276,
          "settings": {
            "reference": "centroid",
            "ray_density": 8,
            "native_analysis": "StandardSpot",
            "ray_check_count": 17,
            "field": 3,
            "field_xy_deg": [
              0.0,
              6.0
            ],
            "wavelength": 2,
            "wavelength_um": 0.55,
            "spectral_mode": "monochromatic"
          }
        },
        {
          "metric": "rms_spot_um",
          "field": 3,
          "wavelength": 3,
          "unit": "um",
          "value": 36.75802076909846,
          "settings": {
            "reference": "centroid",
            "ray_density": 8,
            "native_analysis": "StandardSpot",
            "ray_check_count": 17,
            "field": 3,
            "field_xy_deg": [
              0.0,
              6.0
            ],
            "wavelength": 3,
            "wavelength_um": 0.6562725,
            "spectral_mode": "monochromatic"
          }
        }
      ],
      "assessment": {
        "passes": true,
        "requirements": [
          {
            "id": "focal-length",
            "key": "efl_mm",
            "requirement": {
              "id": "focal-length",
              "metric": "efl_mm",
              "unit": "mm",
              "min": 48,
              "max": 52
            },
            "status": "pass",
            "value": 49.93821450270219,
            "unit": "mm"
          },
          {
            "id": "track",
            "key": "total_track_mm",
            "requirement": {
              "id": "track",
              "metric": "total_track_mm",
              "unit": "mm",
              "max": 65
            },
            "status": "pass",
            "value": 52.5,
            "unit": "mm"
          },
          {
            "id": "spot-1-1",
            "key": "rms_spot_um|f=1|w=1",
            "requirement": {
              "metric": "rms_spot_um",
              "field": 1,
              "wavelength": 1,
              "unit": "um",
              "id": "spot-1-1",
              "max": 120
            },
            "status": "pass",
            "value": 19.73550993976045,
            "unit": "um"
          },
          {
            "id": "spot-1-2",
            "key": "rms_spot_um|f=1|w=2",
            "requirement": {
              "metric": "rms_spot_um",
              "field": 1,
              "wavelength": 2,
              "unit": "um",
              "id": "spot-1-2",
              "max": 120
            },
            "status": "pass",
            "value": 21.85796299578518,
            "unit": "um"
          },
          {
            "id": "spot-1-3",
            "key": "rms_spot_um|f=1|w=3",
            "requirement": {
              "metric": "rms_spot_um",
              "field": 1,
              "wavelength": 3,
              "unit": "um",
              "id": "spot-1-3",
              "max": 120
            },
            "status": "pass",
            "value": 47.786034101585614,
            "unit": "um"
          },
          {
            "id": "spot-2-1",
            "key": "rms_spot_um|f=2|w=1",
            "requirement": {
              "metric": "rms_spot_um",
              "field": 2,
              "wavelength": 1,
              "unit": "um",
              "id": "spot-2-1",
              "max": 120
            },
            "status": "pass",
            "value": 32.505944171025725,
            "unit": "um"
          },
          {
            "id": "spot-2-2",
            "key": "rms_spot_um|f=2|w=2",
            "requirement": {
              "metric": "rms_spot_um",
              "field": 2,
              "wavelength": 2,
              "unit": "um",
              "id": "spot-2-2",
              "max": 120
            },
            "status": "pass",
            "value": 21.6547900260363,
            "unit": "um"
          },
          {
            "id": "spot-2-3",
            "key": "rms_spot_um|f=2|w=3",
            "requirement": {
              "metric": "rms_spot_um",
              "field": 2,
              "wavelength": 3,
              "unit": "um",
              "id": "spot-2-3",
              "max": 120
            },
            "status": "pass",
            "value": 39.34808926265896,
            "unit": "um"
          },
          {
            "id": "spot-3-1",
            "key": "rms_spot_um|f=3|w=1",
            "requirement": {
              "metric": "rms_spot_um",
              "field": 3,
              "wavelength": 1,
              "unit": "um",
              "id": "spot-3-1",
              "max": 120
            },
            "status": "pass",
            "value": 71.84110666363449,
            "unit": "um"
          },
          {
            "id": "spot-3-2",
            "key": "rms_spot_um|f=3|w=2",
            "requirement": {
              "metric": "rms_spot_um",
              "field": 3,
              "wavelength": 2,
              "unit": "um",
              "id": "spot-3-2",
              "max": 120
            },
            "status": "pass",
            "value": 50.00040494324276,
            "unit": "um"
          },
          {
            "id": "spot-3-3",
            "key": "rms_spot_um|f=3|w=3",
            "requirement": {
              "metric": "rms_spot_um",
              "field": 3,
              "wavelength": 3,
              "unit": "um",
              "id": "spot-3-3",
              "max": 120
            },
            "status": "pass",
            "value": 36.75802076909846,
            "unit": "um"
          }
        ]
      },
      "objective_breakdown": {
        "aggregation": "weighted_rms",
        "direction": "minimize",
        "value": 1.3715334129150993,
        "unit": "1",
        "terms": [
          {
            "metric": "rms_spot_um",
            "field": 1,
            "wavelength": 1,
            "key": "rms_spot_um|f=1|w=1",
            "unit": "um",
            "value": 19.73550993976045,
            "target": 0,
            "scale": 30,
            "weight": 1,
            "normalized_residual": 0.6578503313253484,
            "weighted_residual": 0.21928344377511613
          },
          {
            "metric": "rms_spot_um",
            "field": 1,
            "wavelength": 2,
            "key": "rms_spot_um|f=1|w=2",
            "unit": "um",
            "value": 21.85796299578518,
            "target": 0,
            "scale": 30,
            "weight": 1,
            "normalized_residual": 0.7285987665261726,
            "weighted_residual": 0.2428662555087242
          },
          {
            "metric": "rms_spot_um",
            "field": 1,
            "wavelength": 3,
            "key": "rms_spot_um|f=1|w=3",
            "unit": "um",
            "value": 47.786034101585614,
            "target": 0,
            "scale": 30,
            "weight": 1,
            "normalized_residual": 1.5928678033861872,
            "weighted_residual": 0.5309559344620624
          },
          {
            "metric": "rms_spot_um",
            "field": 2,
            "wavelength": 1,
            "key": "rms_spot_um|f=2|w=1",
            "unit": "um",
            "value": 32.505944171025725,
            "target": 0,
            "scale": 30,
            "weight": 1,
            "normalized_residual": 1.0835314723675242,
            "weighted_residual": 0.3611771574558414
          },
          {
            "metric": "rms_spot_um",
            "field": 2,
            "wavelength": 2,
            "key": "rms_spot_um|f=2|w=2",
            "unit": "um",
            "value": 21.6547900260363,
            "target": 0,
            "scale": 30,
            "weight": 1,
            "normalized_residual": 0.72182633420121,
            "weighted_residual": 0.24060877806706998
          },
          {
            "metric": "rms_spot_um",
            "field": 2,
            "wavelength": 3,
            "key": "rms_spot_um|f=2|w=3",
            "unit": "um",
            "value": 39.34808926265896,
            "target": 0,
            "scale": 30,
            "weight": 1,
            "normalized_residual": 1.3116029754219654,
            "weighted_residual": 0.43720099180732175
          },
          {
            "metric": "rms_spot_um",
            "field": 3,
            "wavelength": 1,
            "key": "rms_spot_um|f=3|w=1",
            "unit": "um",
            "value": 71.84110666363449,
            "target": 0,
            "scale": 30,
            "weight": 1,
            "normalized_residual": 2.394703555454483,
            "weighted_residual": 0.7982345184848276
          },
          {
            "metric": "rms_spot_um",
            "field": 3,
            "wavelength": 2,
            "key": "rms_spot_um|f=3|w=2",
            "unit": "um",
            "value": 50.00040494324276,
            "target": 0,
            "scale": 30,
            "weight": 1,
            "normalized_residual": 1.6666801647747589,
            "weighted_residual": 0.5555600549249196
          },
          {
            "metric": "rms_spot_um",
            "field": 3,
            "wavelength": 3,
            "key": "rms_spot_um|f=3|w=3",
            "unit": "um",
            "value": 36.75802076909846,
            "target": 0,
            "scale": 30,
            "weight": 1,
            "normalized_residual": 1.2252673589699485,
            "weighted_residual": 0.4084224529899828
          }
        ]
      },
      "objective_value": 1.3715334129150993
    },
    {
      "kind": "search",
      "parameters_mm": [
        52.0,
        47.71875
      ],
      "inspection": {
        "engine": {
          "name": "OpticStudio",
          "version": "24.1.0",
          "zospy_version": "2.1.5",
          "pythonnet_version": "3.1.0",
          "license": "PremiumEdition"
        },
        "focus_mm": 47.71875,
        "image_surface": 3,
        "surfaces": [
          {
            "index": 0,
            "is_image": false,
            "is_stop": false,
            "type": "Standard",
            "radius_mm": "Infinity",
            "thickness_mm": "Infinity",
            "material": "",
            "conic": 0.0,
            "coating": "",
            "tilts": [
              0.0,
              0.0,
              0.0,
              0.0,
              0.0,
              0.0,
              0.0,
              0.0,
              0.0,
              0.0
            ],
            "aperture": "None",
            "semi_diameter_solve": "Automatic",
            "asphere_coefficients": []
          },
          {
            "index": 1,
            "is_image": false,
            "is_stop": true,
            "type": "Standard",
            "radius_mm": 52.0,
            "thickness_mm": 5.0,
            "material": "N-BK7",
            "conic": 0.0,
            "coating": "",
            "tilts": [
              0.0,
              0.0,
              0.0,
              0.0,
              0.0,
              0.0,
              0.0,
              0.0,
              0.0,
              0.0
            ],
            "aperture": "None",
            "semi_diameter_solve": "Automatic",
            "asphere_coefficients": []
          },
          {
            "index": 2,
            "is_image": false,
            "is_stop": false,
            "type": "Standard",
            "radius_mm": -50.0,
            "thickness_mm": 47.71875,
            "material": "",
            "conic": 0.0,
            "coating": "",
            "tilts": [
              0.0,
              0.0,
              0.0,
              0.0,
              0.0,
              0.0,
              0.0,
              0.0,
              0.0,
              0.0
            ],
            "aperture": "None",
            "semi_diameter_solve": "Automatic",
            "asphere_coefficients": []
          },
          {
            "index": 3,
            "is_image": true,
            "is_stop": false,
            "type": "Standard",
            "radius_mm": "Infinity",
            "thickness_mm": "Infinity",
            "material": "",
            "conic": 0.0,
            "coating": "",
            "tilts": [
              0.0,
              0.0,
              0.0,
              0.0,
              0.0,
              0.0,
              0.0,
              0.0,
              0.0,
              0.0
            ],
            "aperture": "None",
            "semi_diameter_solve": "Automatic",
            "asphere_coefficients": []
          }
        ],
        "invariants": {
          "surfaces": [
            {
              "index": 0,
              "is_image": false,
              "is_stop": false,
              "type": "Standard",
              "radius_mm": "Infinity",
              "thickness_mm": "Infinity",
              "material": "",
              "conic": 0.0,
              "coating": "",
              "tilts": [
                0.0,
                0.0,
                0.0,
                0.0,
                0.0,
                0.0,
                0.0,
                0.0,
                0.0,
                0.0
              ],
              "aperture": "None",
              "semi_diameter_solve": "Automatic",
              "asphere_coefficients": []
            },
            {
              "index": 1,
              "is_image": false,
              "is_stop": true,
              "type": "Standard",
              "radius_mm": 52.0,
              "thickness_mm": 5.0,
              "material": "N-BK7",
              "conic": 0.0,
              "coating": "",
              "tilts": [
                0.0,
                0.0,
                0.0,
                0.0,
                0.0,
                0.0,
                0.0,
                0.0,
                0.0,
                0.0
              ],
              "aperture": "None",
              "semi_diameter_solve": "Automatic",
              "asphere_coefficients": []
            },
            {
              "index": 2,
              "is_image": false,
              "is_stop": false,
              "type": "Standard",
              "radius_mm": -50.0,
              "material": "",
              "conic": 0.0,
              "coating": "",
              "tilts": [
                0.0,
                0.0,
                0.0,
                0.0,
                0.0,
                0.0,
                0.0,
                0.0,
                0.0,
                0.0
              ],
              "aperture": "None",
              "semi_diameter_solve": "Automatic",
              "asphere_coefficients": []
            },
            {
              "index": 3,
              "is_image": true,
              "is_stop": false,
              "type": "Standard",
              "radius_mm": "Infinity",
              "thickness_mm": "Infinity",
              "material": "",
              "conic": 0.0,
              "coating": "",
              "tilts": [
                0.0,
                0.0,
                0.0,
                0.0,
                0.0,
                0.0,
                0.0,
                0.0,
                0.0,
                0.0
              ],
              "aperture": "None",
              "semi_diameter_solve": "Automatic",
              "asphere_coefficients": []
            }
          ],
          "fields": [
            {
              "index": 1,
              "x_deg": 0.0,
              "y_deg": 0.0,
              "weight": 1.0
            },
            {
              "index": 2,
              "x_deg": 0.0,
              "y_deg": 3.0,
              "weight": 1.0
            },
            {
              "index": 3,
              "x_deg": 0.0,
              "y_deg": 6.0,
              "weight": 1.0
            }
          ],
          "wavelengths": [
            {
              "index": 1,
              "um": 0.4861327,
              "weight": 1.0,
              "primary": false
            },
            {
              "index": 2,
              "um": 0.55,
              "weight": 1.0,
              "primary": true
            },
            {
              "index": 3,
              "um": 0.6562725,
              "weight": 1.0,
              "primary": false
            }
          ],
          "aperture_type": "EntrancePupilDiameter",
          "aperture_mm": 10.0,
          "lens_units": "mm"
        },
        "limits": [
          "Sequential centered Standard conic/EvenAspheric refractive systems; fixed shape coefficients; angle fields; mm; EPD.",
          "Geometric centroid RMS spot and scalar FFT MTF are distinct metrics.",
          "A sparse pupil ray check detects gross failures; it is not a full vignetting analysis."
        ]
      },
      "measurements": [
        {
          "metric": "efl_mm",
          "unit": "mm",
          "value": 49.99615696660989,
          "settings": {
            "wavelength": 2,
            "wavelength_um": 0.55
          }
        },
        {
          "metric": "f_number",
          "unit": "1",
          "value": 4.999616,
          "settings": {
            "wavelength": 2,
            "wavelength_um": 0.55
          }
        },
        {
          "metric": "total_track_mm",
          "unit": "mm",
          "value": 52.71875
        },
        {
          "metric": "image_distance_mm",
          "unit": "mm",
          "value": 47.71875
        },
        {
          "metric": "rms_spot_um",
          "field": 1,
          "wavelength": 1,
          "unit": "um",
          "value": 28.764474524952067,
          "settings": {
            "reference": "centroid",
            "ray_density": 8,
            "native_analysis": "StandardSpot",
            "ray_check_count": 17,
            "field": 1,
            "field_xy_deg": [
              0.0,
              0.0
            ],
            "wavelength": 1,
            "wavelength_um": 0.4861327,
            "spectral_mode": "monochromatic"
          }
        },
        {
          "metric": "rms_spot_um",
          "field": 1,
          "wavelength": 2,
          "unit": "um",
          "value": 15.872232297498348,
          "settings": {
            "reference": "centroid",
            "ray_density": 8,
            "native_analysis": "StandardSpot",
            "ray_check_count": 17,
            "field": 1,
            "field_xy_deg": [
              0.0,
              0.0
            ],
            "wavelength": 2,
            "wavelength_um": 0.55,
            "spectral_mode": "monochromatic"
          }
        },
        {
          "metric": "rms_spot_um",
          "field": 1,
          "wavelength": 3,
          "unit": "um",
          "value": 36.681732275210955,
          "settings": {
            "reference": "centroid",
            "ray_density": 8,
            "native_analysis": "StandardSpot",
            "ray_check_count": 17,
            "field": 1,
            "field_xy_deg": [
              0.0,
              0.0
            ],
            "wavelength": 3,
            "wavelength_um": 0.6562725,
            "spectral_mode": "monochromatic"
          }
        },
        {
          "metric": "rms_spot_um",
          "field": 2,
          "wavelength": 1,
          "unit": "um",
          "value": 42.3771721815076,
          "settings": {
            "reference": "centroid",
            "ray_density": 8,
            "native_analysis": "StandardSpot",
            "ray_check_count": 17,
            "field": 2,
            "field_xy_deg": [
              0.0,
              3.0
            ],
            "wavelength": 1,
            "wavelength_um": 0.4861327,
            "spectral_mode": "monochromatic"
          }
        },
        {
          "metric": "rms_spot_um",
          "field": 2,
          "wavelength": 2,
          "unit": "um",
          "value": 23.193997566473815,
          "settings": {
            "reference": "centroid",
            "ray_density": 8,
            "native_analysis": "StandardSpot",
            "ray_check_count": 17,
            "field": 2,
            "field_xy_deg": [
              0.0,
              3.0
            ],
            "wavelength": 2,
            "wavelength_um": 0.55,
            "spectral_mode": "monochromatic"
          }
        },
        {
          "metric": "rms_spot_um",
          "field": 2,
          "wavelength": 3,
          "unit": "um",
          "value": 29.971208290137884,
          "settings": {
            "reference": "centroid",
            "ray_density": 8,
            "native_analysis": "StandardSpot",
            "ray_check_count": 17,
            "field": 2,
            "field_xy_deg": [
              0.0,
              3.0
            ],
            "wavelength": 3,
            "wavelength_um": 0.6562725,
            "spectral_mode": "monochromatic"
          }
        },
        {
          "metric": "rms_spot_um",
          "field": 3,
          "wavelength": 1,
          "unit": "um",
          "value": 82.61661109572898,
          "settings": {
            "reference": "centroid",
            "ray_density": 8,
            "native_analysis": "StandardSpot",
            "ray_check_count": 17,
            "field": 3,
            "field_xy_deg": [
              0.0,
              6.0
            ],
            "wavelength": 1,
            "wavelength_um": 0.4861327,
            "spectral_mode": "monochromatic"
          }
        },
        {
          "metric": "rms_spot_um",
          "field": 3,
          "wavelength": 2,
          "unit": "um",
          "value": 58.946321491404966,
          "settings": {
            "reference": "centroid",
            "ray_density": 8,
            "native_analysis": "StandardSpot",
            "ray_check_count": 17,
            "field": 3,
            "field_xy_deg": [
              0.0,
              6.0
            ],
            "wavelength": 2,
            "wavelength_um": 0.55,
            "spectral_mode": "monochromatic"
          }
        },
        {
          "metric": "rms_spot_um",
          "field": 3,
          "wavelength": 3,
          "unit": "um",
          "value": 39.81987187524658,
          "settings": {
            "reference": "centroid",
            "ray_density": 8,
            "native_analysis": "StandardSpot",
            "ray_check_count": 17,
            "field": 3,
            "field_xy_deg": [
              0.0,
              6.0
            ],
            "wavelength": 3,
            "wavelength_um": 0.6562725,
            "spectral_mode": "monochromatic"
          }
        }
      ],
      "assessment": {
        "passes": true,
        "requirements": [
          {
            "id": "focal-length",
            "key": "efl_mm",
            "requirement": {
              "id": "focal-length",
              "metric": "efl_mm",
              "unit": "mm",
              "min": 48,
              "max": 52
            },
            "status": "pass",
            "value": 49.99615696660989,
            "unit": "mm"
          },
          {
            "id": "track",
            "key": "total_track_mm",
            "requirement": {
              "id": "track",
              "metric": "total_track_mm",
              "unit": "mm",
              "max": 65
            },
            "status": "pass",
            "value": 52.71875,
            "unit": "mm"
          },
          {
            "id": "spot-1-1",
            "key": "rms_spot_um|f=1|w=1",
            "requirement": {
              "metric": "rms_spot_um",
              "field": 1,
              "wavelength": 1,
              "unit": "um",
              "id": "spot-1-1",
              "max": 120
            },
            "status": "pass",
            "value": 28.764474524952067,
            "unit": "um"
          },
          {
            "id": "spot-1-2",
            "key": "rms_spot_um|f=1|w=2",
            "requirement": {
              "metric": "rms_spot_um",
              "field": 1,
              "wavelength": 2,
              "unit": "um",
              "id": "spot-1-2",
              "max": 120
            },
            "status": "pass",
            "value": 15.872232297498348,
            "unit": "um"
          },
          {
            "id": "spot-1-3",
            "key": "rms_spot_um|f=1|w=3",
            "requirement": {
              "metric": "rms_spot_um",
              "field": 1,
              "wavelength": 3,
              "unit": "um",
              "id": "spot-1-3",
              "max": 120
            },
            "status": "pass",
            "value": 36.681732275210955,
            "unit": "um"
          },
          {
            "id": "spot-2-1",
            "key": "rms_spot_um|f=2|w=1",
            "requirement": {
              "metric": "rms_spot_um",
              "field": 2,
              "wavelength": 1,
              "unit": "um",
              "id": "spot-2-1",
              "max": 120
            },
            "status": "pass",
            "value": 42.3771721815076,
            "unit": "um"
          },
          {
            "id": "spot-2-2",
            "key": "rms_spot_um|f=2|w=2",
            "requirement": {
              "metric": "rms_spot_um",
              "field": 2,
              "wavelength": 2,
              "unit": "um",
              "id": "spot-2-2",
              "max": 120
            },
            "status": "pass",
            "value": 23.193997566473815,
            "unit": "um"
          },
          {
            "id": "spot-2-3",
            "key": "rms_spot_um|f=2|w=3",
            "requirement": {
              "metric": "rms_spot_um",
              "field": 2,
              "wavelength": 3,
              "unit": "um",
              "id": "spot-2-3",
              "max": 120
            },
            "status": "pass",
            "value": 29.971208290137884,
            "unit": "um"
          },
          {
            "id": "spot-3-1",
            "key": "rms_spot_um|f=3|w=1",
            "requirement": {
              "metric": "rms_spot_um",
              "field": 3,
              "wavelength": 1,
              "unit": "um",
              "id": "spot-3-1",
              "max": 120
            },
            "status": "pass",
            "value": 82.61661109572898,
            "unit": "um"
          },
          {
            "id": "spot-3-2",
            "key": "rms_spot_um|f=3|w=2",
            "requirement": {
              "metric": "rms_spot_um",
              "field": 3,
              "wavelength": 2,
              "unit": "um",
              "id": "spot-3-2",
              "max": 120
            },
            "status": "pass",
            "value": 58.946321491404966,
            "unit": "um"
          },
          {
            "id": "spot-3-3",
            "key": "rms_spot_um|f=3|w=3",
            "requirement": {
              "metric": "rms_spot_um",
              "field": 3,
              "wavelength": 3,
              "unit": "um",
              "id": "spot-3-3",
              "max": 120
            },
            "status": "pass",
            "value": 39.81987187524658,
            "unit": "um"
          }
        ]
      },
      "objective_breakdown": {
        "aggregation": "weighted_rms",
        "direction": "minimize",
        "value": 1.4716551213661573,
        "unit": "1",
        "terms": [
          {
            "metric": "rms_spot_um",
            "field": 1,
            "wavelength": 1,
            "key": "rms_spot_um|f=1|w=1",
            "unit": "um",
            "value": 28.764474524952067,
            "target": 0,
            "scale": 30,
            "weight": 1,
            "normalized_residual": 0.9588158174984023,
            "weighted_residual": 0.3196052724994674
          },
          {
            "metric": "rms_spot_um",
            "field": 1,
            "wavelength": 2,
            "key": "rms_spot_um|f=1|w=2",
            "unit": "um",
            "value": 15.872232297498348,
            "target": 0,
            "scale": 30,
            "weight": 1,
            "normalized_residual": 0.5290744099166116,
            "weighted_residual": 0.1763581366388705
          },
          {
            "metric": "rms_spot_um",
            "field": 1,
            "wavelength": 3,
            "key": "rms_spot_um|f=1|w=3",
            "unit": "um",
            "value": 36.681732275210955,
            "target": 0,
            "scale": 30,
            "weight": 1,
            "normalized_residual": 1.2227244091736984,
            "weighted_residual": 0.40757480305789945
          },
          {
            "metric": "rms_spot_um",
            "field": 2,
            "wavelength": 1,
            "key": "rms_spot_um|f=2|w=1",
            "unit": "um",
            "value": 42.3771721815076,
            "target": 0,
            "scale": 30,
            "weight": 1,
            "normalized_residual": 1.4125724060502534,
            "weighted_residual": 0.47085746868341777
          },
          {
            "metric": "rms_spot_um",
            "field": 2,
            "wavelength": 2,
            "key": "rms_spot_um|f=2|w=2",
            "unit": "um",
            "value": 23.193997566473815,
            "target": 0,
            "scale": 30,
            "weight": 1,
            "normalized_residual": 0.7731332522157939,
            "weighted_residual": 0.2577110840719313
          },
          {
            "metric": "rms_spot_um",
            "field": 2,
            "wavelength": 3,
            "key": "rms_spot_um|f=2|w=3",
            "unit": "um",
            "value": 29.971208290137884,
            "target": 0,
            "scale": 30,
            "weight": 1,
            "normalized_residual": 0.9990402763379295,
            "weighted_residual": 0.33301342544597645
          },
          {
            "metric": "rms_spot_um",
            "field": 3,
            "wavelength": 1,
            "key": "rms_spot_um|f=3|w=1",
            "unit": "um",
            "value": 82.61661109572898,
            "target": 0,
            "scale": 30,
            "weight": 1,
            "normalized_residual": 2.7538870365242993,
            "weighted_residual": 0.9179623455080997
          },
          {
            "metric": "rms_spot_um",
            "field": 3,
            "wavelength": 2,
            "key": "rms_spot_um|f=3|w=2",
            "unit": "um",
            "value": 58.946321491404966,
            "target": 0,
            "scale": 30,
            "weight": 1,
            "normalized_residual": 1.9648773830468322,
            "weighted_residual": 0.6549591276822774
          },
          {
            "metric": "rms_spot_um",
            "field": 3,
            "wavelength": 3,
            "key": "rms_spot_um|f=3|w=3",
            "unit": "um",
            "value": 39.81987187524658,
            "target": 0,
            "scale": 30,
            "weight": 1,
            "normalized_residual": 1.3273290625082192,
            "weighted_residual": 0.44244302083607306
          }
        ]
      },
      "objective_value": 1.4716551213661573
    },
    {
      "kind": "search",
      "parameters_mm": [
        52.0,
        47.28125
      ],
      "inspection": {
        "engine": {
          "name": "OpticStudio",
          "version": "24.1.0",
          "zospy_version": "2.1.5",
          "pythonnet_version": "3.1.0",
          "license": "PremiumEdition"
        },
        "focus_mm": 47.28125,
        "image_surface": 3,
        "surfaces": [
          {
            "index": 0,
            "is_image": false,
            "is_stop": false,
            "type": "Standard",
            "radius_mm": "Infinity",
            "thickness_mm": "Infinity",
            "material": "",
            "conic": 0.0,
            "coating": "",
            "tilts": [
              0.0,
              0.0,
              0.0,
              0.0,
              0.0,
              0.0,
              0.0,
              0.0,
              0.0,
              0.0
            ],
            "aperture": "None",
            "semi_diameter_solve": "Automatic",
            "asphere_coefficients": []
          },
          {
            "index": 1,
            "is_image": false,
            "is_stop": true,
            "type": "Standard",
            "radius_mm": 52.0,
            "thickness_mm": 5.0,
            "material": "N-BK7",
            "conic": 0.0,
            "coating": "",
            "tilts": [
              0.0,
              0.0,
              0.0,
              0.0,
              0.0,
              0.0,
              0.0,
              0.0,
              0.0,
              0.0
            ],
            "aperture": "None",
            "semi_diameter_solve": "Automatic",
            "asphere_coefficients": []
          },
          {
            "index": 2,
            "is_image": false,
            "is_stop": false,
            "type": "Standard",
            "radius_mm": -50.0,
            "thickness_mm": 47.28125,
            "material": "",
            "conic": 0.0,
            "coating": "",
            "tilts": [
              0.0,
              0.0,
              0.0,
              0.0,
              0.0,
              0.0,
              0.0,
              0.0,
              0.0,
              0.0
            ],
            "aperture": "None",
            "semi_diameter_solve": "Automatic",
            "asphere_coefficients": []
          },
          {
            "index": 3,
            "is_image": true,
            "is_stop": false,
            "type": "Standard",
            "radius_mm": "Infinity",
            "thickness_mm": "Infinity",
            "material": "",
            "conic": 0.0,
            "coating": "",
            "tilts": [
              0.0,
              0.0,
              0.0,
              0.0,
              0.0,
              0.0,
              0.0,
              0.0,
              0.0,
              0.0
            ],
            "aperture": "None",
            "semi_diameter_solve": "Automatic",
            "asphere_coefficients": []
          }
        ],
        "invariants": {
          "surfaces": [
            {
              "index": 0,
              "is_image": false,
              "is_stop": false,
              "type": "Standard",
              "radius_mm": "Infinity",
              "thickness_mm": "Infinity",
              "material": "",
              "conic": 0.0,
              "coating": "",
              "tilts": [
                0.0,
                0.0,
                0.0,
                0.0,
                0.0,
                0.0,
                0.0,
                0.0,
                0.0,
                0.0
              ],
              "aperture": "None",
              "semi_diameter_solve": "Automatic",
              "asphere_coefficients": []
            },
            {
              "index": 1,
              "is_image": false,
              "is_stop": true,
              "type": "Standard",
              "radius_mm": 52.0,
              "thickness_mm": 5.0,
              "material": "N-BK7",
              "conic": 0.0,
              "coating": "",
              "tilts": [
                0.0,
                0.0,
                0.0,
                0.0,
                0.0,
                0.0,
                0.0,
                0.0,
                0.0,
                0.0
              ],
              "aperture": "None",
              "semi_diameter_solve": "Automatic",
              "asphere_coefficients": []
            },
            {
              "index": 2,
              "is_image": false,
              "is_stop": false,
              "type": "Standard",
              "radius_mm": -50.0,
              "material": "",
              "conic": 0.0,
              "coating": "",
              "tilts": [
                0.0,
                0.0,
                0.0,
                0.0,
                0.0,
                0.0,
                0.0,
                0.0,
                0.0,
                0.0
              ],
              "aperture": "None",
              "semi_diameter_solve": "Automatic",
              "asphere_coefficients": []
            },
            {
              "index": 3,
              "is_image": true,
              "is_stop": false,
              "type": "Standard",
              "radius_mm": "Infinity",
              "thickness_mm": "Infinity",
              "material": "",
              "conic": 0.0,
              "coating": "",
              "tilts": [
                0.0,
                0.0,
                0.0,
                0.0,
                0.0,
                0.0,
                0.0,
                0.0,
                0.0,
                0.0
              ],
              "aperture": "None",
              "semi_diameter_solve": "Automatic",
              "asphere_coefficients": []
            }
          ],
          "fields": [
            {
              "index": 1,
              "x_deg": 0.0,
              "y_deg": 0.0,
              "weight": 1.0
            },
            {
              "index": 2,
              "x_deg": 0.0,
              "y_deg": 3.0,
              "weight": 1.0
            },
            {
              "index": 3,
              "x_deg": 0.0,
              "y_deg": 6.0,
              "weight": 1.0
            }
          ],
          "wavelengths": [
            {
              "index": 1,
              "um": 0.4861327,
              "weight": 1.0,
              "primary": false
            },
            {
              "index": 2,
              "um": 0.55,
              "weight": 1.0,
              "primary": true
            },
            {
              "index": 3,
              "um": 0.6562725,
              "weight": 1.0,
              "primary": false
            }
          ],
          "aperture_type": "EntrancePupilDiameter",
          "aperture_mm": 10.0,
          "lens_units": "mm"
        },
        "limits": [
          "Sequential centered Standard conic/EvenAspheric refractive systems; fixed shape coefficients; angle fields; mm; EPD.",
          "Geometric centroid RMS spot and scalar FFT MTF are distinct metrics.",
          "A sparse pupil ray check detects gross failures; it is not a full vignetting analysis."
        ]
      },
      "measurements": [
        {
          "metric": "efl_mm",
          "unit": "mm",
          "value": 49.99615696660989,
          "settings": {
            "wavelength": 2,
            "wavelength_um": 0.55
          }
        },
        {
          "metric": "f_number",
          "unit": "1",
          "value": 4.999616,
          "settings": {
            "wavelength": 2,
            "wavelength_um": 0.55
          }
        },
        {
          "metric": "total_track_mm",
          "unit": "mm",
          "value": 52.28125
        },
        {
          "metric": "image_distance_mm",
          "unit": "mm",
          "value": 47.28125
        },
        {
          "metric": "rms_spot_um",
          "field": 1,
          "wavelength": 1,
          "unit": "um",
          "value": 18.145066855577326,
          "settings": {
            "reference": "centroid",
            "ray_density": 8,
            "native_analysis": "StandardSpot",
            "ray_check_count": 17,
            "field": 1,
            "field_xy_deg": [
              0.0,
              0.0
            ],
            "wavelength": 1,
            "wavelength_um": 0.4861327,
            "spectral_mode": "monochromatic"
          }
        },
        {
          "metric": "rms_spot_um",
          "field": 1,
          "wavelength": 2,
          "unit": "um",
          "value": 39.609823562567236,
          "settings": {
            "reference": "centroid",
            "ray_density": 8,
            "native_analysis": "StandardSpot",
            "ray_check_count": 17,
            "field": 1,
            "field_xy_deg": [
              0.0,
              0.0
            ],
            "wavelength": 2,
            "wavelength_um": 0.55,
            "spectral_mode": "monochromatic"
          }
        },
        {
          "metric": "rms_spot_um",
          "field": 1,
          "wavelength": 3,
          "unit": "um",
          "value": 67.89758980801382,
          "settings": {
            "reference": "centroid",
            "ray_density": 8,
            "native_analysis": "StandardSpot",
            "ray_check_count": 17,
            "field": 1,
            "field_xy_deg": [
              0.0,
              0.0
            ],
            "wavelength": 3,
            "wavelength_um": 0.6562725,
            "spectral_mode": "monochromatic"
          }
        },
        {
          "metric": "rms_spot_um",
          "field": 2,
          "wavelength": 1,
          "unit": "um",
          "value": 21.77707925879219,
          "settings": {
            "reference": "centroid",
            "ray_density": 8,
            "native_analysis": "StandardSpot",
            "ray_check_count": 17,
            "field": 2,
            "field_xy_deg": [
              0.0,
              3.0
            ],
            "wavelength": 1,
            "wavelength_um": 0.4861327,
            "spectral_mode": "monochromatic"
          }
        },
        {
          "metric": "rms_spot_um",
          "field": 2,
          "wavelength": 2,
          "unit": "um",
          "value": 32.3899601681642,
          "settings": {
            "reference": "centroid",
            "ray_density": 8,
            "native_analysis": "StandardSpot",
            "ray_check_count": 17,
            "field": 2,
            "field_xy_deg": [
              0.0,
              3.0
            ],
            "wavelength": 2,
            "wavelength_um": 0.55,
            "spectral_mode": "monochromatic"
          }
        },
        {
          "metric": "rms_spot_um",
          "field": 2,
          "wavelength": 3,
          "unit": "um",
          "value": 58.1025595418651,
          "settings": {
            "reference": "centroid",
            "ray_density": 8,
            "native_analysis": "StandardSpot",
            "ray_check_count": 17,
            "field": 2,
            "field_xy_deg": [
              0.0,
              3.0
            ],
            "wavelength": 3,
            "wavelength_um": 0.6562725,
            "spectral_mode": "monochromatic"
          }
        },
        {
          "metric": "rms_spot_um",
          "field": 3,
          "wavelength": 1,
          "unit": "um",
          "value": 54.54337465854709,
          "settings": {
            "reference": "centroid",
            "ray_density": 8,
            "native_analysis": "StandardSpot",
            "ray_check_count": 17,
            "field": 3,
            "field_xy_deg": [
              0.0,
              6.0
            ],
            "wavelength": 1,
            "wavelength_um": 0.4861327,
            "spectral_mode": "monochromatic"
          }
        },
        {
          "metric": "rms_spot_um",
          "field": 3,
          "wavelength": 2,
          "unit": "um",
          "value": 38.86566703926926,
          "settings": {
            "reference": "centroid",
            "ray_density": 8,
            "native_analysis": "StandardSpot",
            "ray_check_count": 17,
            "field": 3,
            "field_xy_deg": [
              0.0,
              6.0
            ],
            "wavelength": 2,
            "wavelength_um": 0.55,
            "spectral_mode": "monochromatic"
          }
        },
        {
          "metric": "rms_spot_um",
          "field": 3,
          "wavelength": 3,
          "unit": "um",
          "value": 40.56971875791045,
          "settings": {
            "reference": "centroid",
            "ray_density": 8,
            "native_analysis": "StandardSpot",
            "ray_check_count": 17,
            "field": 3,
            "field_xy_deg": [
              0.0,
              6.0
            ],
            "wavelength": 3,
            "wavelength_um": 0.6562725,
            "spectral_mode": "monochromatic"
          }
        }
      ],
      "assessment": {
        "passes": true,
        "requirements": [
          {
            "id": "focal-length",
            "key": "efl_mm",
            "requirement": {
              "id": "focal-length",
              "metric": "efl_mm",
              "unit": "mm",
              "min": 48,
              "max": 52
            },
            "status": "pass",
            "value": 49.99615696660989,
            "unit": "mm"
          },
          {
            "id": "track",
            "key": "total_track_mm",
            "requirement": {
              "id": "track",
              "metric": "total_track_mm",
              "unit": "mm",
              "max": 65
            },
            "status": "pass",
            "value": 52.28125,
            "unit": "mm"
          },
          {
            "id": "spot-1-1",
            "key": "rms_spot_um|f=1|w=1",
            "requirement": {
              "metric": "rms_spot_um",
              "field": 1,
              "wavelength": 1,
              "unit": "um",
              "id": "spot-1-1",
              "max": 120
            },
            "status": "pass",
            "value": 18.145066855577326,
            "unit": "um"
          },
          {
            "id": "spot-1-2",
            "key": "rms_spot_um|f=1|w=2",
            "requirement": {
              "metric": "rms_spot_um",
              "field": 1,
              "wavelength": 2,
              "unit": "um",
              "id": "spot-1-2",
              "max": 120
            },
            "status": "pass",
            "value": 39.609823562567236,
            "unit": "um"
          },
          {
            "id": "spot-1-3",
            "key": "rms_spot_um|f=1|w=3",
            "requirement": {
              "metric": "rms_spot_um",
              "field": 1,
              "wavelength": 3,
              "unit": "um",
              "id": "spot-1-3",
              "max": 120
            },
            "status": "pass",
            "value": 67.89758980801382,
            "unit": "um"
          },
          {
            "id": "spot-2-1",
            "key": "rms_spot_um|f=2|w=1",
            "requirement": {
              "metric": "rms_spot_um",
              "field": 2,
              "wavelength": 1,
              "unit": "um",
              "id": "spot-2-1",
              "max": 120
            },
            "status": "pass",
            "value": 21.77707925879219,
            "unit": "um"
          },
          {
            "id": "spot-2-2",
            "key": "rms_spot_um|f=2|w=2",
            "requirement": {
              "metric": "rms_spot_um",
              "field": 2,
              "wavelength": 2,
              "unit": "um",
              "id": "spot-2-2",
              "max": 120
            },
            "status": "pass",
            "value": 32.3899601681642,
            "unit": "um"
          },
          {
            "id": "spot-2-3",
            "key": "rms_spot_um|f=2|w=3",
            "requirement": {
              "metric": "rms_spot_um",
              "field": 2,
              "wavelength": 3,
              "unit": "um",
              "id": "spot-2-3",
              "max": 120
            },
            "status": "pass",
            "value": 58.1025595418651,
            "unit": "um"
          },
          {
            "id": "spot-3-1",
            "key": "rms_spot_um|f=3|w=1",
            "requirement": {
              "metric": "rms_spot_um",
              "field": 3,
              "wavelength": 1,
              "unit": "um",
              "id": "spot-3-1",
              "max": 120
            },
            "status": "pass",
            "value": 54.54337465854709,
            "unit": "um"
          },
          {
            "id": "spot-3-2",
            "key": "rms_spot_um|f=3|w=2",
            "requirement": {
              "metric": "rms_spot_um",
              "field": 3,
              "wavelength": 2,
              "unit": "um",
              "id": "spot-3-2",
              "max": 120
            },
            "status": "pass",
            "value": 38.86566703926926,
            "unit": "um"
          },
          {
            "id": "spot-3-3",
            "key": "rms_spot_um|f=3|w=3",
            "requirement": {
              "metric": "rms_spot_um",
              "field": 3,
              "wavelength": 3,
              "unit": "um",
              "id": "spot-3-3",
              "max": 120
            },
            "status": "pass",
            "value": 40.56971875791045,
            "unit": "um"
          }
        ]
      },
      "objective_breakdown": {
        "aggregation": "weighted_rms",
        "direction": "minimize",
        "value": 1.471496436414778,
        "unit": "1",
        "terms": [
          {
            "metric": "rms_spot_um",
            "field": 1,
            "wavelength": 1,
            "key": "rms_spot_um|f=1|w=1",
            "unit": "um",
            "value": 18.145066855577326,
            "target": 0,
            "scale": 30,
            "weight": 1,
            "normalized_residual": 0.6048355618525776,
            "weighted_residual": 0.20161185395085918
          },
          {
            "metric": "rms_spot_um",
            "field": 1,
            "wavelength": 2,
            "key": "rms_spot_um|f=1|w=2",
            "unit": "um",
            "value": 39.609823562567236,
            "target": 0,
            "scale": 30,
            "weight": 1,
            "normalized_residual": 1.3203274520855746,
            "weighted_residual": 0.4401091506951915
          },
          {
            "metric": "rms_spot_um",
            "field": 1,
            "wavelength": 3,
            "key": "rms_spot_um|f=1|w=3",
            "unit": "um",
            "value": 67.89758980801382,
            "target": 0,
            "scale": 30,
            "weight": 1,
            "normalized_residual": 2.2632529936004606,
            "weighted_residual": 0.7544176645334868
          },
          {
            "metric": "rms_spot_um",
            "field": 2,
            "wavelength": 1,
            "key": "rms_spot_um|f=2|w=1",
            "unit": "um",
            "value": 21.77707925879219,
            "target": 0,
            "scale": 30,
            "weight": 1,
            "normalized_residual": 0.7259026419597397,
            "weighted_residual": 0.24196754731991324
          },
          {
            "metric": "rms_spot_um",
            "field": 2,
            "wavelength": 2,
            "key": "rms_spot_um|f=2|w=2",
            "unit": "um",
            "value": 32.3899601681642,
            "target": 0,
            "scale": 30,
            "weight": 1,
            "normalized_residual": 1.0796653389388067,
            "weighted_residual": 0.35988844631293554
          },
          {
            "metric": "rms_spot_um",
            "field": 2,
            "wavelength": 3,
            "key": "rms_spot_um|f=2|w=3",
            "unit": "um",
            "value": 58.1025595418651,
            "target": 0,
            "scale": 30,
            "weight": 1,
            "normalized_residual": 1.9367519847288366,
            "weighted_residual": 0.6455839949096122
          },
          {
            "metric": "rms_spot_um",
            "field": 3,
            "wavelength": 1,
            "key": "rms_spot_um|f=3|w=1",
            "unit": "um",
            "value": 54.54337465854709,
            "target": 0,
            "scale": 30,
            "weight": 1,
            "normalized_residual": 1.8181124886182363,
            "weighted_residual": 0.6060374962060787
          },
          {
            "metric": "rms_spot_um",
            "field": 3,
            "wavelength": 2,
            "key": "rms_spot_um|f=3|w=2",
            "unit": "um",
            "value": 38.86566703926926,
            "target": 0,
            "scale": 30,
            "weight": 1,
            "normalized_residual": 1.2955222346423088,
            "weighted_residual": 0.43184074488076957
          },
          {
            "metric": "rms_spot_um",
            "field": 3,
            "wavelength": 3,
            "key": "rms_spot_um|f=3|w=3",
            "unit": "um",
            "value": 40.56971875791045,
            "target": 0,
            "scale": 30,
            "weight": 1,
            "normalized_residual": 1.352323958597015,
            "weighted_residual": 0.45077465286567164
          }
        ]
      },
      "objective_value": 1.471496436414778
    },
    {
      "kind": "search",
      "parameters_mm": [
        51.9375,
        47.5
      ],
      "inspection": {
        "engine": {
          "name": "OpticStudio",
          "version": "24.1.0",
          "zospy_version": "2.1.5",
          "pythonnet_version": "3.1.0",
          "license": "PremiumEdition"
        },
        "focus_mm": 47.5,
        "image_surface": 3,
        "surfaces": [
          {
            "index": 0,
            "is_image": false,
            "is_stop": false,
            "type": "Standard",
            "radius_mm": "Infinity",
            "thickness_mm": "Infinity",
            "material": "",
            "conic": 0.0,
            "coating": "",
            "tilts": [
              0.0,
              0.0,
              0.0,
              0.0,
              0.0,
              0.0,
              0.0,
              0.0,
              0.0,
              0.0
            ],
            "aperture": "None",
            "semi_diameter_solve": "Automatic",
            "asphere_coefficients": []
          },
          {
            "index": 1,
            "is_image": false,
            "is_stop": true,
            "type": "Standard",
            "radius_mm": 51.9375,
            "thickness_mm": 5.0,
            "material": "N-BK7",
            "conic": 0.0,
            "coating": "",
            "tilts": [
              0.0,
              0.0,
              0.0,
              0.0,
              0.0,
              0.0,
              0.0,
              0.0,
              0.0,
              0.0
            ],
            "aperture": "None",
            "semi_diameter_solve": "Automatic",
            "asphere_coefficients": []
          },
          {
            "index": 2,
            "is_image": false,
            "is_stop": false,
            "type": "Standard",
            "radius_mm": -50.0,
            "thickness_mm": 47.5,
            "material": "",
            "conic": 0.0,
            "coating": "",
            "tilts": [
              0.0,
              0.0,
              0.0,
              0.0,
              0.0,
              0.0,
              0.0,
              0.0,
              0.0,
              0.0
            ],
            "aperture": "None",
            "semi_diameter_solve": "Automatic",
            "asphere_coefficients": []
          },
          {
            "index": 3,
            "is_image": true,
            "is_stop": false,
            "type": "Standard",
            "radius_mm": "Infinity",
            "thickness_mm": "Infinity",
            "material": "",
            "conic": 0.0,
            "coating": "",
            "tilts": [
              0.0,
              0.0,
              0.0,
              0.0,
              0.0,
              0.0,
              0.0,
              0.0,
              0.0,
              0.0
            ],
            "aperture": "None",
            "semi_diameter_solve": "Automatic",
            "asphere_coefficients": []
          }
        ],
        "invariants": {
          "surfaces": [
            {
              "index": 0,
              "is_image": false,
              "is_stop": false,
              "type": "Standard",
              "radius_mm": "Infinity",
              "thickness_mm": "Infinity",
              "material": "",
              "conic": 0.0,
              "coating": "",
              "tilts": [
                0.0,
                0.0,
                0.0,
                0.0,
                0.0,
                0.0,
                0.0,
                0.0,
                0.0,
                0.0
              ],
              "aperture": "None",
              "semi_diameter_solve": "Automatic",
              "asphere_coefficients": []
            },
            {
              "index": 1,
              "is_image": false,
              "is_stop": true,
              "type": "Standard",
              "radius_mm": 51.9375,
              "thickness_mm": 5.0,
              "material": "N-BK7",
              "conic": 0.0,
              "coating": "",
              "tilts": [
                0.0,
                0.0,
                0.0,
                0.0,
                0.0,
                0.0,
                0.0,
                0.0,
                0.0,
                0.0
              ],
              "aperture": "None",
              "semi_diameter_solve": "Automatic",
              "asphere_coefficients": []
            },
            {
              "index": 2,
              "is_image": false,
              "is_stop": false,
              "type": "Standard",
              "radius_mm": -50.0,
              "material": "",
              "conic": 0.0,
              "coating": "",
              "tilts": [
                0.0,
                0.0,
                0.0,
                0.0,
                0.0,
                0.0,
                0.0,
                0.0,
                0.0,
                0.0
              ],
              "aperture": "None",
              "semi_diameter_solve": "Automatic",
              "asphere_coefficients": []
            },
            {
              "index": 3,
              "is_image": true,
              "is_stop": false,
              "type": "Standard",
              "radius_mm": "Infinity",
              "thickness_mm": "Infinity",
              "material": "",
              "conic": 0.0,
              "coating": "",
              "tilts": [
                0.0,
                0.0,
                0.0,
                0.0,
                0.0,
                0.0,
                0.0,
                0.0,
                0.0,
                0.0
              ],
              "aperture": "None",
              "semi_diameter_solve": "Automatic",
              "asphere_coefficients": []
            }
          ],
          "fields": [
            {
              "index": 1,
              "x_deg": 0.0,
              "y_deg": 0.0,
              "weight": 1.0
            },
            {
              "index": 2,
              "x_deg": 0.0,
              "y_deg": 3.0,
              "weight": 1.0
            },
            {
              "index": 3,
              "x_deg": 0.0,
              "y_deg": 6.0,
              "weight": 1.0
            }
          ],
          "wavelengths": [
            {
              "index": 1,
              "um": 0.4861327,
              "weight": 1.0,
              "primary": false
            },
            {
              "index": 2,
              "um": 0.55,
              "weight": 1.0,
              "primary": true
            },
            {
              "index": 3,
              "um": 0.6562725,
              "weight": 1.0,
              "primary": false
            }
          ],
          "aperture_type": "EntrancePupilDiameter",
          "aperture_mm": 10.0,
          "lens_units": "mm"
        },
        "limits": [
          "Sequential centered Standard conic/EvenAspheric refractive systems; fixed shape coefficients; angle fields; mm; EPD.",
          "Geometric centroid RMS spot and scalar FFT MTF are distinct metrics.",
          "A sparse pupil ray check detects gross failures; it is not a full vignetting analysis."
        ]
      },
      "measurements": [
        {
          "metric": "efl_mm",
          "unit": "mm",
          "value": 49.967203800093976,
          "settings": {
            "wavelength": 2,
            "wavelength_um": 0.55
          }
        },
        {
          "metric": "f_number",
          "unit": "1",
          "value": 4.99672,
          "settings": {
            "wavelength": 2,
            "wavelength_um": 0.55
          }
        },
        {
          "metric": "total_track_mm",
          "unit": "mm",
          "value": 52.5
        },
        {
          "metric": "image_distance_mm",
          "unit": "mm",
          "value": 47.5
        },
        {
          "metric": "rms_spot_um",
          "field": 1,
          "wavelength": 1,
          "unit": "um",
          "value": 18.43053064608324,
          "settings": {
            "reference": "centroid",
            "ray_density": 8,
            "native_analysis": "StandardSpot",
            "ray_check_count": 17,
            "field": 1,
            "field_xy_deg": [
              0.0,
              0.0
            ],
            "wavelength": 1,
            "wavelength_um": 0.4861327,
            "spectral_mode": "monochromatic"
          }
        },
        {
          "metric": "rms_spot_um",
          "field": 1,
          "wavelength": 2,
          "unit": "um",
          "value": 23.497879636243013,
          "settings": {
            "reference": "centroid",
            "ray_density": 8,
            "native_analysis": "StandardSpot",
            "ray_check_count": 17,
            "field": 1,
            "field_xy_deg": [
              0.0,
              0.0
            ],
            "wavelength": 2,
            "wavelength_um": 0.55,
            "spectral_mode": "monochromatic"
          }
        },
        {
          "metric": "rms_spot_um",
          "field": 1,
          "wavelength": 3,
          "unit": "um",
          "value": 49.91153417203563,
          "settings": {
            "reference": "centroid",
            "ray_density": 8,
            "native_analysis": "StandardSpot",
            "ray_check_count": 17,
            "field": 1,
            "field_xy_deg": [
              0.0,
              0.0
            ],
            "wavelength": 3,
            "wavelength_um": 0.6562725,
            "spectral_mode": "monochromatic"
          }
        },
        {
          "metric": "rms_spot_um",
          "field": 2,
          "wavelength": 1,
          "unit": "um",
          "value": 30.831527584769862,
          "settings": {
            "reference": "centroid",
            "ray_density": 8,
            "native_analysis": "StandardSpot",
            "ray_check_count": 17,
            "field": 2,
            "field_xy_deg": [
              0.0,
              3.0
            ],
            "wavelength": 1,
            "wavelength_um": 0.4861327,
            "spectral_mode": "monochromatic"
          }
        },
        {
          "metric": "rms_spot_um",
          "field": 2,
          "wavelength": 2,
          "unit": "um",
          "value": 22.096721486118565,
          "settings": {
            "reference": "centroid",
            "ray_density": 8,
            "native_analysis": "StandardSpot",
            "ray_check_count": 17,
            "field": 2,
            "field_xy_deg": [
              0.0,
              3.0
            ],
            "wavelength": 2,
            "wavelength_um": 0.55,
            "spectral_mode": "monochromatic"
          }
        },
        {
          "metric": "rms_spot_um",
          "field": 2,
          "wavelength": 3,
          "unit": "um",
          "value": 41.25750775799769,
          "settings": {
            "reference": "centroid",
            "ray_density": 8,
            "native_analysis": "StandardSpot",
            "ray_check_count": 17,
            "field": 2,
            "field_xy_deg": [
              0.0,
              3.0
            ],
            "wavelength": 3,
            "wavelength_um": 0.6562725,
            "spectral_mode": "monochromatic"
          }
        },
        {
          "metric": "rms_spot_um",
          "field": 3,
          "wavelength": 1,
          "unit": "um",
          "value": 69.87342899007959,
          "settings": {
            "reference": "centroid",
            "ray_density": 8,
            "native_analysis": "StandardSpot",
            "ray_check_count": 17,
            "field": 3,
            "field_xy_deg": [
              0.0,
              6.0
            ],
            "wavelength": 1,
            "wavelength_um": 0.4861327,
            "spectral_mode": "monochromatic"
          }
        },
        {
          "metric": "rms_spot_um",
          "field": 3,
          "wavelength": 2,
          "unit": "um",
          "value": 48.47942841376651,
          "settings": {
            "reference": "centroid",
            "ray_density": 8,
            "native_analysis": "StandardSpot",
            "ray_check_count": 17,
            "field": 3,
            "field_xy_deg": [
              0.0,
              6.0
            ],
            "wavelength": 2,
            "wavelength_um": 0.55,
            "spectral_mode": "monochromatic"
          }
        },
        {
          "metric": "rms_spot_um",
          "field": 3,
          "wavelength": 3,
          "unit": "um",
          "value": 36.60474685280388,
          "settings": {
            "reference": "centroid",
            "ray_density": 8,
            "native_analysis": "StandardSpot",
            "ray_check_count": 17,
            "field": 3,
            "field_xy_deg": [
              0.0,
              6.0
            ],
            "wavelength": 3,
            "wavelength_um": 0.6562725,
            "spectral_mode": "monochromatic"
          }
        }
      ],
      "assessment": {
        "passes": true,
        "requirements": [
          {
            "id": "focal-length",
            "key": "efl_mm",
            "requirement": {
              "id": "focal-length",
              "metric": "efl_mm",
              "unit": "mm",
              "min": 48,
              "max": 52
            },
            "status": "pass",
            "value": 49.967203800093976,
            "unit": "mm"
          },
          {
            "id": "track",
            "key": "total_track_mm",
            "requirement": {
              "id": "track",
              "metric": "total_track_mm",
              "unit": "mm",
              "max": 65
            },
            "status": "pass",
            "value": 52.5,
            "unit": "mm"
          },
          {
            "id": "spot-1-1",
            "key": "rms_spot_um|f=1|w=1",
            "requirement": {
              "metric": "rms_spot_um",
              "field": 1,
              "wavelength": 1,
              "unit": "um",
              "id": "spot-1-1",
              "max": 120
            },
            "status": "pass",
            "value": 18.43053064608324,
            "unit": "um"
          },
          {
            "id": "spot-1-2",
            "key": "rms_spot_um|f=1|w=2",
            "requirement": {
              "metric": "rms_spot_um",
              "field": 1,
              "wavelength": 2,
              "unit": "um",
              "id": "spot-1-2",
              "max": 120
            },
            "status": "pass",
            "value": 23.497879636243013,
            "unit": "um"
          },
          {
            "id": "spot-1-3",
            "key": "rms_spot_um|f=1|w=3",
            "requirement": {
              "metric": "rms_spot_um",
              "field": 1,
              "wavelength": 3,
              "unit": "um",
              "id": "spot-1-3",
              "max": 120
            },
            "status": "pass",
            "value": 49.91153417203563,
            "unit": "um"
          },
          {
            "id": "spot-2-1",
            "key": "rms_spot_um|f=2|w=1",
            "requirement": {
              "metric": "rms_spot_um",
              "field": 2,
              "wavelength": 1,
              "unit": "um",
              "id": "spot-2-1",
              "max": 120
            },
            "status": "pass",
            "value": 30.831527584769862,
            "unit": "um"
          },
          {
            "id": "spot-2-2",
            "key": "rms_spot_um|f=2|w=2",
            "requirement": {
              "metric": "rms_spot_um",
              "field": 2,
              "wavelength": 2,
              "unit": "um",
              "id": "spot-2-2",
              "max": 120
            },
            "status": "pass",
            "value": 22.096721486118565,
            "unit": "um"
          },
          {
            "id": "spot-2-3",
            "key": "rms_spot_um|f=2|w=3",
            "requirement": {
              "metric": "rms_spot_um",
              "field": 2,
              "wavelength": 3,
              "unit": "um",
              "id": "spot-2-3",
              "max": 120
            },
            "status": "pass",
            "value": 41.25750775799769,
            "unit": "um"
          },
          {
            "id": "spot-3-1",
            "key": "rms_spot_um|f=3|w=1",
            "requirement": {
              "metric": "rms_spot_um",
              "field": 3,
              "wavelength": 1,
              "unit": "um",
              "id": "spot-3-1",
              "max": 120
            },
            "status": "pass",
            "value": 69.87342899007959,
            "unit": "um"
          },
          {
            "id": "spot-3-2",
            "key": "rms_spot_um|f=3|w=2",
            "requirement": {
              "metric": "rms_spot_um",
              "field": 3,
              "wavelength": 2,
              "unit": "um",
              "id": "spot-3-2",
              "max": 120
            },
            "status": "pass",
            "value": 48.47942841376651,
            "unit": "um"
          },
          {
            "id": "spot-3-3",
            "key": "rms_spot_um|f=3|w=3",
            "requirement": {
              "metric": "rms_spot_um",
              "field": 3,
              "wavelength": 3,
              "unit": "um",
              "id": "spot-3-3",
              "max": 120
            },
            "status": "pass",
            "value": 36.60474685280388,
            "unit": "um"
          }
        ]
      },
      "objective_breakdown": {
        "aggregation": "weighted_rms",
        "direction": "minimize",
        "value": 1.3651972561792916,
        "unit": "1",
        "terms": [
          {
            "metric": "rms_spot_um",
            "field": 1,
            "wavelength": 1,
            "key": "rms_spot_um|f=1|w=1",
            "unit": "um",
            "value": 18.43053064608324,
            "target": 0,
            "scale": 30,
            "weight": 1,
            "normalized_residual": 0.614351021536108,
            "weighted_residual": 0.20478367384536933
          },
          {
            "metric": "rms_spot_um",
            "field": 1,
            "wavelength": 2,
            "key": "rms_spot_um|f=1|w=2",
            "unit": "um",
            "value": 23.497879636243013,
            "target": 0,
            "scale": 30,
            "weight": 1,
            "normalized_residual": 0.7832626545414337,
            "weighted_residual": 0.26108755151381124
          },
          {
            "metric": "rms_spot_um",
            "field": 1,
            "wavelength": 3,
            "key": "rms_spot_um|f=1|w=3",
            "unit": "um",
            "value": 49.91153417203563,
            "target": 0,
            "scale": 30,
            "weight": 1,
            "normalized_residual": 1.663717805734521,
            "weighted_residual": 0.5545726019115069
          },
          {
            "metric": "rms_spot_um",
            "field": 2,
            "wavelength": 1,
            "key": "rms_spot_um|f=2|w=1",
            "unit": "um",
            "value": 30.831527584769862,
            "target": 0,
            "scale": 30,
            "weight": 1,
            "normalized_residual": 1.0277175861589953,
            "weighted_residual": 0.3425725287196651
          },
          {
            "metric": "rms_spot_um",
            "field": 2,
            "wavelength": 2,
            "key": "rms_spot_um|f=2|w=2",
            "unit": "um",
            "value": 22.096721486118565,
            "target": 0,
            "scale": 30,
            "weight": 1,
            "normalized_residual": 0.7365573828706188,
            "weighted_residual": 0.24551912762353958
          },
          {
            "metric": "rms_spot_um",
            "field": 2,
            "wavelength": 3,
            "key": "rms_spot_um|f=2|w=3",
            "unit": "um",
            "value": 41.25750775799769,
            "target": 0,
            "scale": 30,
            "weight": 1,
            "normalized_residual": 1.3752502585999231,
            "weighted_residual": 0.458416752866641
          },
          {
            "metric": "rms_spot_um",
            "field": 3,
            "wavelength": 1,
            "key": "rms_spot_um|f=3|w=1",
            "unit": "um",
            "value": 69.87342899007959,
            "target": 0,
            "scale": 30,
            "weight": 1,
            "normalized_residual": 2.3291142996693197,
            "weighted_residual": 0.7763714332231065
          },
          {
            "metric": "rms_spot_um",
            "field": 3,
            "wavelength": 2,
            "key": "rms_spot_um|f=3|w=2",
            "unit": "um",
            "value": 48.47942841376651,
            "target": 0,
            "scale": 30,
            "weight": 1,
            "normalized_residual": 1.6159809471255504,
            "weighted_residual": 0.5386603157085168
          },
          {
            "metric": "rms_spot_um",
            "field": 3,
            "wavelength": 3,
            "key": "rms_spot_um|f=3|w=3",
            "unit": "um",
            "value": 36.60474685280388,
            "target": 0,
            "scale": 30,
            "weight": 1,
            "normalized_residual": 1.220158228426796,
            "weighted_residual": 0.40671940947559865
          }
        ]
      },
      "objective_value": 1.3651972561792916
    },
    {
      "kind": "search",
      "parameters_mm": [
        52.0,
        47.609375
      ],
      "inspection": {
        "engine": {
          "name": "OpticStudio",
          "version": "24.1.0",
          "zospy_version": "2.1.5",
          "pythonnet_version": "3.1.0",
          "license": "PremiumEdition"
        },
        "focus_mm": 47.609375,
        "image_surface": 3,
        "surfaces": [
          {
            "index": 0,
            "is_image": false,
            "is_stop": false,
            "type": "Standard",
            "radius_mm": "Infinity",
            "thickness_mm": "Infinity",
            "material": "",
            "conic": 0.0,
            "coating": "",
            "tilts": [
              0.0,
              0.0,
              0.0,
              0.0,
              0.0,
              0.0,
              0.0,
              0.0,
              0.0,
              0.0
            ],
            "aperture": "None",
            "semi_diameter_solve": "Automatic",
            "asphere_coefficients": []
          },
          {
            "index": 1,
            "is_image": false,
            "is_stop": true,
            "type": "Standard",
            "radius_mm": 52.0,
            "thickness_mm": 5.0,
            "material": "N-BK7",
            "conic": 0.0,
            "coating": "",
            "tilts": [
              0.0,
              0.0,
              0.0,
              0.0,
              0.0,
              0.0,
              0.0,
              0.0,
              0.0,
              0.0
            ],
            "aperture": "None",
            "semi_diameter_solve": "Automatic",
            "asphere_coefficients": []
          },
          {
            "index": 2,
            "is_image": false,
            "is_stop": false,
            "type": "Standard",
            "radius_mm": -50.0,
            "thickness_mm": 47.609375,
            "material": "",
            "conic": 0.0,
            "coating": "",
            "tilts": [
              0.0,
              0.0,
              0.0,
              0.0,
              0.0,
              0.0,
              0.0,
              0.0,
              0.0,
              0.0
            ],
            "aperture": "None",
            "semi_diameter_solve": "Automatic",
            "asphere_coefficients": []
          },
          {
            "index": 3,
            "is_image": true,
            "is_stop": false,
            "type": "Standard",
            "radius_mm": "Infinity",
            "thickness_mm": "Infinity",
            "material": "",
            "conic": 0.0,
            "coating": "",
            "tilts": [
              0.0,
              0.0,
              0.0,
              0.0,
              0.0,
              0.0,
              0.0,
              0.0,
              0.0,
              0.0
            ],
            "aperture": "None",
            "semi_diameter_solve": "Automatic",
            "asphere_coefficients": []
          }
        ],
        "invariants": {
          "surfaces": [
            {
              "index": 0,
              "is_image": false,
              "is_stop": false,
              "type": "Standard",
              "radius_mm": "Infinity",
              "thickness_mm": "Infinity",
              "material": "",
              "conic": 0.0,
              "coating": "",
              "tilts": [
                0.0,
                0.0,
                0.0,
                0.0,
                0.0,
                0.0,
                0.0,
                0.0,
                0.0,
                0.0
              ],
              "aperture": "None",
              "semi_diameter_solve": "Automatic",
              "asphere_coefficients": []
            },
            {
              "index": 1,
              "is_image": false,
              "is_stop": true,
              "type": "Standard",
              "radius_mm": 52.0,
              "thickness_mm": 5.0,
              "material": "N-BK7",
              "conic": 0.0,
              "coating": "",
              "tilts": [
                0.0,
                0.0,
                0.0,
                0.0,
                0.0,
                0.0,
                0.0,
                0.0,
                0.0,
                0.0
              ],
              "aperture": "None",
              "semi_diameter_solve": "Automatic",
              "asphere_coefficients": []
            },
            {
              "index": 2,
              "is_image": false,
              "is_stop": false,
              "type": "Standard",
              "radius_mm": -50.0,
              "material": "",
              "conic": 0.0,
              "coating": "",
              "tilts": [
                0.0,
                0.0,
                0.0,
                0.0,
                0.0,
                0.0,
                0.0,
                0.0,
                0.0,
                0.0
              ],
              "aperture": "None",
              "semi_diameter_solve": "Automatic",
              "asphere_coefficients": []
            },
            {
              "index": 3,
              "is_image": true,
              "is_stop": false,
              "type": "Standard",
              "radius_mm": "Infinity",
              "thickness_mm": "Infinity",
              "material": "",
              "conic": 0.0,
              "coating": "",
              "tilts": [
                0.0,
                0.0,
                0.0,
                0.0,
                0.0,
                0.0,
                0.0,
                0.0,
                0.0,
                0.0
              ],
              "aperture": "None",
              "semi_diameter_solve": "Automatic",
              "asphere_coefficients": []
            }
          ],
          "fields": [
            {
              "index": 1,
              "x_deg": 0.0,
              "y_deg": 0.0,
              "weight": 1.0
            },
            {
              "index": 2,
              "x_deg": 0.0,
              "y_deg": 3.0,
              "weight": 1.0
            },
            {
              "index": 3,
              "x_deg": 0.0,
              "y_deg": 6.0,
              "weight": 1.0
            }
          ],
          "wavelengths": [
            {
              "index": 1,
              "um": 0.4861327,
              "weight": 1.0,
              "primary": false
            },
            {
              "index": 2,
              "um": 0.55,
              "weight": 1.0,
              "primary": true
            },
            {
              "index": 3,
              "um": 0.6562725,
              "weight": 1.0,
              "primary": false
            }
          ],
          "aperture_type": "EntrancePupilDiameter",
          "aperture_mm": 10.0,
          "lens_units": "mm"
        },
        "limits": [
          "Sequential centered Standard conic/EvenAspheric refractive systems; fixed shape coefficients; angle fields; mm; EPD.",
          "Geometric centroid RMS spot and scalar FFT MTF are distinct metrics.",
          "A sparse pupil ray check detects gross failures; it is not a full vignetting analysis."
        ]
      },
      "measurements": [
        {
          "metric": "efl_mm",
          "unit": "mm",
          "value": 49.99615696660989,
          "settings": {
            "wavelength": 2,
            "wavelength_um": 0.55
          }
        },
        {
          "metric": "f_number",
          "unit": "1",
          "value": 4.999616,
          "settings": {
            "wavelength": 2,
            "wavelength_um": 0.55
          }
        },
        {
          "metric": "total_track_mm",
          "unit": "mm",
          "value": 52.60938
        },
        {
          "metric": "image_distance_mm",
          "unit": "mm",
          "value": 47.609375
        },
        {
          "metric": "rms_spot_um",
          "field": 1,
          "wavelength": 1,
          "unit": "um",
          "value": 22.234350866151427,
          "settings": {
            "reference": "centroid",
            "ray_density": 8,
            "native_analysis": "StandardSpot",
            "ray_check_count": 17,
            "field": 1,
            "field_xy_deg": [
              0.0,
              0.0
            ],
            "wavelength": 1,
            "wavelength_um": 0.4861327,
            "spectral_mode": "monochromatic"
          }
        },
        {
          "metric": "rms_spot_um",
          "field": 1,
          "wavelength": 2,
          "unit": "um",
          "value": 19.38438655514556,
          "settings": {
            "reference": "centroid",
            "ray_density": 8,
            "native_analysis": "StandardSpot",
            "ray_check_count": 17,
            "field": 1,
            "field_xy_deg": [
              0.0,
              0.0
            ],
            "wavelength": 2,
            "wavelength_um": 0.55,
            "spectral_mode": "monochromatic"
          }
        },
        {
          "metric": "rms_spot_um",
          "field": 1,
          "wavelength": 3,
          "unit": "um",
          "value": 44.26703927800791,
          "settings": {
            "reference": "centroid",
            "ray_density": 8,
            "native_analysis": "StandardSpot",
            "ray_check_count": 17,
            "field": 1,
            "field_xy_deg": [
              0.0,
              0.0
            ],
            "wavelength": 3,
            "wavelength_um": 0.6562725,
            "spectral_mode": "monochromatic"
          }
        },
        {
          "metric": "rms_spot_um",
          "field": 2,
          "wavelength": 1,
          "unit": "um",
          "value": 35.43368959917866,
          "settings": {
            "reference": "centroid",
            "ray_density": 8,
            "native_analysis": "StandardSpot",
            "ray_check_count": 17,
            "field": 2,
            "field_xy_deg": [
              0.0,
              3.0
            ],
            "wavelength": 1,
            "wavelength_um": 0.4861327,
            "spectral_mode": "monochromatic"
          }
        },
        {
          "metric": "rms_spot_um",
          "field": 2,
          "wavelength": 2,
          "unit": "um",
          "value": 21.423129849757384,
          "settings": {
            "reference": "centroid",
            "ray_density": 8,
            "native_analysis": "StandardSpot",
            "ray_check_count": 17,
            "field": 2,
            "field_xy_deg": [
              0.0,
              3.0
            ],
            "wavelength": 2,
            "wavelength_um": 0.55,
            "spectral_mode": "monochromatic"
          }
        },
        {
          "metric": "rms_spot_um",
          "field": 2,
          "wavelength": 3,
          "unit": "um",
          "value": 36.25215742527514,
          "settings": {
            "reference": "centroid",
            "ray_density": 8,
            "native_analysis": "StandardSpot",
            "ray_check_count": 17,
            "field": 2,
            "field_xy_deg": [
              0.0,
              3.0
            ],
            "wavelength": 3,
            "wavelength_um": 0.6562725,
            "spectral_mode": "monochromatic"
          }
        },
        {
          "metric": "rms_spot_um",
          "field": 3,
          "wavelength": 1,
          "unit": "um",
          "value": 75.15815192724662,
          "settings": {
            "reference": "centroid",
            "ray_density": 8,
            "native_analysis": "StandardSpot",
            "ray_check_count": 17,
            "field": 3,
            "field_xy_deg": [
              0.0,
              6.0
            ],
            "wavelength": 1,
            "wavelength_um": 0.4861327,
            "spectral_mode": "monochromatic"
          }
        },
        {
          "metric": "rms_spot_um",
          "field": 3,
          "wavelength": 2,
          "unit": "um",
          "value": 52.656009879107245,
          "settings": {
            "reference": "centroid",
            "ray_density": 8,
            "native_analysis": "StandardSpot",
            "ray_check_count": 17,
            "field": 3,
            "field_xy_deg": [
              0.0,
              6.0
            ],
            "wavelength": 2,
            "wavelength_um": 0.55,
            "spectral_mode": "monochromatic"
          }
        },
        {
          "metric": "rms_spot_um",
          "field": 3,
          "wavelength": 3,
          "unit": "um",
          "value": 37.32439747528965,
          "settings": {
            "reference": "centroid",
            "ray_density": 8,
            "native_analysis": "StandardSpot",
            "ray_check_count": 17,
            "field": 3,
            "field_xy_deg": [
              0.0,
              6.0
            ],
            "wavelength": 3,
            "wavelength_um": 0.6562725,
            "spectral_mode": "monochromatic"
          }
        }
      ],
      "assessment": {
        "passes": true,
        "requirements": [
          {
            "id": "focal-length",
            "key": "efl_mm",
            "requirement": {
              "id": "focal-length",
              "metric": "efl_mm",
              "unit": "mm",
              "min": 48,
              "max": 52
            },
            "status": "pass",
            "value": 49.99615696660989,
            "unit": "mm"
          },
          {
            "id": "track",
            "key": "total_track_mm",
            "requirement": {
              "id": "track",
              "metric": "total_track_mm",
              "unit": "mm",
              "max": 65
            },
            "status": "pass",
            "value": 52.60938,
            "unit": "mm"
          },
          {
            "id": "spot-1-1",
            "key": "rms_spot_um|f=1|w=1",
            "requirement": {
              "metric": "rms_spot_um",
              "field": 1,
              "wavelength": 1,
              "unit": "um",
              "id": "spot-1-1",
              "max": 120
            },
            "status": "pass",
            "value": 22.234350866151427,
            "unit": "um"
          },
          {
            "id": "spot-1-2",
            "key": "rms_spot_um|f=1|w=2",
            "requirement": {
              "metric": "rms_spot_um",
              "field": 1,
              "wavelength": 2,
              "unit": "um",
              "id": "spot-1-2",
              "max": 120
            },
            "status": "pass",
            "value": 19.38438655514556,
            "unit": "um"
          },
          {
            "id": "spot-1-3",
            "key": "rms_spot_um|f=1|w=3",
            "requirement": {
              "metric": "rms_spot_um",
              "field": 1,
              "wavelength": 3,
              "unit": "um",
              "id": "spot-1-3",
              "max": 120
            },
            "status": "pass",
            "value": 44.26703927800791,
            "unit": "um"
          },
          {
            "id": "spot-2-1",
            "key": "rms_spot_um|f=2|w=1",
            "requirement": {
              "metric": "rms_spot_um",
              "field": 2,
              "wavelength": 1,
              "unit": "um",
              "id": "spot-2-1",
              "max": 120
            },
            "status": "pass",
            "value": 35.43368959917866,
            "unit": "um"
          },
          {
            "id": "spot-2-2",
            "key": "rms_spot_um|f=2|w=2",
            "requirement": {
              "metric": "rms_spot_um",
              "field": 2,
              "wavelength": 2,
              "unit": "um",
              "id": "spot-2-2",
              "max": 120
            },
            "status": "pass",
            "value": 21.423129849757384,
            "unit": "um"
          },
          {
            "id": "spot-2-3",
            "key": "rms_spot_um|f=2|w=3",
            "requirement": {
              "metric": "rms_spot_um",
              "field": 2,
              "wavelength": 3,
              "unit": "um",
              "id": "spot-2-3",
              "max": 120
            },
            "status": "pass",
            "value": 36.25215742527514,
            "unit": "um"
          },
          {
            "id": "spot-3-1",
            "key": "rms_spot_um|f=3|w=1",
            "requirement": {
              "metric": "rms_spot_um",
              "field": 3,
              "wavelength": 1,
              "unit": "um",
              "id": "spot-3-1",
              "max": 120
            },
            "status": "pass",
            "value": 75.15815192724662,
            "unit": "um"
          },
          {
            "id": "spot-3-2",
            "key": "rms_spot_um|f=3|w=2",
            "requirement": {
              "metric": "rms_spot_um",
              "field": 3,
              "wavelength": 2,
              "unit": "um",
              "id": "spot-3-2",
              "max": 120
            },
            "status": "pass",
            "value": 52.656009879107245,
            "unit": "um"
          },
          {
            "id": "spot-3-3",
            "key": "rms_spot_um|f=3|w=3",
            "requirement": {
              "metric": "rms_spot_um",
              "field": 3,
              "wavelength": 3,
              "unit": "um",
              "id": "spot-3-3",
              "max": 120
            },
            "status": "pass",
            "value": 37.32439747528965,
            "unit": "um"
          }
        ]
      },
      "objective_breakdown": {
        "aggregation": "weighted_rms",
        "direction": "minimize",
        "value": 1.3910170877241073,
        "unit": "1",
        "terms": [
          {
            "metric": "rms_spot_um",
            "field": 1,
            "wavelength": 1,
            "key": "rms_spot_um|f=1|w=1",
            "unit": "um",
            "value": 22.234350866151427,
            "target": 0,
            "scale": 30,
            "weight": 1,
            "normalized_residual": 0.7411450288717142,
            "weighted_residual": 0.24704834295723804
          },
          {
            "metric": "rms_spot_um",
            "field": 1,
            "wavelength": 2,
            "key": "rms_spot_um|f=1|w=2",
            "unit": "um",
            "value": 19.38438655514556,
            "target": 0,
            "scale": 30,
            "weight": 1,
            "normalized_residual": 0.646146218504852,
            "weighted_residual": 0.21538207283495064
          },
          {
            "metric": "rms_spot_um",
            "field": 1,
            "wavelength": 3,
            "key": "rms_spot_um|f=1|w=3",
            "unit": "um",
            "value": 44.26703927800791,
            "target": 0,
            "scale": 30,
            "weight": 1,
            "normalized_residual": 1.475567975933597,
            "weighted_residual": 0.4918559919778656
          },
          {
            "metric": "rms_spot_um",
            "field": 2,
            "wavelength": 1,
            "key": "rms_spot_um|f=2|w=1",
            "unit": "um",
            "value": 35.43368959917866,
            "target": 0,
            "scale": 30,
            "weight": 1,
            "normalized_residual": 1.1811229866392887,
            "weighted_residual": 0.3937076622130962
          },
          {
            "metric": "rms_spot_um",
            "field": 2,
            "wavelength": 2,
            "key": "rms_spot_um|f=2|w=2",
            "unit": "um",
            "value": 21.423129849757384,
            "target": 0,
            "scale": 30,
            "weight": 1,
            "normalized_residual": 0.7141043283252462,
            "weighted_residual": 0.2380347761084154
          },
          {
            "metric": "rms_spot_um",
            "field": 2,
            "wavelength": 3,
            "key": "rms_spot_um|f=2|w=3",
            "unit": "um",
            "value": 36.25215742527514,
            "target": 0,
            "scale": 30,
            "weight": 1,
            "normalized_residual": 1.2084052475091716,
            "weighted_residual": 0.40280174916972383
          },
          {
            "metric": "rms_spot_um",
            "field": 3,
            "wavelength": 1,
            "key": "rms_spot_um|f=3|w=1",
            "unit": "um",
            "value": 75.15815192724662,
            "target": 0,
            "scale": 30,
            "weight": 1,
            "normalized_residual": 2.5052717309082206,
            "weighted_residual": 0.8350905769694068
          },
          {
            "metric": "rms_spot_um",
            "field": 3,
            "wavelength": 2,
            "key": "rms_spot_um|f=3|w=2",
            "unit": "um",
            "value": 52.656009879107245,
            "target": 0,
            "scale": 30,
            "weight": 1,
            "normalized_residual": 1.7552003293035747,
            "weighted_residual": 0.5850667764345249
          },
          {
            "metric": "rms_spot_um",
            "field": 3,
            "wavelength": 3,
            "key": "rms_spot_um|f=3|w=3",
            "unit": "um",
            "value": 37.32439747528965,
            "target": 0,
            "scale": 30,
            "weight": 1,
            "normalized_residual": 1.244146582509655,
            "weighted_residual": 0.4147155275032183
          }
        ]
      },
      "objective_value": 1.3910170877241073
    },
    {
      "kind": "search",
      "parameters_mm": [
        52.0,
        47.390625
      ],
      "inspection": {
        "engine": {
          "name": "OpticStudio",
          "version": "24.1.0",
          "zospy_version": "2.1.5",
          "pythonnet_version": "3.1.0",
          "license": "PremiumEdition"
        },
        "focus_mm": 47.390625,
        "image_surface": 3,
        "surfaces": [
          {
            "index": 0,
            "is_image": false,
            "is_stop": false,
            "type": "Standard",
            "radius_mm": "Infinity",
            "thickness_mm": "Infinity",
            "material": "",
            "conic": 0.0,
            "coating": "",
            "tilts": [
              0.0,
              0.0,
              0.0,
              0.0,
              0.0,
              0.0,
              0.0,
              0.0,
              0.0,
              0.0
            ],
            "aperture": "None",
            "semi_diameter_solve": "Automatic",
            "asphere_coefficients": []
          },
          {
            "index": 1,
            "is_image": false,
            "is_stop": true,
            "type": "Standard",
            "radius_mm": 52.0,
            "thickness_mm": 5.0,
            "material": "N-BK7",
            "conic": 0.0,
            "coating": "",
            "tilts": [
              0.0,
              0.0,
              0.0,
              0.0,
              0.0,
              0.0,
              0.0,
              0.0,
              0.0,
              0.0
            ],
            "aperture": "None",
            "semi_diameter_solve": "Automatic",
            "asphere_coefficients": []
          },
          {
            "index": 2,
            "is_image": false,
            "is_stop": false,
            "type": "Standard",
            "radius_mm": -50.0,
            "thickness_mm": 47.390625,
            "material": "",
            "conic": 0.0,
            "coating": "",
            "tilts": [
              0.0,
              0.0,
              0.0,
              0.0,
              0.0,
              0.0,
              0.0,
              0.0,
              0.0,
              0.0
            ],
            "aperture": "None",
            "semi_diameter_solve": "Automatic",
            "asphere_coefficients": []
          },
          {
            "index": 3,
            "is_image": true,
            "is_stop": false,
            "type": "Standard",
            "radius_mm": "Infinity",
            "thickness_mm": "Infinity",
            "material": "",
            "conic": 0.0,
            "coating": "",
            "tilts": [
              0.0,
              0.0,
              0.0,
              0.0,
              0.0,
              0.0,
              0.0,
              0.0,
              0.0,
              0.0
            ],
            "aperture": "None",
            "semi_diameter_solve": "Automatic",
            "asphere_coefficients": []
          }
        ],
        "invariants": {
          "surfaces": [
            {
              "index": 0,
              "is_image": false,
              "is_stop": false,
              "type": "Standard",
              "radius_mm": "Infinity",
              "thickness_mm": "Infinity",
              "material": "",
              "conic": 0.0,
              "coating": "",
              "tilts": [
                0.0,
                0.0,
                0.0,
                0.0,
                0.0,
                0.0,
                0.0,
                0.0,
                0.0,
                0.0
              ],
              "aperture": "None",
              "semi_diameter_solve": "Automatic",
              "asphere_coefficients": []
            },
            {
              "index": 1,
              "is_image": false,
              "is_stop": true,
              "type": "Standard",
              "radius_mm": 52.0,
              "thickness_mm": 5.0,
              "material": "N-BK7",
              "conic": 0.0,
              "coating": "",
              "tilts": [
                0.0,
                0.0,
                0.0,
                0.0,
                0.0,
                0.0,
                0.0,
                0.0,
                0.0,
                0.0
              ],
              "aperture": "None",
              "semi_diameter_solve": "Automatic",
              "asphere_coefficients": []
            },
            {
              "index": 2,
              "is_image": false,
              "is_stop": false,
              "type": "Standard",
              "radius_mm": -50.0,
              "material": "",
              "conic": 0.0,
              "coating": "",
              "tilts": [
                0.0,
                0.0,
                0.0,
                0.0,
                0.0,
                0.0,
                0.0,
                0.0,
                0.0,
                0.0
              ],
              "aperture": "None",
              "semi_diameter_solve": "Automatic",
              "asphere_coefficients": []
            },
            {
              "index": 3,
              "is_image": true,
              "is_stop": false,
              "type": "Standard",
              "radius_mm": "Infinity",
              "thickness_mm": "Infinity",
              "material": "",
              "conic": 0.0,
              "coating": "",
              "tilts": [
                0.0,
                0.0,
                0.0,
                0.0,
                0.0,
                0.0,
                0.0,
                0.0,
                0.0,
                0.0
              ],
              "aperture": "None",
              "semi_diameter_solve": "Automatic",
              "asphere_coefficients": []
            }
          ],
          "fields": [
            {
              "index": 1,
              "x_deg": 0.0,
              "y_deg": 0.0,
              "weight": 1.0
            },
            {
              "index": 2,
              "x_deg": 0.0,
              "y_deg": 3.0,
              "weight": 1.0
            },
            {
              "index": 3,
              "x_deg": 0.0,
              "y_deg": 6.0,
              "weight": 1.0
            }
          ],
          "wavelengths": [
            {
              "index": 1,
              "um": 0.4861327,
              "weight": 1.0,
              "primary": false
            },
            {
              "index": 2,
              "um": 0.55,
              "weight": 1.0,
              "primary": true
            },
            {
              "index": 3,
              "um": 0.6562725,
              "weight": 1.0,
              "primary": false
            }
          ],
          "aperture_type": "EntrancePupilDiameter",
          "aperture_mm": 10.0,
          "lens_units": "mm"
        },
        "limits": [
          "Sequential centered Standard conic/EvenAspheric refractive systems; fixed shape coefficients; angle fields; mm; EPD.",
          "Geometric centroid RMS spot and scalar FFT MTF are distinct metrics.",
          "A sparse pupil ray check detects gross failures; it is not a full vignetting analysis."
        ]
      },
      "measurements": [
        {
          "metric": "efl_mm",
          "unit": "mm",
          "value": 49.99615696660989,
          "settings": {
            "wavelength": 2,
            "wavelength_um": 0.55
          }
        },
        {
          "metric": "f_number",
          "unit": "1",
          "value": 4.999616,
          "settings": {
            "wavelength": 2,
            "wavelength_um": 0.55
          }
        },
        {
          "metric": "total_track_mm",
          "unit": "mm",
          "value": 52.39063
        },
        {
          "metric": "image_distance_mm",
          "unit": "mm",
          "value": 47.390625
        },
        {
          "metric": "rms_spot_um",
          "field": 1,
          "wavelength": 1,
          "unit": "um",
          "value": 15.661755542962021,
          "settings": {
            "reference": "centroid",
            "ray_density": 8,
            "native_analysis": "StandardSpot",
            "ray_check_count": 17,
            "field": 1,
            "field_xy_deg": [
              0.0,
              0.0
            ],
            "wavelength": 1,
            "wavelength_um": 0.4861327,
            "spectral_mode": "monochromatic"
          }
        },
        {
          "metric": "rms_spot_um",
          "field": 1,
          "wavelength": 2,
          "unit": "um",
          "value": 32.15990709556387,
          "settings": {
            "reference": "centroid",
            "ray_density": 8,
            "native_analysis": "StandardSpot",
            "ray_check_count": 17,
            "field": 1,
            "field_xy_deg": [
              0.0,
              0.0
            ],
            "wavelength": 2,
            "wavelength_um": 0.55,
            "spectral_mode": "monochromatic"
          }
        },
        {
          "metric": "rms_spot_um",
          "field": 1,
          "wavelength": 3,
          "unit": "um",
          "value": 59.93193953105673,
          "settings": {
            "reference": "centroid",
            "ray_density": 8,
            "native_analysis": "StandardSpot",
            "ray_check_count": 17,
            "field": 1,
            "field_xy_deg": [
              0.0,
              0.0
            ],
            "wavelength": 3,
            "wavelength_um": 0.6562725,
            "spectral_mode": "monochromatic"
          }
        },
        {
          "metric": "rms_spot_um",
          "field": 2,
          "wavelength": 1,
          "unit": "um",
          "value": 24.387590862613564,
          "settings": {
            "reference": "centroid",
            "ray_density": 8,
            "native_analysis": "StandardSpot",
            "ray_check_count": 17,
            "field": 2,
            "field_xy_deg": [
              0.0,
              3.0
            ],
            "wavelength": 1,
            "wavelength_um": 0.4861327,
            "spectral_mode": "monochromatic"
          }
        },
        {
          "metric": "rms_spot_um",
          "field": 2,
          "wavelength": 2,
          "unit": "um",
          "value": 26.730590918466408,
          "settings": {
            "reference": "centroid",
            "ray_density": 8,
            "native_analysis": "StandardSpot",
            "ray_check_count": 17,
            "field": 2,
            "field_xy_deg": [
              0.0,
              3.0
            ],
            "wavelength": 2,
            "wavelength_um": 0.55,
            "spectral_mode": "monochromatic"
          }
        },
        {
          "metric": "rms_spot_um",
          "field": 2,
          "wavelength": 3,
          "unit": "um",
          "value": 50.527576306998,
          "settings": {
            "reference": "centroid",
            "ray_density": 8,
            "native_analysis": "StandardSpot",
            "ray_check_count": 17,
            "field": 2,
            "field_xy_deg": [
              0.0,
              3.0
            ],
            "wavelength": 3,
            "wavelength_um": 0.6562725,
            "spectral_mode": "monochromatic"
          }
        },
        {
          "metric": "rms_spot_um",
          "field": 3,
          "wavelength": 1,
          "unit": "um",
          "value": 61.02036910916649,
          "settings": {
            "reference": "centroid",
            "ray_density": 8,
            "native_analysis": "StandardSpot",
            "ray_check_count": 17,
            "field": 3,
            "field_xy_deg": [
              0.0,
              6.0
            ],
            "wavelength": 1,
            "wavelength_um": 0.4861327,
            "spectral_mode": "monochromatic"
          }
        },
        {
          "metric": "rms_spot_um",
          "field": 3,
          "wavelength": 2,
          "unit": "um",
          "value": 42.31537551420606,
          "settings": {
            "reference": "centroid",
            "ray_density": 8,
            "native_analysis": "StandardSpot",
            "ray_check_count": 17,
            "field": 3,
            "field_xy_deg": [
              0.0,
              6.0
            ],
            "wavelength": 2,
            "wavelength_um": 0.55,
            "spectral_mode": "monochromatic"
          }
        },
        {
          "metric": "rms_spot_um",
          "field": 3,
          "wavelength": 3,
          "unit": "um",
          "value": 37.725993543720534,
          "settings": {
            "reference": "centroid",
            "ray_density": 8,
            "native_analysis": "StandardSpot",
            "ray_check_count": 17,
            "field": 3,
            "field_xy_deg": [
              0.0,
              6.0
            ],
            "wavelength": 3,
            "wavelength_um": 0.6562725,
            "spectral_mode": "monochromatic"
          }
        }
      ],
      "assessment": {
        "passes": true,
        "requirements": [
          {
            "id": "focal-length",
            "key": "efl_mm",
            "requirement": {
              "id": "focal-length",
              "metric": "efl_mm",
              "unit": "mm",
              "min": 48,
              "max": 52
            },
            "status": "pass",
            "value": 49.99615696660989,
            "unit": "mm"
          },
          {
            "id": "track",
            "key": "total_track_mm",
            "requirement": {
              "id": "track",
              "metric": "total_track_mm",
              "unit": "mm",
              "max": 65
            },
            "status": "pass",
            "value": 52.39063,
            "unit": "mm"
          },
          {
            "id": "spot-1-1",
            "key": "rms_spot_um|f=1|w=1",
            "requirement": {
              "metric": "rms_spot_um",
              "field": 1,
              "wavelength": 1,
              "unit": "um",
              "id": "spot-1-1",
              "max": 120
            },
            "status": "pass",
            "value": 15.661755542962021,
            "unit": "um"
          },
          {
            "id": "spot-1-2",
            "key": "rms_spot_um|f=1|w=2",
            "requirement": {
              "metric": "rms_spot_um",
              "field": 1,
              "wavelength": 2,
              "unit": "um",
              "id": "spot-1-2",
              "max": 120
            },
            "status": "pass",
            "value": 32.15990709556387,
            "unit": "um"
          },
          {
            "id": "spot-1-3",
            "key": "rms_spot_um|f=1|w=3",
            "requirement": {
              "metric": "rms_spot_um",
              "field": 1,
              "wavelength": 3,
              "unit": "um",
              "id": "spot-1-3",
              "max": 120
            },
            "status": "pass",
            "value": 59.93193953105673,
            "unit": "um"
          },
          {
            "id": "spot-2-1",
            "key": "rms_spot_um|f=2|w=1",
            "requirement": {
              "metric": "rms_spot_um",
              "field": 2,
              "wavelength": 1,
              "unit": "um",
              "id": "spot-2-1",
              "max": 120
            },
            "status": "pass",
            "value": 24.387590862613564,
            "unit": "um"
          },
          {
            "id": "spot-2-2",
            "key": "rms_spot_um|f=2|w=2",
            "requirement": {
              "metric": "rms_spot_um",
              "field": 2,
              "wavelength": 2,
              "unit": "um",
              "id": "spot-2-2",
              "max": 120
            },
            "status": "pass",
            "value": 26.730590918466408,
            "unit": "um"
          },
          {
            "id": "spot-2-3",
            "key": "rms_spot_um|f=2|w=3",
            "requirement": {
              "metric": "rms_spot_um",
              "field": 2,
              "wavelength": 3,
              "unit": "um",
              "id": "spot-2-3",
              "max": 120
            },
            "status": "pass",
            "value": 50.527576306998,
            "unit": "um"
          },
          {
            "id": "spot-3-1",
            "key": "rms_spot_um|f=3|w=1",
            "requirement": {
              "metric": "rms_spot_um",
              "field": 3,
              "wavelength": 1,
              "unit": "um",
              "id": "spot-3-1",
              "max": 120
            },
            "status": "pass",
            "value": 61.02036910916649,
            "unit": "um"
          },
          {
            "id": "spot-3-2",
            "key": "rms_spot_um|f=3|w=2",
            "requirement": {
              "metric": "rms_spot_um",
              "field": 3,
              "wavelength": 2,
              "unit": "um",
              "id": "spot-3-2",
              "max": 120
            },
            "status": "pass",
            "value": 42.31537551420606,
            "unit": "um"
          },
          {
            "id": "spot-3-3",
            "key": "rms_spot_um|f=3|w=3",
            "requirement": {
              "metric": "rms_spot_um",
              "field": 3,
              "wavelength": 3,
              "unit": "um",
              "id": "spot-3-3",
              "max": 120
            },
            "status": "pass",
            "value": 37.725993543720534,
            "unit": "um"
          }
        ]
      },
      "objective_breakdown": {
        "aggregation": "weighted_rms",
        "direction": "minimize",
        "value": 1.3909331477139841,
        "unit": "1",
        "terms": [
          {
            "metric": "rms_spot_um",
            "field": 1,
            "wavelength": 1,
            "key": "rms_spot_um|f=1|w=1",
            "unit": "um",
            "value": 15.661755542962021,
            "target": 0,
            "scale": 30,
            "weight": 1,
            "normalized_residual": 0.522058518098734,
            "weighted_residual": 0.17401950603291133
          },
          {
            "metric": "rms_spot_um",
            "field": 1,
            "wavelength": 2,
            "key": "rms_spot_um|f=1|w=2",
            "unit": "um",
            "value": 32.15990709556387,
            "target": 0,
            "scale": 30,
            "weight": 1,
            "normalized_residual": 1.0719969031854621,
            "weighted_residual": 0.3573323010618207
          },
          {
            "metric": "rms_spot_um",
            "field": 1,
            "wavelength": 3,
            "key": "rms_spot_um|f=1|w=3",
            "unit": "um",
            "value": 59.93193953105673,
            "target": 0,
            "scale": 30,
            "weight": 1,
            "normalized_residual": 1.997731317701891,
            "weighted_residual": 0.6659104392339636
          },
          {
            "metric": "rms_spot_um",
            "field": 2,
            "wavelength": 1,
            "key": "rms_spot_um|f=2|w=1",
            "unit": "um",
            "value": 24.387590862613564,
            "target": 0,
            "scale": 30,
            "weight": 1,
            "normalized_residual": 0.8129196954204522,
            "weighted_residual": 0.27097323180681737
          },
          {
            "metric": "rms_spot_um",
            "field": 2,
            "wavelength": 2,
            "key": "rms_spot_um|f=2|w=2",
            "unit": "um",
            "value": 26.730590918466408,
            "target": 0,
            "scale": 30,
            "weight": 1,
            "normalized_residual": 0.8910196972822136,
            "weighted_residual": 0.29700656576073786
          },
          {
            "metric": "rms_spot_um",
            "field": 2,
            "wavelength": 3,
            "key": "rms_spot_um|f=2|w=3",
            "unit": "um",
            "value": 50.527576306998,
            "target": 0,
            "scale": 30,
            "weight": 1,
            "normalized_residual": 1.6842525435666,
            "weighted_residual": 0.5614175145222
          },
          {
            "metric": "rms_spot_um",
            "field": 3,
            "wavelength": 1,
            "key": "rms_spot_um|f=3|w=1",
            "unit": "um",
            "value": 61.02036910916649,
            "target": 0,
            "scale": 30,
            "weight": 1,
            "normalized_residual": 2.034012303638883,
            "weighted_residual": 0.678004101212961
          },
          {
            "metric": "rms_spot_um",
            "field": 3,
            "wavelength": 2,
            "key": "rms_spot_um|f=3|w=2",
            "unit": "um",
            "value": 42.31537551420606,
            "target": 0,
            "scale": 30,
            "weight": 1,
            "normalized_residual": 1.410512517140202,
            "weighted_residual": 0.47017083904673396
          },
          {
            "metric": "rms_spot_um",
            "field": 3,
            "wavelength": 3,
            "key": "rms_spot_um|f=3|w=3",
            "unit": "um",
            "value": 37.725993543720534,
            "target": 0,
            "scale": 30,
            "weight": 1,
            "normalized_residual": 1.257533118124018,
            "weighted_residual": 0.4191777060413393
          }
        ]
      },
      "objective_value": 1.3909331477139841
    },
    {
      "kind": "search",
      "parameters_mm": [
        51.96875,
        47.5
      ],
      "inspection": {
        "engine": {
          "name": "OpticStudio",
          "version": "24.1.0",
          "zospy_version": "2.1.5",
          "pythonnet_version": "3.1.0",
          "license": "PremiumEdition"
        },
        "focus_mm": 47.5,
        "image_surface": 3,
        "surfaces": [
          {
            "index": 0,
            "is_image": false,
            "is_stop": false,
            "type": "Standard",
            "radius_mm": "Infinity",
            "thickness_mm": "Infinity",
            "material": "",
            "conic": 0.0,
            "coating": "",
            "tilts": [
              0.0,
              0.0,
              0.0,
              0.0,
              0.0,
              0.0,
              0.0,
              0.0,
              0.0,
              0.0
            ],
            "aperture": "None",
            "semi_diameter_solve": "Automatic",
            "asphere_coefficients": []
          },
          {
            "index": 1,
            "is_image": false,
            "is_stop": true,
            "type": "Standard",
            "radius_mm": 51.96875,
            "thickness_mm": 5.0,
            "material": "N-BK7",
            "conic": 0.0,
            "coating": "",
            "tilts": [
              0.0,
              0.0,
              0.0,
              0.0,
              0.0,
              0.0,
              0.0,
              0.0,
              0.0,
              0.0
            ],
            "aperture": "None",
            "semi_diameter_solve": "Automatic",
            "asphere_coefficients": []
          },
          {
            "index": 2,
            "is_image": false,
            "is_stop": false,
            "type": "Standard",
            "radius_mm": -50.0,
            "thickness_mm": 47.5,
            "material": "",
            "conic": 0.0,
            "coating": "",
            "tilts": [
              0.0,
              0.0,
              0.0,
              0.0,
              0.0,
              0.0,
              0.0,
              0.0,
              0.0,
              0.0
            ],
            "aperture": "None",
            "semi_diameter_solve": "Automatic",
            "asphere_coefficients": []
          },
          {
            "index": 3,
            "is_image": true,
            "is_stop": false,
            "type": "Standard",
            "radius_mm": "Infinity",
            "thickness_mm": "Infinity",
            "material": "",
            "conic": 0.0,
            "coating": "",
            "tilts": [
              0.0,
              0.0,
              0.0,
              0.0,
              0.0,
              0.0,
              0.0,
              0.0,
              0.0,
              0.0
            ],
            "aperture": "None",
            "semi_diameter_solve": "Automatic",
            "asphere_coefficients": []
          }
        ],
        "invariants": {
          "surfaces": [
            {
              "index": 0,
              "is_image": false,
              "is_stop": false,
              "type": "Standard",
              "radius_mm": "Infinity",
              "thickness_mm": "Infinity",
              "material": "",
              "conic": 0.0,
              "coating": "",
              "tilts": [
                0.0,
                0.0,
                0.0,
                0.0,
                0.0,
                0.0,
                0.0,
                0.0,
                0.0,
                0.0
              ],
              "aperture": "None",
              "semi_diameter_solve": "Automatic",
              "asphere_coefficients": []
            },
            {
              "index": 1,
              "is_image": false,
              "is_stop": true,
              "type": "Standard",
              "radius_mm": 51.96875,
              "thickness_mm": 5.0,
              "material": "N-BK7",
              "conic": 0.0,
              "coating": "",
              "tilts": [
                0.0,
                0.0,
                0.0,
                0.0,
                0.0,
                0.0,
                0.0,
                0.0,
                0.0,
                0.0
              ],
              "aperture": "None",
              "semi_diameter_solve": "Automatic",
              "asphere_coefficients": []
            },
            {
              "index": 2,
              "is_image": false,
              "is_stop": false,
              "type": "Standard",
              "radius_mm": -50.0,
              "material": "",
              "conic": 0.0,
              "coating": "",
              "tilts": [
                0.0,
                0.0,
                0.0,
                0.0,
                0.0,
                0.0,
                0.0,
                0.0,
                0.0,
                0.0
              ],
              "aperture": "None",
              "semi_diameter_solve": "Automatic",
              "asphere_coefficients": []
            },
            {
              "index": 3,
              "is_image": true,
              "is_stop": false,
              "type": "Standard",
              "radius_mm": "Infinity",
              "thickness_mm": "Infinity",
              "material": "",
              "conic": 0.0,
              "coating": "",
              "tilts": [
                0.0,
                0.0,
                0.0,
                0.0,
                0.0,
                0.0,
                0.0,
                0.0,
                0.0,
                0.0
              ],
              "aperture": "None",
              "semi_diameter_solve": "Automatic",
              "asphere_coefficients": []
            }
          ],
          "fields": [
            {
              "index": 1,
              "x_deg": 0.0,
              "y_deg": 0.0,
              "weight": 1.0
            },
            {
              "index": 2,
              "x_deg": 0.0,
              "y_deg": 3.0,
              "weight": 1.0
            },
            {
              "index": 3,
              "x_deg": 0.0,
              "y_deg": 6.0,
              "weight": 1.0
            }
          ],
          "wavelengths": [
            {
              "index": 1,
              "um": 0.4861327,
              "weight": 1.0,
              "primary": false
            },
            {
              "index": 2,
              "um": 0.55,
              "weight": 1.0,
              "primary": true
            },
            {
              "index": 3,
              "um": 0.6562725,
              "weight": 1.0,
              "primary": false
            }
          ],
          "aperture_type": "EntrancePupilDiameter",
          "aperture_mm": 10.0,
          "lens_units": "mm"
        },
        "limits": [
          "Sequential centered Standard conic/EvenAspheric refractive systems; fixed shape coefficients; angle fields; mm; EPD.",
          "Geometric centroid RMS spot and scalar FFT MTF are distinct metrics.",
          "A sparse pupil ray check detects gross failures; it is not a full vignetting analysis."
        ]
      },
      "measurements": [
        {
          "metric": "efl_mm",
          "unit": "mm",
          "value": 49.981684895488364,
          "settings": {
            "wavelength": 2,
            "wavelength_um": 0.55
          }
        },
        {
          "metric": "f_number",
          "unit": "1",
          "value": 4.998168,
          "settings": {
            "wavelength": 2,
            "wavelength_um": 0.55
          }
        },
        {
          "metric": "total_track_mm",
          "unit": "mm",
          "value": 52.5
        },
        {
          "metric": "image_distance_mm",
          "unit": "mm",
          "value": 47.5
        },
        {
          "metric": "rms_spot_um",
          "field": 1,
          "wavelength": 1,
          "unit": "um",
          "value": 17.852342316598172,
          "settings": {
            "reference": "centroid",
            "ray_density": 8,
            "native_analysis": "StandardSpot",
            "ray_check_count": 17,
            "field": 1,
            "field_xy_deg": [
              0.0,
              0.0
            ],
            "wavelength": 1,
            "wavelength_um": 0.4861327,
            "spectral_mode": "monochromatic"
          }
        },
        {
          "metric": "rms_spot_um",
          "field": 1,
          "wavelength": 2,
          "unit": "um",
          "value": 24.353550985919252,
          "settings": {
            "reference": "centroid",
            "ray_density": 8,
            "native_analysis": "StandardSpot",
            "ray_check_count": 17,
            "field": 1,
            "field_xy_deg": [
              0.0,
              0.0
            ],
            "wavelength": 2,
            "wavelength_um": 0.55,
            "spectral_mode": "monochromatic"
          }
        },
        {
          "metric": "rms_spot_um",
          "field": 1,
          "wavelength": 3,
          "unit": "um",
          "value": 50.976095189561214,
          "settings": {
            "reference": "centroid",
            "ray_density": 8,
            "native_analysis": "StandardSpot",
            "ray_check_count": 17,
            "field": 1,
            "field_xy_deg": [
              0.0,
              0.0
            ],
            "wavelength": 3,
            "wavelength_um": 0.6562725,
            "spectral_mode": "monochromatic"
          }
        },
        {
          "metric": "rms_spot_um",
          "field": 2,
          "wavelength": 1,
          "unit": "um",
          "value": 30.02596696499574,
          "settings": {
            "reference": "centroid",
            "ray_density": 8,
            "native_analysis": "StandardSpot",
            "ray_check_count": 17,
            "field": 2,
            "field_xy_deg": [
              0.0,
              3.0
            ],
            "wavelength": 1,
            "wavelength_um": 0.4861327,
            "spectral_mode": "monochromatic"
          }
        },
        {
          "metric": "rms_spot_um",
          "field": 2,
          "wavelength": 2,
          "unit": "um",
          "value": 22.40009054008575,
          "settings": {
            "reference": "centroid",
            "ray_density": 8,
            "native_analysis": "StandardSpot",
            "ray_check_count": 17,
            "field": 2,
            "field_xy_deg": [
              0.0,
              3.0
            ],
            "wavelength": 2,
            "wavelength_um": 0.55,
            "spectral_mode": "monochromatic"
          }
        },
        {
          "metric": "rms_spot_um",
          "field": 2,
          "wavelength": 3,
          "unit": "um",
          "value": 42.223031454786195,
          "settings": {
            "reference": "centroid",
            "ray_density": 8,
            "native_analysis": "StandardSpot",
            "ray_check_count": 17,
            "field": 2,
            "field_xy_deg": [
              0.0,
              3.0
            ],
            "wavelength": 3,
            "wavelength_um": 0.6562725,
            "spectral_mode": "monochromatic"
          }
        },
        {
          "metric": "rms_spot_um",
          "field": 3,
          "wavelength": 1,
          "unit": "um",
          "value": 68.89928907769439,
          "settings": {
            "reference": "centroid",
            "ray_density": 8,
            "native_analysis": "StandardSpot",
            "ray_check_count": 17,
            "field": 3,
            "field_xy_deg": [
              0.0,
              6.0
            ],
            "wavelength": 1,
            "wavelength_um": 0.4861327,
            "spectral_mode": "monochromatic"
          }
        },
        {
          "metric": "rms_spot_um",
          "field": 3,
          "wavelength": 2,
          "unit": "um",
          "value": 47.743345814867794,
          "settings": {
            "reference": "centroid",
            "ray_density": 8,
            "native_analysis": "StandardSpot",
            "ray_check_count": 17,
            "field": 3,
            "field_xy_deg": [
              0.0,
              6.0
            ],
            "wavelength": 2,
            "wavelength_um": 0.55,
            "spectral_mode": "monochromatic"
          }
        },
        {
          "metric": "rms_spot_um",
          "field": 3,
          "wavelength": 3,
          "unit": "um",
          "value": 36.58088781842066,
          "settings": {
            "reference": "centroid",
            "ray_density": 8,
            "native_analysis": "StandardSpot",
            "ray_check_count": 17,
            "field": 3,
            "field_xy_deg": [
              0.0,
              6.0
            ],
            "wavelength": 3,
            "wavelength_um": 0.6562725,
            "spectral_mode": "monochromatic"
          }
        }
      ],
      "assessment": {
        "passes": true,
        "requirements": [
          {
            "id": "focal-length",
            "key": "efl_mm",
            "requirement": {
              "id": "focal-length",
              "metric": "efl_mm",
              "unit": "mm",
              "min": 48,
              "max": 52
            },
            "status": "pass",
            "value": 49.981684895488364,
            "unit": "mm"
          },
          {
            "id": "track",
            "key": "total_track_mm",
            "requirement": {
              "id": "track",
              "metric": "total_track_mm",
              "unit": "mm",
              "max": 65
            },
            "status": "pass",
            "value": 52.5,
            "unit": "mm"
          },
          {
            "id": "spot-1-1",
            "key": "rms_spot_um|f=1|w=1",
            "requirement": {
              "metric": "rms_spot_um",
              "field": 1,
              "wavelength": 1,
              "unit": "um",
              "id": "spot-1-1",
              "max": 120
            },
            "status": "pass",
            "value": 17.852342316598172,
            "unit": "um"
          },
          {
            "id": "spot-1-2",
            "key": "rms_spot_um|f=1|w=2",
            "requirement": {
              "metric": "rms_spot_um",
              "field": 1,
              "wavelength": 2,
              "unit": "um",
              "id": "spot-1-2",
              "max": 120
            },
            "status": "pass",
            "value": 24.353550985919252,
            "unit": "um"
          },
          {
            "id": "spot-1-3",
            "key": "rms_spot_um|f=1|w=3",
            "requirement": {
              "metric": "rms_spot_um",
              "field": 1,
              "wavelength": 3,
              "unit": "um",
              "id": "spot-1-3",
              "max": 120
            },
            "status": "pass",
            "value": 50.976095189561214,
            "unit": "um"
          },
          {
            "id": "spot-2-1",
            "key": "rms_spot_um|f=2|w=1",
            "requirement": {
              "metric": "rms_spot_um",
              "field": 2,
              "wavelength": 1,
              "unit": "um",
              "id": "spot-2-1",
              "max": 120
            },
            "status": "pass",
            "value": 30.02596696499574,
            "unit": "um"
          },
          {
            "id": "spot-2-2",
            "key": "rms_spot_um|f=2|w=2",
            "requirement": {
              "metric": "rms_spot_um",
              "field": 2,
              "wavelength": 2,
              "unit": "um",
              "id": "spot-2-2",
              "max": 120
            },
            "status": "pass",
            "value": 22.40009054008575,
            "unit": "um"
          },
          {
            "id": "spot-2-3",
            "key": "rms_spot_um|f=2|w=3",
            "requirement": {
              "metric": "rms_spot_um",
              "field": 2,
              "wavelength": 3,
              "unit": "um",
              "id": "spot-2-3",
              "max": 120
            },
            "status": "pass",
            "value": 42.223031454786195,
            "unit": "um"
          },
          {
            "id": "spot-3-1",
            "key": "rms_spot_um|f=3|w=1",
            "requirement": {
              "metric": "rms_spot_um",
              "field": 3,
              "wavelength": 1,
              "unit": "um",
              "id": "spot-3-1",
              "max": 120
            },
            "status": "pass",
            "value": 68.89928907769439,
            "unit": "um"
          },
          {
            "id": "spot-3-2",
            "key": "rms_spot_um|f=3|w=2",
            "requirement": {
              "metric": "rms_spot_um",
              "field": 3,
              "wavelength": 2,
              "unit": "um",
              "id": "spot-3-2",
              "max": 120
            },
            "status": "pass",
            "value": 47.743345814867794,
            "unit": "um"
          },
          {
            "id": "spot-3-3",
            "key": "rms_spot_um|f=3|w=3",
            "requirement": {
              "metric": "rms_spot_um",
              "field": 3,
              "wavelength": 3,
              "unit": "um",
              "id": "spot-3-3",
              "max": 120
            },
            "status": "pass",
            "value": 36.58088781842066,
            "unit": "um"
          }
        ]
      },
      "objective_breakdown": {
        "aggregation": "weighted_rms",
        "direction": "minimize",
        "value": 1.3635996047499201,
        "unit": "1",
        "terms": [
          {
            "metric": "rms_spot_um",
            "field": 1,
            "wavelength": 1,
            "key": "rms_spot_um|f=1|w=1",
            "unit": "um",
            "value": 17.852342316598172,
            "target": 0,
            "scale": 30,
            "weight": 1,
            "normalized_residual": 0.5950780772199391,
            "weighted_residual": 0.19835935907331304
          },
          {
            "metric": "rms_spot_um",
            "field": 1,
            "wavelength": 2,
            "key": "rms_spot_um|f=1|w=2",
            "unit": "um",
            "value": 24.353550985919252,
            "target": 0,
            "scale": 30,
            "weight": 1,
            "normalized_residual": 0.8117850328639751,
            "weighted_residual": 0.2705950109546583
          },
          {
            "metric": "rms_spot_um",
            "field": 1,
            "wavelength": 3,
            "key": "rms_spot_um|f=1|w=3",
            "unit": "um",
            "value": 50.976095189561214,
            "target": 0,
            "scale": 30,
            "weight": 1,
            "normalized_residual": 1.6992031729853738,
            "weighted_residual": 0.5664010576617913
          },
          {
            "metric": "rms_spot_um",
            "field": 2,
            "wavelength": 1,
            "key": "rms_spot_um|f=2|w=1",
            "unit": "um",
            "value": 30.02596696499574,
            "target": 0,
            "scale": 30,
            "weight": 1,
            "normalized_residual": 1.000865565499858,
            "weighted_residual": 0.3336218551666193
          },
          {
            "metric": "rms_spot_um",
            "field": 2,
            "wavelength": 2,
            "key": "rms_spot_um|f=2|w=2",
            "unit": "um",
            "value": 22.40009054008575,
            "target": 0,
            "scale": 30,
            "weight": 1,
            "normalized_residual": 0.746669684669525,
            "weighted_residual": 0.24888989488984165
          },
          {
            "metric": "rms_spot_um",
            "field": 2,
            "wavelength": 3,
            "key": "rms_spot_um|f=2|w=3",
            "unit": "um",
            "value": 42.223031454786195,
            "target": 0,
            "scale": 30,
            "weight": 1,
            "normalized_residual": 1.4074343818262065,
            "weighted_residual": 0.4691447939420688
          },
          {
            "metric": "rms_spot_um",
            "field": 3,
            "wavelength": 1,
            "key": "rms_spot_um|f=3|w=1",
            "unit": "um",
            "value": 68.89928907769439,
            "target": 0,
            "scale": 30,
            "weight": 1,
            "normalized_residual": 2.29664296925648,
            "weighted_residual": 0.7655476564188266
          },
          {
            "metric": "rms_spot_um",
            "field": 3,
            "wavelength": 2,
            "key": "rms_spot_um|f=3|w=2",
            "unit": "um",
            "value": 47.743345814867794,
            "target": 0,
            "scale": 30,
            "weight": 1,
            "normalized_residual": 1.591444860495593,
            "weighted_residual": 0.5304816201651976
          },
          {
            "metric": "rms_spot_um",
            "field": 3,
            "wavelength": 3,
            "key": "rms_spot_um|f=3|w=3",
            "unit": "um",
            "value": 36.58088781842066,
            "target": 0,
            "scale": 30,
            "weight": 1,
            "normalized_residual": 1.2193629272806887,
            "weighted_residual": 0.4064543090935629
          }
        ]
      },
      "objective_value": 1.3635996047499201
    },
    {
      "kind": "search",
      "parameters_mm": [
        52.0,
        47.5546875
      ],
      "inspection": {
        "engine": {
          "name": "OpticStudio",
          "version": "24.1.0",
          "zospy_version": "2.1.5",
          "pythonnet_version": "3.1.0",
          "license": "PremiumEdition"
        },
        "focus_mm": 47.5546875,
        "image_surface": 3,
        "surfaces": [
          {
            "index": 0,
            "is_image": false,
            "is_stop": false,
            "type": "Standard",
            "radius_mm": "Infinity",
            "thickness_mm": "Infinity",
            "material": "",
            "conic": 0.0,
            "coating": "",
            "tilts": [
              0.0,
              0.0,
              0.0,
              0.0,
              0.0,
              0.0,
              0.0,
              0.0,
              0.0,
              0.0
            ],
            "aperture": "None",
            "semi_diameter_solve": "Automatic",
            "asphere_coefficients": []
          },
          {
            "index": 1,
            "is_image": false,
            "is_stop": true,
            "type": "Standard",
            "radius_mm": 52.0,
            "thickness_mm": 5.0,
            "material": "N-BK7",
            "conic": 0.0,
            "coating": "",
            "tilts": [
              0.0,
              0.0,
              0.0,
              0.0,
              0.0,
              0.0,
              0.0,
              0.0,
              0.0,
              0.0
            ],
            "aperture": "None",
            "semi_diameter_solve": "Automatic",
            "asphere_coefficients": []
          },
          {
            "index": 2,
            "is_image": false,
            "is_stop": false,
            "type": "Standard",
            "radius_mm": -50.0,
            "thickness_mm": 47.5546875,
            "material": "",
            "conic": 0.0,
            "coating": "",
            "tilts": [
              0.0,
              0.0,
              0.0,
              0.0,
              0.0,
              0.0,
              0.0,
              0.0,
              0.0,
              0.0
            ],
            "aperture": "None",
            "semi_diameter_solve": "Automatic",
            "asphere_coefficients": []
          },
          {
            "index": 3,
            "is_image": true,
            "is_stop": false,
            "type": "Standard",
            "radius_mm": "Infinity",
            "thickness_mm": "Infinity",
            "material": "",
            "conic": 0.0,
            "coating": "",
            "tilts": [
              0.0,
              0.0,
              0.0,
              0.0,
              0.0,
              0.0,
              0.0,
              0.0,
              0.0,
              0.0
            ],
            "aperture": "None",
            "semi_diameter_solve": "Automatic",
            "asphere_coefficients": []
          }
        ],
        "invariants": {
          "surfaces": [
            {
              "index": 0,
              "is_image": false,
              "is_stop": false,
              "type": "Standard",
              "radius_mm": "Infinity",
              "thickness_mm": "Infinity",
              "material": "",
              "conic": 0.0,
              "coating": "",
              "tilts": [
                0.0,
                0.0,
                0.0,
                0.0,
                0.0,
                0.0,
                0.0,
                0.0,
                0.0,
                0.0
              ],
              "aperture": "None",
              "semi_diameter_solve": "Automatic",
              "asphere_coefficients": []
            },
            {
              "index": 1,
              "is_image": false,
              "is_stop": true,
              "type": "Standard",
              "radius_mm": 52.0,
              "thickness_mm": 5.0,
              "material": "N-BK7",
              "conic": 0.0,
              "coating": "",
              "tilts": [
                0.0,
                0.0,
                0.0,
                0.0,
                0.0,
                0.0,
                0.0,
                0.0,
                0.0,
                0.0
              ],
              "aperture": "None",
              "semi_diameter_solve": "Automatic",
              "asphere_coefficients": []
            },
            {
              "index": 2,
              "is_image": false,
              "is_stop": false,
              "type": "Standard",
              "radius_mm": -50.0,
              "material": "",
              "conic": 0.0,
              "coating": "",
              "tilts": [
                0.0,
                0.0,
                0.0,
                0.0,
                0.0,
                0.0,
                0.0,
                0.0,
                0.0,
                0.0
              ],
              "aperture": "None",
              "semi_diameter_solve": "Automatic",
              "asphere_coefficients": []
            },
            {
              "index": 3,
              "is_image": true,
              "is_stop": false,
              "type": "Standard",
              "radius_mm": "Infinity",
              "thickness_mm": "Infinity",
              "material": "",
              "conic": 0.0,
              "coating": "",
              "tilts": [
                0.0,
                0.0,
                0.0,
                0.0,
                0.0,
                0.0,
                0.0,
                0.0,
                0.0,
                0.0
              ],
              "aperture": "None",
              "semi_diameter_solve": "Automatic",
              "asphere_coefficients": []
            }
          ],
          "fields": [
            {
              "index": 1,
              "x_deg": 0.0,
              "y_deg": 0.0,
              "weight": 1.0
            },
            {
              "index": 2,
              "x_deg": 0.0,
              "y_deg": 3.0,
              "weight": 1.0
            },
            {
              "index": 3,
              "x_deg": 0.0,
              "y_deg": 6.0,
              "weight": 1.0
            }
          ],
          "wavelengths": [
            {
              "index": 1,
              "um": 0.4861327,
              "weight": 1.0,
              "primary": false
            },
            {
              "index": 2,
              "um": 0.55,
              "weight": 1.0,
              "primary": true
            },
            {
              "index": 3,
              "um": 0.6562725,
              "weight": 1.0,
              "primary": false
            }
          ],
          "aperture_type": "EntrancePupilDiameter",
          "aperture_mm": 10.0,
          "lens_units": "mm"
        },
        "limits": [
          "Sequential centered Standard conic/EvenAspheric refractive systems; fixed shape coefficients; angle fields; mm; EPD.",
          "Geometric centroid RMS spot and scalar FFT MTF are distinct metrics.",
          "A sparse pupil ray check detects gross failures; it is not a full vignetting analysis."
        ]
      },
      "measurements": [
        {
          "metric": "efl_mm",
          "unit": "mm",
          "value": 49.99615696660989,
          "settings": {
            "wavelength": 2,
            "wavelength_um": 0.55
          }
        },
        {
          "metric": "f_number",
          "unit": "1",
          "value": 4.999616,
          "settings": {
            "wavelength": 2,
            "wavelength_um": 0.55
          }
        },
        {
          "metric": "total_track_mm",
          "unit": "mm",
          "value": 52.55469
        },
        {
          "metric": "image_distance_mm",
          "unit": "mm",
          "value": 47.5546875
        },
        {
          "metric": "rms_spot_um",
          "field": 1,
          "wavelength": 1,
          "unit": "um",
          "value": 19.49294046330112,
          "settings": {
            "reference": "centroid",
            "ray_density": 8,
            "native_analysis": "StandardSpot",
            "ray_check_count": 17,
            "field": 1,
            "field_xy_deg": [
              0.0,
              0.0
            ],
            "wavelength": 1,
            "wavelength_um": 0.4861327,
            "spectral_mode": "monochromatic"
          }
        },
        {
          "metric": "rms_spot_um",
          "field": 1,
          "wavelength": 2,
          "unit": "um",
          "value": 22.11389293876596,
          "settings": {
            "reference": "centroid",
            "ray_density": 8,
            "native_analysis": "StandardSpot",
            "ray_check_count": 17,
            "field": 1,
            "field_xy_deg": [
              0.0,
              0.0
            ],
            "wavelength": 2,
            "wavelength_um": 0.55,
            "spectral_mode": "monochromatic"
          }
        },
        {
          "metric": "rms_spot_um",
          "field": 1,
          "wavelength": 3,
          "unit": "um",
          "value": 48.13636269560134,
          "settings": {
            "reference": "centroid",
            "ray_density": 8,
            "native_analysis": "StandardSpot",
            "ray_check_count": 17,
            "field": 1,
            "field_xy_deg": [
              0.0,
              0.0
            ],
            "wavelength": 3,
            "wavelength_um": 0.6562725,
            "spectral_mode": "monochromatic"
          }
        },
        {
          "metric": "rms_spot_um",
          "field": 2,
          "wavelength": 1,
          "unit": "um",
          "value": 32.21611082086574,
          "settings": {
            "reference": "centroid",
            "ray_density": 8,
            "native_analysis": "StandardSpot",
            "ray_check_count": 17,
            "field": 2,
            "field_xy_deg": [
              0.0,
              3.0
            ],
            "wavelength": 1,
            "wavelength_um": 0.4861327,
            "spectral_mode": "monochromatic"
          }
        },
        {
          "metric": "rms_spot_um",
          "field": 2,
          "wavelength": 2,
          "unit": "um",
          "value": 21.705862910914448,
          "settings": {
            "reference": "centroid",
            "ray_density": 8,
            "native_analysis": "StandardSpot",
            "ray_check_count": 17,
            "field": 2,
            "field_xy_deg": [
              0.0,
              3.0
            ],
            "wavelength": 2,
            "wavelength_um": 0.55,
            "spectral_mode": "monochromatic"
          }
        },
        {
          "metric": "rms_spot_um",
          "field": 2,
          "wavelength": 3,
          "unit": "um",
          "value": 39.66178824857782,
          "settings": {
            "reference": "centroid",
            "ray_density": 8,
            "native_analysis": "StandardSpot",
            "ray_check_count": 17,
            "field": 2,
            "field_xy_deg": [
              0.0,
              3.0
            ],
            "wavelength": 3,
            "wavelength_um": 0.6562725,
            "spectral_mode": "monochromatic"
          }
        },
        {
          "metric": "rms_spot_um",
          "field": 3,
          "wavelength": 1,
          "unit": "um",
          "value": 71.51154347236954,
          "settings": {
            "reference": "centroid",
            "ray_density": 8,
            "native_analysis": "StandardSpot",
            "ray_check_count": 17,
            "field": 3,
            "field_xy_deg": [
              0.0,
              6.0
            ],
            "wavelength": 1,
            "wavelength_um": 0.4861327,
            "spectral_mode": "monochromatic"
          }
        },
        {
          "metric": "rms_spot_um",
          "field": 3,
          "wavelength": 2,
          "unit": "um",
          "value": 49.743280648834656,
          "settings": {
            "reference": "centroid",
            "ray_density": 8,
            "native_analysis": "StandardSpot",
            "ray_check_count": 17,
            "field": 3,
            "field_xy_deg": [
              0.0,
              6.0
            ],
            "wavelength": 2,
            "wavelength_um": 0.55,
            "spectral_mode": "monochromatic"
          }
        },
        {
          "metric": "rms_spot_um",
          "field": 3,
          "wavelength": 3,
          "unit": "um",
          "value": 36.725335292171465,
          "settings": {
            "reference": "centroid",
            "ray_density": 8,
            "native_analysis": "StandardSpot",
            "ray_check_count": 17,
            "field": 3,
            "field_xy_deg": [
              0.0,
              6.0
            ],
            "wavelength": 3,
            "wavelength_um": 0.6562725,
            "spectral_mode": "monochromatic"
          }
        }
      ],
      "assessment": {
        "passes": true,
        "requirements": [
          {
            "id": "focal-length",
            "key": "efl_mm",
            "requirement": {
              "id": "focal-length",
              "metric": "efl_mm",
              "unit": "mm",
              "min": 48,
              "max": 52
            },
            "status": "pass",
            "value": 49.99615696660989,
            "unit": "mm"
          },
          {
            "id": "track",
            "key": "total_track_mm",
            "requirement": {
              "id": "track",
              "metric": "total_track_mm",
              "unit": "mm",
              "max": 65
            },
            "status": "pass",
            "value": 52.55469,
            "unit": "mm"
          },
          {
            "id": "spot-1-1",
            "key": "rms_spot_um|f=1|w=1",
            "requirement": {
              "metric": "rms_spot_um",
              "field": 1,
              "wavelength": 1,
              "unit": "um",
              "id": "spot-1-1",
              "max": 120
            },
            "status": "pass",
            "value": 19.49294046330112,
            "unit": "um"
          },
          {
            "id": "spot-1-2",
            "key": "rms_spot_um|f=1|w=2",
            "requirement": {
              "metric": "rms_spot_um",
              "field": 1,
              "wavelength": 2,
              "unit": "um",
              "id": "spot-1-2",
              "max": 120
            },
            "status": "pass",
            "value": 22.11389293876596,
            "unit": "um"
          },
          {
            "id": "spot-1-3",
            "key": "rms_spot_um|f=1|w=3",
            "requirement": {
              "metric": "rms_spot_um",
              "field": 1,
              "wavelength": 3,
              "unit": "um",
              "id": "spot-1-3",
              "max": 120
            },
            "status": "pass",
            "value": 48.13636269560134,
            "unit": "um"
          },
          {
            "id": "spot-2-1",
            "key": "rms_spot_um|f=2|w=1",
            "requirement": {
              "metric": "rms_spot_um",
              "field": 2,
              "wavelength": 1,
              "unit": "um",
              "id": "spot-2-1",
              "max": 120
            },
            "status": "pass",
            "value": 32.21611082086574,
            "unit": "um"
          },
          {
            "id": "spot-2-2",
            "key": "rms_spot_um|f=2|w=2",
            "requirement": {
              "metric": "rms_spot_um",
              "field": 2,
              "wavelength": 2,
              "unit": "um",
              "id": "spot-2-2",
              "max": 120
            },
            "status": "pass",
            "value": 21.705862910914448,
            "unit": "um"
          },
          {
            "id": "spot-2-3",
            "key": "rms_spot_um|f=2|w=3",
            "requirement": {
              "metric": "rms_spot_um",
              "field": 2,
              "wavelength": 3,
              "unit": "um",
              "id": "spot-2-3",
              "max": 120
            },
            "status": "pass",
            "value": 39.66178824857782,
            "unit": "um"
          },
          {
            "id": "spot-3-1",
            "key": "rms_spot_um|f=3|w=1",
            "requirement": {
              "metric": "rms_spot_um",
              "field": 3,
              "wavelength": 1,
              "unit": "um",
              "id": "spot-3-1",
              "max": 120
            },
            "status": "pass",
            "value": 71.51154347236954,
            "unit": "um"
          },
          {
            "id": "spot-3-2",
            "key": "rms_spot_um|f=3|w=2",
            "requirement": {
              "metric": "rms_spot_um",
              "field": 3,
              "wavelength": 2,
              "unit": "um",
              "id": "spot-3-2",
              "max": 120
            },
            "status": "pass",
            "value": 49.743280648834656,
            "unit": "um"
          },
          {
            "id": "spot-3-3",
            "key": "rms_spot_um|f=3|w=3",
            "requirement": {
              "metric": "rms_spot_um",
              "field": 3,
              "wavelength": 3,
              "unit": "um",
              "id": "spot-3-3",
              "max": 120
            },
            "status": "pass",
            "value": 36.725335292171465,
            "unit": "um"
          }
        ]
      },
      "objective_breakdown": {
        "aggregation": "weighted_rms",
        "direction": "minimize",
        "value": 1.3701055741249981,
        "unit": "1",
        "terms": [
          {
            "metric": "rms_spot_um",
            "field": 1,
            "wavelength": 1,
            "key": "rms_spot_um|f=1|w=1",
            "unit": "um",
            "value": 19.49294046330112,
            "target": 0,
            "scale": 30,
            "weight": 1,
            "normalized_residual": 0.6497646821100374,
            "weighted_residual": 0.21658822737001243
          },
          {
            "metric": "rms_spot_um",
            "field": 1,
            "wavelength": 2,
            "key": "rms_spot_um|f=1|w=2",
            "unit": "um",
            "value": 22.11389293876596,
            "target": 0,
            "scale": 30,
            "weight": 1,
            "normalized_residual": 0.737129764625532,
            "weighted_residual": 0.245709921541844
          },
          {
            "metric": "rms_spot_um",
            "field": 1,
            "wavelength": 3,
            "key": "rms_spot_um|f=1|w=3",
            "unit": "um",
            "value": 48.13636269560134,
            "target": 0,
            "scale": 30,
            "weight": 1,
            "normalized_residual": 1.6045454231867113,
            "weighted_residual": 0.5348484743955704
          },
          {
            "metric": "rms_spot_um",
            "field": 2,
            "wavelength": 1,
            "key": "rms_spot_um|f=2|w=1",
            "unit": "um",
            "value": 32.21611082086574,
            "target": 0,
            "scale": 30,
            "weight": 1,
            "normalized_residual": 1.0738703606955247,
            "weighted_residual": 0.3579567868985082
          },
          {
            "metric": "rms_spot_um",
            "field": 2,
            "wavelength": 2,
            "key": "rms_spot_um|f=2|w=2",
            "unit": "um",
            "value": 21.705862910914448,
            "target": 0,
            "scale": 30,
            "weight": 1,
            "normalized_residual": 0.7235287636971482,
            "weighted_residual": 0.24117625456571606
          },
          {
            "metric": "rms_spot_um",
            "field": 2,
            "wavelength": 3,
            "key": "rms_spot_um|f=2|w=3",
            "unit": "um",
            "value": 39.66178824857782,
            "target": 0,
            "scale": 30,
            "weight": 1,
            "normalized_residual": 1.3220596082859273,
            "weighted_residual": 0.44068653609530906
          },
          {
            "metric": "rms_spot_um",
            "field": 3,
            "wavelength": 1,
            "key": "rms_spot_um|f=3|w=1",
            "unit": "um",
            "value": 71.51154347236954,
            "target": 0,
            "scale": 30,
            "weight": 1,
            "normalized_residual": 2.3837181157456513,
            "weighted_residual": 0.7945727052485504
          },
          {
            "metric": "rms_spot_um",
            "field": 3,
            "wavelength": 2,
            "key": "rms_spot_um|f=3|w=2",
            "unit": "um",
            "value": 49.743280648834656,
            "target": 0,
            "scale": 30,
            "weight": 1,
            "normalized_residual": 1.6581093549611552,
            "weighted_residual": 0.552703118320385
          },
          {
            "metric": "rms_spot_um",
            "field": 3,
            "wavelength": 3,
            "key": "rms_spot_um|f=3|w=3",
            "unit": "um",
            "value": 36.725335292171465,
            "target": 0,
            "scale": 30,
            "weight": 1,
            "normalized_residual": 1.2241778430723822,
            "weighted_residual": 0.40805928102412736
          }
        ]
      },
      "objective_value": 1.3701055741249981
    },
    {
      "kind": "search",
      "parameters_mm": [
        52.0,
        47.4453125
      ],
      "inspection": {
        "engine": {
          "name": "OpticStudio",
          "version": "24.1.0",
          "zospy_version": "2.1.5",
          "pythonnet_version": "3.1.0",
          "license": "PremiumEdition"
        },
        "focus_mm": 47.4453125,
        "image_surface": 3,
        "surfaces": [
          {
            "index": 0,
            "is_image": false,
            "is_stop": false,
            "type": "Standard",
            "radius_mm": "Infinity",
            "thickness_mm": "Infinity",
            "material": "",
            "conic": 0.0,
            "coating": "",
            "tilts": [
              0.0,
              0.0,
              0.0,
              0.0,
              0.0,
              0.0,
              0.0,
              0.0,
              0.0,
              0.0
            ],
            "aperture": "None",
            "semi_diameter_solve": "Automatic",
            "asphere_coefficients": []
          },
          {
            "index": 1,
            "is_image": false,
            "is_stop": true,
            "type": "Standard",
            "radius_mm": 52.0,
            "thickness_mm": 5.0,
            "material": "N-BK7",
            "conic": 0.0,
            "coating": "",
            "tilts": [
              0.0,
              0.0,
              0.0,
              0.0,
              0.0,
              0.0,
              0.0,
              0.0,
              0.0,
              0.0
            ],
            "aperture": "None",
            "semi_diameter_solve": "Automatic",
            "asphere_coefficients": []
          },
          {
            "index": 2,
            "is_image": false,
            "is_stop": false,
            "type": "Standard",
            "radius_mm": -50.0,
            "thickness_mm": 47.4453125,
            "material": "",
            "conic": 0.0,
            "coating": "",
            "tilts": [
              0.0,
              0.0,
              0.0,
              0.0,
              0.0,
              0.0,
              0.0,
              0.0,
              0.0,
              0.0
            ],
            "aperture": "None",
            "semi_diameter_solve": "Automatic",
            "asphere_coefficients": []
          },
          {
            "index": 3,
            "is_image": true,
            "is_stop": false,
            "type": "Standard",
            "radius_mm": "Infinity",
            "thickness_mm": "Infinity",
            "material": "",
            "conic": 0.0,
            "coating": "",
            "tilts": [
              0.0,
              0.0,
              0.0,
              0.0,
              0.0,
              0.0,
              0.0,
              0.0,
              0.0,
              0.0
            ],
            "aperture": "None",
            "semi_diameter_solve": "Automatic",
            "asphere_coefficients": []
          }
        ],
        "invariants": {
          "surfaces": [
            {
              "index": 0,
              "is_image": false,
              "is_stop": false,
              "type": "Standard",
              "radius_mm": "Infinity",
              "thickness_mm": "Infinity",
              "material": "",
              "conic": 0.0,
              "coating": "",
              "tilts": [
                0.0,
                0.0,
                0.0,
                0.0,
                0.0,
                0.0,
                0.0,
                0.0,
                0.0,
                0.0
              ],
              "aperture": "None",
              "semi_diameter_solve": "Automatic",
              "asphere_coefficients": []
            },
            {
              "index": 1,
              "is_image": false,
              "is_stop": true,
              "type": "Standard",
              "radius_mm": 52.0,
              "thickness_mm": 5.0,
              "material": "N-BK7",
              "conic": 0.0,
              "coating": "",
              "tilts": [
                0.0,
                0.0,
                0.0,
                0.0,
                0.0,
                0.0,
                0.0,
                0.0,
                0.0,
                0.0
              ],
              "aperture": "None",
              "semi_diameter_solve": "Automatic",
              "asphere_coefficients": []
            },
            {
              "index": 2,
              "is_image": false,
              "is_stop": false,
              "type": "Standard",
              "radius_mm": -50.0,
              "material": "",
              "conic": 0.0,
              "coating": "",
              "tilts": [
                0.0,
                0.0,
                0.0,
                0.0,
                0.0,
                0.0,
                0.0,
                0.0,
                0.0,
                0.0
              ],
              "aperture": "None",
              "semi_diameter_solve": "Automatic",
              "asphere_coefficients": []
            },
            {
              "index": 3,
              "is_image": true,
              "is_stop": false,
              "type": "Standard",
              "radius_mm": "Infinity",
              "thickness_mm": "Infinity",
              "material": "",
              "conic": 0.0,
              "coating": "",
              "tilts": [
                0.0,
                0.0,
                0.0,
                0.0,
                0.0,
                0.0,
                0.0,
                0.0,
                0.0,
                0.0
              ],
              "aperture": "None",
              "semi_diameter_solve": "Automatic",
              "asphere_coefficients": []
            }
          ],
          "fields": [
            {
              "index": 1,
              "x_deg": 0.0,
              "y_deg": 0.0,
              "weight": 1.0
            },
            {
              "index": 2,
              "x_deg": 0.0,
              "y_deg": 3.0,
              "weight": 1.0
            },
            {
              "index": 3,
              "x_deg": 0.0,
              "y_deg": 6.0,
              "weight": 1.0
            }
          ],
          "wavelengths": [
            {
              "index": 1,
              "um": 0.4861327,
              "weight": 1.0,
              "primary": false
            },
            {
              "index": 2,
              "um": 0.55,
              "weight": 1.0,
              "primary": true
            },
            {
              "index": 3,
              "um": 0.6562725,
              "weight": 1.0,
              "primary": false
            }
          ],
          "aperture_type": "EntrancePupilDiameter",
          "aperture_mm": 10.0,
          "lens_units": "mm"
        },
        "limits": [
          "Sequential centered Standard conic/EvenAspheric refractive systems; fixed shape coefficients; angle fields; mm; EPD.",
          "Geometric centroid RMS spot and scalar FFT MTF are distinct metrics.",
          "A sparse pupil ray check detects gross failures; it is not a full vignetting analysis."
        ]
      },
      "measurements": [
        {
          "metric": "efl_mm",
          "unit": "mm",
          "value": 49.99615696660989,
          "settings": {
            "wavelength": 2,
            "wavelength_um": 0.55
          }
        },
        {
          "metric": "f_number",
          "unit": "1",
          "value": 4.999616,
          "settings": {
            "wavelength": 2,
            "wavelength_um": 0.55
          }
        },
        {
          "metric": "total_track_mm",
          "unit": "mm",
          "value": 52.44531
        },
        {
          "metric": "image_distance_mm",
          "unit": "mm",
          "value": 47.4453125
        },
        {
          "metric": "rms_spot_um",
          "field": 1,
          "wavelength": 1,
          "unit": "um",
          "value": 15.982391624221547,
          "settings": {
            "reference": "centroid",
            "ray_density": 8,
            "native_analysis": "StandardSpot",
            "ray_check_count": 17,
            "field": 1,
            "field_xy_deg": [
              0.0,
              0.0
            ],
            "wavelength": 1,
            "wavelength_um": 0.4861327,
            "spectral_mode": "monochromatic"
          }
        },
        {
          "metric": "rms_spot_um",
          "field": 1,
          "wavelength": 2,
          "unit": "um",
          "value": 28.60553883507854,
          "settings": {
            "reference": "centroid",
            "ray_density": 8,
            "native_analysis": "StandardSpot",
            "ray_check_count": 17,
            "field": 1,
            "field_xy_deg": [
              0.0,
              0.0
            ],
            "wavelength": 2,
            "wavelength_um": 0.55,
            "spectral_mode": "monochromatic"
          }
        },
        {
          "metric": "rms_spot_um",
          "field": 1,
          "wavelength": 3,
          "unit": "um",
          "value": 55.97537599980257,
          "settings": {
            "reference": "centroid",
            "ray_density": 8,
            "native_analysis": "StandardSpot",
            "ray_check_count": 17,
            "field": 1,
            "field_xy_deg": [
              0.0,
              0.0
            ],
            "wavelength": 3,
            "wavelength_um": 0.6562725,
            "spectral_mode": "monochromatic"
          }
        },
        {
          "metric": "rms_spot_um",
          "field": 2,
          "wavelength": 1,
          "unit": "um",
          "value": 26.598532124121984,
          "settings": {
            "reference": "centroid",
            "ray_density": 8,
            "native_analysis": "StandardSpot",
            "ray_check_count": 17,
            "field": 2,
            "field_xy_deg": [
              0.0,
              3.0
            ],
            "wavelength": 1,
            "wavelength_um": 0.4861327,
            "spectral_mode": "monochromatic"
          }
        },
        {
          "metric": "rms_spot_um",
          "field": 2,
          "wavelength": 2,
          "unit": "um",
          "value": 24.473076714071507,
          "settings": {
            "reference": "centroid",
            "ray_density": 8,
            "native_analysis": "StandardSpot",
            "ray_check_count": 17,
            "field": 2,
            "field_xy_deg": [
              0.0,
              3.0
            ],
            "wavelength": 2,
            "wavelength_um": 0.55,
            "spectral_mode": "monochromatic"
          }
        },
        {
          "metric": "rms_spot_um",
          "field": 2,
          "wavelength": 3,
          "unit": "um",
          "value": 46.82377571075741,
          "settings": {
            "reference": "centroid",
            "ray_density": 8,
            "native_analysis": "StandardSpot",
            "ray_check_count": 17,
            "field": 2,
            "field_xy_deg": [
              0.0,
              3.0
            ],
            "wavelength": 3,
            "wavelength_um": 0.6562725,
            "spectral_mode": "monochromatic"
          }
        },
        {
          "metric": "rms_spot_um",
          "field": 3,
          "wavelength": 1,
          "unit": "um",
          "value": 64.4303474486249,
          "settings": {
            "reference": "centroid",
            "ray_density": 8,
            "native_analysis": "StandardSpot",
            "ray_check_count": 17,
            "field": 3,
            "field_xy_deg": [
              0.0,
              6.0
            ],
            "wavelength": 1,
            "wavelength_um": 0.4861327,
            "spectral_mode": "monochromatic"
          }
        },
        {
          "metric": "rms_spot_um",
          "field": 3,
          "wavelength": 2,
          "unit": "um",
          "value": 44.534950139958006,
          "settings": {
            "reference": "centroid",
            "ray_density": 8,
            "native_analysis": "StandardSpot",
            "ray_check_count": 17,
            "field": 3,
            "field_xy_deg": [
              0.0,
              6.0
            ],
            "wavelength": 2,
            "wavelength_um": 0.55,
            "spectral_mode": "monochromatic"
          }
        },
        {
          "metric": "rms_spot_um",
          "field": 3,
          "wavelength": 3,
          "unit": "um",
          "value": 36.92993668158852,
          "settings": {
            "reference": "centroid",
            "ray_density": 8,
            "native_analysis": "StandardSpot",
            "ray_check_count": 17,
            "field": 3,
            "field_xy_deg": [
              0.0,
              6.0
            ],
            "wavelength": 3,
            "wavelength_um": 0.6562725,
            "spectral_mode": "monochromatic"
          }
        }
      ],
      "assessment": {
        "passes": true,
        "requirements": [
          {
            "id": "focal-length",
            "key": "efl_mm",
            "requirement": {
              "id": "focal-length",
              "metric": "efl_mm",
              "unit": "mm",
              "min": 48,
              "max": 52
            },
            "status": "pass",
            "value": 49.99615696660989,
            "unit": "mm"
          },
          {
            "id": "track",
            "key": "total_track_mm",
            "requirement": {
              "id": "track",
              "metric": "total_track_mm",
              "unit": "mm",
              "max": 65
            },
            "status": "pass",
            "value": 52.44531,
            "unit": "mm"
          },
          {
            "id": "spot-1-1",
            "key": "rms_spot_um|f=1|w=1",
            "requirement": {
              "metric": "rms_spot_um",
              "field": 1,
              "wavelength": 1,
              "unit": "um",
              "id": "spot-1-1",
              "max": 120
            },
            "status": "pass",
            "value": 15.982391624221547,
            "unit": "um"
          },
          {
            "id": "spot-1-2",
            "key": "rms_spot_um|f=1|w=2",
            "requirement": {
              "metric": "rms_spot_um",
              "field": 1,
              "wavelength": 2,
              "unit": "um",
              "id": "spot-1-2",
              "max": 120
            },
            "status": "pass",
            "value": 28.60553883507854,
            "unit": "um"
          },
          {
            "id": "spot-1-3",
            "key": "rms_spot_um|f=1|w=3",
            "requirement": {
              "metric": "rms_spot_um",
              "field": 1,
              "wavelength": 3,
              "unit": "um",
              "id": "spot-1-3",
              "max": 120
            },
            "status": "pass",
            "value": 55.97537599980257,
            "unit": "um"
          },
          {
            "id": "spot-2-1",
            "key": "rms_spot_um|f=2|w=1",
            "requirement": {
              "metric": "rms_spot_um",
              "field": 2,
              "wavelength": 1,
              "unit": "um",
              "id": "spot-2-1",
              "max": 120
            },
            "status": "pass",
            "value": 26.598532124121984,
            "unit": "um"
          },
          {
            "id": "spot-2-2",
            "key": "rms_spot_um|f=2|w=2",
            "requirement": {
              "metric": "rms_spot_um",
              "field": 2,
              "wavelength": 2,
              "unit": "um",
              "id": "spot-2-2",
              "max": 120
            },
            "status": "pass",
            "value": 24.473076714071507,
            "unit": "um"
          },
          {
            "id": "spot-2-3",
            "key": "rms_spot_um|f=2|w=3",
            "requirement": {
              "metric": "rms_spot_um",
              "field": 2,
              "wavelength": 3,
              "unit": "um",
              "id": "spot-2-3",
              "max": 120
            },
            "status": "pass",
            "value": 46.82377571075741,
            "unit": "um"
          },
          {
            "id": "spot-3-1",
            "key": "rms_spot_um|f=3|w=1",
            "requirement": {
              "metric": "rms_spot_um",
              "field": 3,
              "wavelength": 1,
              "unit": "um",
              "id": "spot-3-1",
              "max": 120
            },
            "status": "pass",
            "value": 64.4303474486249,
            "unit": "um"
          },
          {
            "id": "spot-3-2",
            "key": "rms_spot_um|f=3|w=2",
            "requirement": {
              "metric": "rms_spot_um",
              "field": 3,
              "wavelength": 2,
              "unit": "um",
              "id": "spot-3-2",
              "max": 120
            },
            "status": "pass",
            "value": 44.534950139958006,
            "unit": "um"
          },
          {
            "id": "spot-3-3",
            "key": "rms_spot_um|f=3|w=3",
            "requirement": {
              "metric": "rms_spot_um",
              "field": 3,
              "wavelength": 3,
              "unit": "um",
              "id": "spot-3-3",
              "max": 120
            },
            "status": "pass",
            "value": 36.92993668158852,
            "unit": "um"
          }
        ]
      },
      "objective_breakdown": {
        "aggregation": "weighted_rms",
        "direction": "minimize",
        "value": 1.3700629641673159,
        "unit": "1",
        "terms": [
          {
            "metric": "rms_spot_um",
            "field": 1,
            "wavelength": 1,
            "key": "rms_spot_um|f=1|w=1",
            "unit": "um",
            "value": 15.982391624221547,
            "target": 0,
            "scale": 30,
            "weight": 1,
            "normalized_residual": 0.5327463874740516,
            "weighted_residual": 0.1775821291580172
          },
          {
            "metric": "rms_spot_um",
            "field": 1,
            "wavelength": 2,
            "key": "rms_spot_um|f=1|w=2",
            "unit": "um",
            "value": 28.60553883507854,
            "target": 0,
            "scale": 30,
            "weight": 1,
            "normalized_residual": 0.9535179611692847,
            "weighted_residual": 0.31783932038976154
          },
          {
            "metric": "rms_spot_um",
            "field": 1,
            "wavelength": 3,
            "key": "rms_spot_um|f=1|w=3",
            "unit": "um",
            "value": 55.97537599980257,
            "target": 0,
            "scale": 30,
            "weight": 1,
            "normalized_residual": 1.8658458666600857,
            "weighted_residual": 0.6219486222200286
          },
          {
            "metric": "rms_spot_um",
            "field": 2,
            "wavelength": 1,
            "key": "rms_spot_um|f=2|w=1",
            "unit": "um",
            "value": 26.598532124121984,
            "target": 0,
            "scale": 30,
            "weight": 1,
            "normalized_residual": 0.8866177374707328,
            "weighted_residual": 0.2955392458235776
          },
          {
            "metric": "rms_spot_um",
            "field": 2,
            "wavelength": 2,
            "key": "rms_spot_um|f=2|w=2",
            "unit": "um",
            "value": 24.473076714071507,
            "target": 0,
            "scale": 30,
            "weight": 1,
            "normalized_residual": 0.8157692238023836,
            "weighted_residual": 0.2719230746007945
          },
          {
            "metric": "rms_spot_um",
            "field": 2,
            "wavelength": 3,
            "key": "rms_spot_um|f=2|w=3",
            "unit": "um",
            "value": 46.82377571075741,
            "target": 0,
            "scale": 30,
            "weight": 1,
            "normalized_residual": 1.5607925236919136,
            "weighted_residual": 0.5202641745639711
          },
          {
            "metric": "rms_spot_um",
            "field": 3,
            "wavelength": 1,
            "key": "rms_spot_um|f=3|w=1",
            "unit": "um",
            "value": 64.4303474486249,
            "target": 0,
            "scale": 30,
            "weight": 1,
            "normalized_residual": 2.1476782482874968,
            "weighted_residual": 0.7158927494291656
          },
          {
            "metric": "rms_spot_um",
            "field": 3,
            "wavelength": 2,
            "key": "rms_spot_um|f=3|w=2",
            "unit": "um",
            "value": 44.534950139958006,
            "target": 0,
            "scale": 30,
            "weight": 1,
            "normalized_residual": 1.4844983379986003,
            "weighted_residual": 0.49483277933286673
          },
          {
            "metric": "rms_spot_um",
            "field": 3,
            "wavelength": 3,
            "key": "rms_spot_um|f=3|w=3",
            "unit": "um",
            "value": 36.92993668158852,
            "target": 0,
            "scale": 30,
            "weight": 1,
            "normalized_residual": 1.230997889386284,
            "weighted_residual": 0.410332629795428
          }
        ]
      },
      "objective_value": 1.3700629641673159
    },
    {
      "kind": "search",
      "parameters_mm": [
        51.984375,
        47.5
      ],
      "inspection": {
        "engine": {
          "name": "OpticStudio",
          "version": "24.1.0",
          "zospy_version": "2.1.5",
          "pythonnet_version": "3.1.0",
          "license": "PremiumEdition"
        },
        "focus_mm": 47.5,
        "image_surface": 3,
        "surfaces": [
          {
            "index": 0,
            "is_image": false,
            "is_stop": false,
            "type": "Standard",
            "radius_mm": "Infinity",
            "thickness_mm": "Infinity",
            "material": "",
            "conic": 0.0,
            "coating": "",
            "tilts": [
              0.0,
              0.0,
              0.0,
              0.0,
              0.0,
              0.0,
              0.0,
              0.0,
              0.0,
              0.0
            ],
            "aperture": "None",
            "semi_diameter_solve": "Automatic",
            "asphere_coefficients": []
          },
          {
            "index": 1,
            "is_image": false,
            "is_stop": true,
            "type": "Standard",
            "radius_mm": 51.984375,
            "thickness_mm": 5.0,
            "material": "N-BK7",
            "conic": 0.0,
            "coating": "",
            "tilts": [
              0.0,
              0.0,
              0.0,
              0.0,
              0.0,
              0.0,
              0.0,
              0.0,
              0.0,
              0.0
            ],
            "aperture": "None",
            "semi_diameter_solve": "Automatic",
            "asphere_coefficients": []
          },
          {
            "index": 2,
            "is_image": false,
            "is_stop": false,
            "type": "Standard",
            "radius_mm": -50.0,
            "thickness_mm": 47.5,
            "material": "",
            "conic": 0.0,
            "coating": "",
            "tilts": [
              0.0,
              0.0,
              0.0,
              0.0,
              0.0,
              0.0,
              0.0,
              0.0,
              0.0,
              0.0
            ],
            "aperture": "None",
            "semi_diameter_solve": "Automatic",
            "asphere_coefficients": []
          },
          {
            "index": 3,
            "is_image": true,
            "is_stop": false,
            "type": "Standard",
            "radius_mm": "Infinity",
            "thickness_mm": "Infinity",
            "material": "",
            "conic": 0.0,
            "coating": "",
            "tilts": [
              0.0,
              0.0,
              0.0,
              0.0,
              0.0,
              0.0,
              0.0,
              0.0,
              0.0,
              0.0
            ],
            "aperture": "None",
            "semi_diameter_solve": "Automatic",
            "asphere_coefficients": []
          }
        ],
        "invariants": {
          "surfaces": [
            {
              "index": 0,
              "is_image": false,
              "is_stop": false,
              "type": "Standard",
              "radius_mm": "Infinity",
              "thickness_mm": "Infinity",
              "material": "",
              "conic": 0.0,
              "coating": "",
              "tilts": [
                0.0,
                0.0,
                0.0,
                0.0,
                0.0,
                0.0,
                0.0,
                0.0,
                0.0,
                0.0
              ],
              "aperture": "None",
              "semi_diameter_solve": "Automatic",
              "asphere_coefficients": []
            },
            {
              "index": 1,
              "is_image": false,
              "is_stop": true,
              "type": "Standard",
              "radius_mm": 51.984375,
              "thickness_mm": 5.0,
              "material": "N-BK7",
              "conic": 0.0,
              "coating": "",
              "tilts": [
                0.0,
                0.0,
                0.0,
                0.0,
                0.0,
                0.0,
                0.0,
                0.0,
                0.0,
                0.0
              ],
              "aperture": "None",
              "semi_diameter_solve": "Automatic",
              "asphere_coefficients": []
            },
            {
              "index": 2,
              "is_image": false,
              "is_stop": false,
              "type": "Standard",
              "radius_mm": -50.0,
              "material": "",
              "conic": 0.0,
              "coating": "",
              "tilts": [
                0.0,
                0.0,
                0.0,
                0.0,
                0.0,
                0.0,
                0.0,
                0.0,
                0.0,
                0.0
              ],
              "aperture": "None",
              "semi_diameter_solve": "Automatic",
              "asphere_coefficients": []
            },
            {
              "index": 3,
              "is_image": true,
              "is_stop": false,
              "type": "Standard",
              "radius_mm": "Infinity",
              "thickness_mm": "Infinity",
              "material": "",
              "conic": 0.0,
              "coating": "",
              "tilts": [
                0.0,
                0.0,
                0.0,
                0.0,
                0.0,
                0.0,
                0.0,
                0.0,
                0.0,
                0.0
              ],
              "aperture": "None",
              "semi_diameter_solve": "Automatic",
              "asphere_coefficients": []
            }
          ],
          "fields": [
            {
              "index": 1,
              "x_deg": 0.0,
              "y_deg": 0.0,
              "weight": 1.0
            },
            {
              "index": 2,
              "x_deg": 0.0,
              "y_deg": 3.0,
              "weight": 1.0
            },
            {
              "index": 3,
              "x_deg": 0.0,
              "y_deg": 6.0,
              "weight": 1.0
            }
          ],
          "wavelengths": [
            {
              "index": 1,
              "um": 0.4861327,
              "weight": 1.0,
              "primary": false
            },
            {
              "index": 2,
              "um": 0.55,
              "weight": 1.0,
              "primary": true
            },
            {
              "index": 3,
              "um": 0.6562725,
              "weight": 1.0,
              "primary": false
            }
          ],
          "aperture_type": "EntrancePupilDiameter",
          "aperture_mm": 10.0,
          "lens_units": "mm"
        },
        "limits": [
          "Sequential centered Standard conic/EvenAspheric refractive systems; fixed shape coefficients; angle fields; mm; EPD.",
          "Geometric centroid RMS spot and scalar FFT MTF are distinct metrics.",
          "A sparse pupil ray check detects gross failures; it is not a full vignetting analysis."
        ]
      },
      "measurements": [
        {
          "metric": "efl_mm",
          "unit": "mm",
          "value": 49.98892205855593,
          "settings": {
            "wavelength": 2,
            "wavelength_um": 0.55
          }
        },
        {
          "metric": "f_number",
          "unit": "1",
          "value": 4.998892,
          "settings": {
            "wavelength": 2,
            "wavelength_um": 0.55
          }
        },
        {
          "metric": "total_track_mm",
          "unit": "mm",
          "value": 52.5
        },
        {
          "metric": "image_distance_mm",
          "unit": "mm",
          "value": 47.5
        },
        {
          "metric": "rms_spot_um",
          "field": 1,
          "wavelength": 1,
          "unit": "um",
          "value": 17.583912005485463,
          "settings": {
            "reference": "centroid",
            "ray_density": 8,
            "native_analysis": "StandardSpot",
            "ray_check_count": 17,
            "field": 1,
            "field_xy_deg": [
              0.0,
              0.0
            ],
            "wavelength": 1,
            "wavelength_um": 0.4861327,
            "spectral_mode": "monochromatic"
          }
        },
        {
          "metric": "rms_spot_um",
          "field": 1,
          "wavelength": 2,
          "unit": "um",
          "value": 24.789166253890315,
          "settings": {
            "reference": "centroid",
            "ray_density": 8,
            "native_analysis": "StandardSpot",
            "ray_check_count": 17,
            "field": 1,
            "field_xy_deg": [
              0.0,
              0.0
            ],
            "wavelength": 2,
            "wavelength_um": 0.55,
            "spectral_mode": "monochromatic"
          }
        },
        {
          "metric": "rms_spot_um",
          "field": 1,
          "wavelength": 3,
          "unit": "um",
          "value": 51.50875784209247,
          "settings": {
            "reference": "centroid",
            "ray_density": 8,
            "native_analysis": "StandardSpot",
            "ray_check_count": 17,
            "field": 1,
            "field_xy_deg": [
              0.0,
              0.0
            ],
            "wavelength": 3,
            "wavelength_um": 0.6562725,
            "spectral_mode": "monochromatic"
          }
        },
        {
          "metric": "rms_spot_um",
          "field": 2,
          "wavelength": 1,
          "unit": "um",
          "value": 29.631787812556155,
          "settings": {
            "reference": "centroid",
            "ray_density": 8,
            "native_analysis": "StandardSpot",
            "ray_check_count": 17,
            "field": 2,
            "field_xy_deg": [
              0.0,
              3.0
            ],
            "wavelength": 1,
            "wavelength_um": 0.4861327,
            "spectral_mode": "monochromatic"
          }
        },
        {
          "metric": "rms_spot_um",
          "field": 2,
          "wavelength": 2,
          "unit": "um",
          "value": 22.5713821404768,
          "settings": {
            "reference": "centroid",
            "ray_density": 8,
            "native_analysis": "StandardSpot",
            "ray_check_count": 17,
            "field": 2,
            "field_xy_deg": [
              0.0,
              3.0
            ],
            "wavelength": 2,
            "wavelength_um": 0.55,
            "spectral_mode": "monochromatic"
          }
        },
        {
          "metric": "rms_spot_um",
          "field": 2,
          "wavelength": 3,
          "unit": "um",
          "value": 42.70823729479677,
          "settings": {
            "reference": "centroid",
            "ray_density": 8,
            "native_analysis": "StandardSpot",
            "ray_check_count": 17,
            "field": 2,
            "field_xy_deg": [
              0.0,
              3.0
            ],
            "wavelength": 3,
            "wavelength_um": 0.6562725,
            "spectral_mode": "monochromatic"
          }
        },
        {
          "metric": "rms_spot_um",
          "field": 3,
          "wavelength": 1,
          "unit": "um",
          "value": 68.41473300574803,
          "settings": {
            "reference": "centroid",
            "ray_density": 8,
            "native_analysis": "StandardSpot",
            "ray_check_count": 17,
            "field": 3,
            "field_xy_deg": [
              0.0,
              6.0
            ],
            "wavelength": 1,
            "wavelength_um": 0.4861327,
            "spectral_mode": "monochromatic"
          }
        },
        {
          "metric": "rms_spot_um",
          "field": 3,
          "wavelength": 2,
          "unit": "um",
          "value": 47.38169556490875,
          "settings": {
            "reference": "centroid",
            "ray_density": 8,
            "native_analysis": "StandardSpot",
            "ray_check_count": 17,
            "field": 3,
            "field_xy_deg": [
              0.0,
              6.0
            ],
            "wavelength": 2,
            "wavelength_um": 0.55,
            "spectral_mode": "monochromatic"
          }
        },
        {
          "metric": "rms_spot_um",
          "field": 3,
          "wavelength": 3,
          "unit": "um",
          "value": 36.58214327345333,
          "settings": {
            "reference": "centroid",
            "ray_density": 8,
            "native_analysis": "StandardSpot",
            "ray_check_count": 17,
            "field": 3,
            "field_xy_deg": [
              0.0,
              6.0
            ],
            "wavelength": 3,
            "wavelength_um": 0.6562725,
            "spectral_mode": "monochromatic"
          }
        }
      ],
      "assessment": {
        "passes": true,
        "requirements": [
          {
            "id": "focal-length",
            "key": "efl_mm",
            "requirement": {
              "id": "focal-length",
              "metric": "efl_mm",
              "unit": "mm",
              "min": 48,
              "max": 52
            },
            "status": "pass",
            "value": 49.98892205855593,
            "unit": "mm"
          },
          {
            "id": "track",
            "key": "total_track_mm",
            "requirement": {
              "id": "track",
              "metric": "total_track_mm",
              "unit": "mm",
              "max": 65
            },
            "status": "pass",
            "value": 52.5,
            "unit": "mm"
          },
          {
            "id": "spot-1-1",
            "key": "rms_spot_um|f=1|w=1",
            "requirement": {
              "metric": "rms_spot_um",
              "field": 1,
              "wavelength": 1,
              "unit": "um",
              "id": "spot-1-1",
              "max": 120
            },
            "status": "pass",
            "value": 17.583912005485463,
            "unit": "um"
          },
          {
            "id": "spot-1-2",
            "key": "rms_spot_um|f=1|w=2",
            "requirement": {
              "metric": "rms_spot_um",
              "field": 1,
              "wavelength": 2,
              "unit": "um",
              "id": "spot-1-2",
              "max": 120
            },
            "status": "pass",
            "value": 24.789166253890315,
            "unit": "um"
          },
          {
            "id": "spot-1-3",
            "key": "rms_spot_um|f=1|w=3",
            "requirement": {
              "metric": "rms_spot_um",
              "field": 1,
              "wavelength": 3,
              "unit": "um",
              "id": "spot-1-3",
              "max": 120
            },
            "status": "pass",
            "value": 51.50875784209247,
            "unit": "um"
          },
          {
            "id": "spot-2-1",
            "key": "rms_spot_um|f=2|w=1",
            "requirement": {
              "metric": "rms_spot_um",
              "field": 2,
              "wavelength": 1,
              "unit": "um",
              "id": "spot-2-1",
              "max": 120
            },
            "status": "pass",
            "value": 29.631787812556155,
            "unit": "um"
          },
          {
            "id": "spot-2-2",
            "key": "rms_spot_um|f=2|w=2",
            "requirement": {
              "metric": "rms_spot_um",
              "field": 2,
              "wavelength": 2,
              "unit": "um",
              "id": "spot-2-2",
              "max": 120
            },
            "status": "pass",
            "value": 22.5713821404768,
            "unit": "um"
          },
          {
            "id": "spot-2-3",
            "key": "rms_spot_um|f=2|w=3",
            "requirement": {
              "metric": "rms_spot_um",
              "field": 2,
              "wavelength": 3,
              "unit": "um",
              "id": "spot-2-3",
              "max": 120
            },
            "status": "pass",
            "value": 42.70823729479677,
            "unit": "um"
          },
          {
            "id": "spot-3-1",
            "key": "rms_spot_um|f=3|w=1",
            "requirement": {
              "metric": "rms_spot_um",
              "field": 3,
              "wavelength": 1,
              "unit": "um",
              "id": "spot-3-1",
              "max": 120
            },
            "status": "pass",
            "value": 68.41473300574803,
            "unit": "um"
          },
          {
            "id": "spot-3-2",
            "key": "rms_spot_um|f=3|w=2",
            "requirement": {
              "metric": "rms_spot_um",
              "field": 3,
              "wavelength": 2,
              "unit": "um",
              "id": "spot-3-2",
              "max": 120
            },
            "status": "pass",
            "value": 47.38169556490875,
            "unit": "um"
          },
          {
            "id": "spot-3-3",
            "key": "rms_spot_um|f=3|w=3",
            "requirement": {
              "metric": "rms_spot_um",
              "field": 3,
              "wavelength": 3,
              "unit": "um",
              "id": "spot-3-3",
              "max": 120
            },
            "status": "pass",
            "value": 36.58214327345333,
            "unit": "um"
          }
        ]
      },
      "objective_breakdown": {
        "aggregation": "weighted_rms",
        "direction": "minimize",
        "value": 1.3631937131384873,
        "unit": "1",
        "terms": [
          {
            "metric": "rms_spot_um",
            "field": 1,
            "wavelength": 1,
            "key": "rms_spot_um|f=1|w=1",
            "unit": "um",
            "value": 17.583912005485463,
            "target": 0,
            "scale": 30,
            "weight": 1,
            "normalized_residual": 0.5861304001828488,
            "weighted_residual": 0.1953768000609496
          },
          {
            "metric": "rms_spot_um",
            "field": 1,
            "wavelength": 2,
            "key": "rms_spot_um|f=1|w=2",
            "unit": "um",
            "value": 24.789166253890315,
            "target": 0,
            "scale": 30,
            "weight": 1,
            "normalized_residual": 0.8263055417963439,
            "weighted_residual": 0.27543518059878125
          },
          {
            "metric": "rms_spot_um",
            "field": 1,
            "wavelength": 3,
            "key": "rms_spot_um|f=1|w=3",
            "unit": "um",
            "value": 51.50875784209247,
            "target": 0,
            "scale": 30,
            "weight": 1,
            "normalized_residual": 1.7169585947364157,
            "weighted_residual": 0.5723195315788052
          },
          {
            "metric": "rms_spot_um",
            "field": 2,
            "wavelength": 1,
            "key": "rms_spot_um|f=2|w=1",
            "unit": "um",
            "value": 29.631787812556155,
            "target": 0,
            "scale": 30,
            "weight": 1,
            "normalized_residual": 0.9877262604185385,
            "weighted_residual": 0.3292420868061795
          },
          {
            "metric": "rms_spot_um",
            "field": 2,
            "wavelength": 2,
            "key": "rms_spot_um|f=2|w=2",
            "unit": "um",
            "value": 22.5713821404768,
            "target": 0,
            "scale": 30,
            "weight": 1,
            "normalized_residual": 0.75237940468256,
            "weighted_residual": 0.25079313489418664
          },
          {
            "metric": "rms_spot_um",
            "field": 2,
            "wavelength": 3,
            "key": "rms_spot_um|f=2|w=3",
            "unit": "um",
            "value": 42.70823729479677,
            "target": 0,
            "scale": 30,
            "weight": 1,
            "normalized_residual": 1.4236079098265588,
            "weighted_residual": 0.4745359699421863
          },
          {
            "metric": "rms_spot_um",
            "field": 3,
            "wavelength": 1,
            "key": "rms_spot_um|f=3|w=1",
            "unit": "um",
            "value": 68.41473300574803,
            "target": 0,
            "scale": 30,
            "weight": 1,
            "normalized_residual": 2.2804911001916013,
            "weighted_residual": 0.760163700063867
          },
          {
            "metric": "rms_spot_um",
            "field": 3,
            "wavelength": 2,
            "key": "rms_spot_um|f=3|w=2",
            "unit": "um",
            "value": 47.38169556490875,
            "target": 0,
            "scale": 30,
            "weight": 1,
            "normalized_residual": 1.5793898521636252,
            "weighted_residual": 0.5264632840545417
          },
          {
            "metric": "rms_spot_um",
            "field": 3,
            "wavelength": 3,
            "key": "rms_spot_um|f=3|w=3",
            "unit": "um",
            "value": 36.58214327345333,
            "target": 0,
            "scale": 30,
            "weight": 1,
            "normalized_residual": 1.2194047757817779,
            "weighted_residual": 0.40646825859392594
          }
        ]
      },
      "objective_value": 1.3631937131384873
    },
    {
      "kind": "search",
      "parameters_mm": [
        52.0,
        47.52734375
      ],
      "inspection": {
        "engine": {
          "name": "OpticStudio",
          "version": "24.1.0",
          "zospy_version": "2.1.5",
          "pythonnet_version": "3.1.0",
          "license": "PremiumEdition"
        },
        "focus_mm": 47.52734375,
        "image_surface": 3,
        "surfaces": [
          {
            "index": 0,
            "is_image": false,
            "is_stop": false,
            "type": "Standard",
            "radius_mm": "Infinity",
            "thickness_mm": "Infinity",
            "material": "",
            "conic": 0.0,
            "coating": "",
            "tilts": [
              0.0,
              0.0,
              0.0,
              0.0,
              0.0,
              0.0,
              0.0,
              0.0,
              0.0,
              0.0
            ],
            "aperture": "None",
            "semi_diameter_solve": "Automatic",
            "asphere_coefficients": []
          },
          {
            "index": 1,
            "is_image": false,
            "is_stop": true,
            "type": "Standard",
            "radius_mm": 52.0,
            "thickness_mm": 5.0,
            "material": "N-BK7",
            "conic": 0.0,
            "coating": "",
            "tilts": [
              0.0,
              0.0,
              0.0,
              0.0,
              0.0,
              0.0,
              0.0,
              0.0,
              0.0,
              0.0
            ],
            "aperture": "None",
            "semi_diameter_solve": "Automatic",
            "asphere_coefficients": []
          },
          {
            "index": 2,
            "is_image": false,
            "is_stop": false,
            "type": "Standard",
            "radius_mm": -50.0,
            "thickness_mm": 47.52734375,
            "material": "",
            "conic": 0.0,
            "coating": "",
            "tilts": [
              0.0,
              0.0,
              0.0,
              0.0,
              0.0,
              0.0,
              0.0,
              0.0,
              0.0,
              0.0
            ],
            "aperture": "None",
            "semi_diameter_solve": "Automatic",
            "asphere_coefficients": []
          },
          {
            "index": 3,
            "is_image": true,
            "is_stop": false,
            "type": "Standard",
            "radius_mm": "Infinity",
            "thickness_mm": "Infinity",
            "material": "",
            "conic": 0.0,
            "coating": "",
            "tilts": [
              0.0,
              0.0,
              0.0,
              0.0,
              0.0,
              0.0,
              0.0,
              0.0,
              0.0,
              0.0
            ],
            "aperture": "None",
            "semi_diameter_solve": "Automatic",
            "asphere_coefficients": []
          }
        ],
        "invariants": {
          "surfaces": [
            {
              "index": 0,
              "is_image": false,
              "is_stop": false,
              "type": "Standard",
              "radius_mm": "Infinity",
              "thickness_mm": "Infinity",
              "material": "",
              "conic": 0.0,
              "coating": "",
              "tilts": [
                0.0,
                0.0,
                0.0,
                0.0,
                0.0,
                0.0,
                0.0,
                0.0,
                0.0,
                0.0
              ],
              "aperture": "None",
              "semi_diameter_solve": "Automatic",
              "asphere_coefficients": []
            },
            {
              "index": 1,
              "is_image": false,
              "is_stop": true,
              "type": "Standard",
              "radius_mm": 52.0,
              "thickness_mm": 5.0,
              "material": "N-BK7",
              "conic": 0.0,
              "coating": "",
              "tilts": [
                0.0,
                0.0,
                0.0,
                0.0,
                0.0,
                0.0,
                0.0,
                0.0,
                0.0,
                0.0
              ],
              "aperture": "None",
              "semi_diameter_solve": "Automatic",
              "asphere_coefficients": []
            },
            {
              "index": 2,
              "is_image": false,
              "is_stop": false,
              "type": "Standard",
              "radius_mm": -50.0,
              "material": "",
              "conic": 0.0,
              "coating": "",
              "tilts": [
                0.0,
                0.0,
                0.0,
                0.0,
                0.0,
                0.0,
                0.0,
                0.0,
                0.0,
                0.0
              ],
              "aperture": "None",
              "semi_diameter_solve": "Automatic",
              "asphere_coefficients": []
            },
            {
              "index": 3,
              "is_image": true,
              "is_stop": false,
              "type": "Standard",
              "radius_mm": "Infinity",
              "thickness_mm": "Infinity",
              "material": "",
              "conic": 0.0,
              "coating": "",
              "tilts": [
                0.0,
                0.0,
                0.0,
                0.0,
                0.0,
                0.0,
                0.0,
                0.0,
                0.0,
                0.0
              ],
              "aperture": "None",
              "semi_diameter_solve": "Automatic",
              "asphere_coefficients": []
            }
          ],
          "fields": [
            {
              "index": 1,
              "x_deg": 0.0,
              "y_deg": 0.0,
              "weight": 1.0
            },
            {
              "index": 2,
              "x_deg": 0.0,
              "y_deg": 3.0,
              "weight": 1.0
            },
            {
              "index": 3,
              "x_deg": 0.0,
              "y_deg": 6.0,
              "weight": 1.0
            }
          ],
          "wavelengths": [
            {
              "index": 1,
              "um": 0.4861327,
              "weight": 1.0,
              "primary": false
            },
            {
              "index": 2,
              "um": 0.55,
              "weight": 1.0,
              "primary": true
            },
            {
              "index": 3,
              "um": 0.6562725,
              "weight": 1.0,
              "primary": false
            }
          ],
          "aperture_type": "EntrancePupilDiameter",
          "aperture_mm": 10.0,
          "lens_units": "mm"
        },
        "limits": [
          "Sequential centered Standard conic/EvenAspheric refractive systems; fixed shape coefficients; angle fields; mm; EPD.",
          "Geometric centroid RMS spot and scalar FFT MTF are distinct metrics.",
          "A sparse pupil ray check detects gross failures; it is not a full vignetting analysis."
        ]
      },
      "measurements": [
        {
          "metric": "efl_mm",
          "unit": "mm",
          "value": 49.99615696660989,
          "settings": {
            "wavelength": 2,
            "wavelength_um": 0.55
          }
        },
        {
          "metric": "f_number",
          "unit": "1",
          "value": 4.999616,
          "settings": {
            "wavelength": 2,
            "wavelength_um": 0.55
          }
        },
        {
          "metric": "total_track_mm",
          "unit": "mm",
          "value": 52.52734
        },
        {
          "metric": "image_distance_mm",
          "unit": "mm",
          "value": 47.52734375
        },
        {
          "metric": "rms_spot_um",
          "field": 1,
          "wavelength": 1,
          "unit": "um",
          "value": 18.32510803618889,
          "settings": {
            "reference": "centroid",
            "ray_density": 8,
            "native_analysis": "StandardSpot",
            "ray_check_count": 17,
            "field": 1,
            "field_xy_deg": [
              0.0,
              0.0
            ],
            "wavelength": 1,
            "wavelength_um": 0.4861327,
            "spectral_mode": "monochromatic"
          }
        },
        {
          "metric": "rms_spot_um",
          "field": 1,
          "wavelength": 2,
          "unit": "um",
          "value": 23.63256840668026,
          "settings": {
            "reference": "centroid",
            "ray_density": 8,
            "native_analysis": "StandardSpot",
            "ray_check_count": 17,
            "field": 1,
            "field_xy_deg": [
              0.0,
              0.0
            ],
            "wavelength": 2,
            "wavelength_um": 0.55,
            "spectral_mode": "monochromatic"
          }
        },
        {
          "metric": "rms_spot_um",
          "field": 1,
          "wavelength": 3,
          "unit": "um",
          "value": 50.0850350747359,
          "settings": {
            "reference": "centroid",
            "ray_density": 8,
            "native_analysis": "StandardSpot",
            "ray_check_count": 17,
            "field": 1,
            "field_xy_deg": [
              0.0,
              0.0
            ],
            "wavelength": 3,
            "wavelength_um": 0.6562725,
            "spectral_mode": "monochromatic"
          }
        },
        {
          "metric": "rms_spot_um",
          "field": 2,
          "wavelength": 1,
          "unit": "um",
          "value": 30.694643998865683,
          "settings": {
            "reference": "centroid",
            "ray_density": 8,
            "native_analysis": "StandardSpot",
            "ray_check_count": 17,
            "field": 2,
            "field_xy_deg": [
              0.0,
              3.0
            ],
            "wavelength": 1,
            "wavelength_um": 0.4861327,
            "spectral_mode": "monochromatic"
          }
        },
        {
          "metric": "rms_spot_um",
          "field": 2,
          "wavelength": 2,
          "unit": "um",
          "value": 22.139700938304216,
          "settings": {
            "reference": "centroid",
            "ray_density": 8,
            "native_analysis": "StandardSpot",
            "ray_check_count": 17,
            "field": 2,
            "field_xy_deg": [
              0.0,
              3.0
            ],
            "wavelength": 2,
            "wavelength_um": 0.55,
            "spectral_mode": "monochromatic"
          }
        },
        {
          "metric": "rms_spot_um",
          "field": 2,
          "wavelength": 3,
          "unit": "um",
          "value": 41.414890377002,
          "settings": {
            "reference": "centroid",
            "ray_density": 8,
            "native_analysis": "StandardSpot",
            "ray_check_count": 17,
            "field": 2,
            "field_xy_deg": [
              0.0,
              3.0
            ],
            "wavelength": 3,
            "wavelength_um": 0.6562725,
            "spectral_mode": "monochromatic"
          }
        },
        {
          "metric": "rms_spot_um",
          "field": 3,
          "wavelength": 1,
          "unit": "um",
          "value": 69.71269765824371,
          "settings": {
            "reference": "centroid",
            "ray_density": 8,
            "native_analysis": "StandardSpot",
            "ray_check_count": 17,
            "field": 3,
            "field_xy_deg": [
              0.0,
              6.0
            ],
            "wavelength": 1,
            "wavelength_um": 0.4861327,
            "spectral_mode": "monochromatic"
          }
        },
        {
          "metric": "rms_spot_um",
          "field": 3,
          "wavelength": 2,
          "unit": "um",
          "value": 48.35751849321085,
          "settings": {
            "reference": "centroid",
            "ray_density": 8,
            "native_analysis": "StandardSpot",
            "ray_check_count": 17,
            "field": 3,
            "field_xy_deg": [
              0.0,
              6.0
            ],
            "wavelength": 2,
            "wavelength_um": 0.55,
            "spectral_mode": "monochromatic"
          }
        },
        {
          "metric": "rms_spot_um",
          "field": 3,
          "wavelength": 3,
          "unit": "um",
          "value": 36.59978005470295,
          "settings": {
            "reference": "centroid",
            "ray_density": 8,
            "native_analysis": "StandardSpot",
            "ray_check_count": 17,
            "field": 3,
            "field_xy_deg": [
              0.0,
              6.0
            ],
            "wavelength": 3,
            "wavelength_um": 0.6562725,
            "spectral_mode": "monochromatic"
          }
        }
      ],
      "assessment": {
        "passes": true,
        "requirements": [
          {
            "id": "focal-length",
            "key": "efl_mm",
            "requirement": {
              "id": "focal-length",
              "metric": "efl_mm",
              "unit": "mm",
              "min": 48,
              "max": 52
            },
            "status": "pass",
            "value": 49.99615696660989,
            "unit": "mm"
          },
          {
            "id": "track",
            "key": "total_track_mm",
            "requirement": {
              "id": "track",
              "metric": "total_track_mm",
              "unit": "mm",
              "max": 65
            },
            "status": "pass",
            "value": 52.52734,
            "unit": "mm"
          },
          {
            "id": "spot-1-1",
            "key": "rms_spot_um|f=1|w=1",
            "requirement": {
              "metric": "rms_spot_um",
              "field": 1,
              "wavelength": 1,
              "unit": "um",
              "id": "spot-1-1",
              "max": 120
            },
            "status": "pass",
            "value": 18.32510803618889,
            "unit": "um"
          },
          {
            "id": "spot-1-2",
            "key": "rms_spot_um|f=1|w=2",
            "requirement": {
              "metric": "rms_spot_um",
              "field": 1,
              "wavelength": 2,
              "unit": "um",
              "id": "spot-1-2",
              "max": 120
            },
            "status": "pass",
            "value": 23.63256840668026,
            "unit": "um"
          },
          {
            "id": "spot-1-3",
            "key": "rms_spot_um|f=1|w=3",
            "requirement": {
              "metric": "rms_spot_um",
              "field": 1,
              "wavelength": 3,
              "unit": "um",
              "id": "spot-1-3",
              "max": 120
            },
            "status": "pass",
            "value": 50.0850350747359,
            "unit": "um"
          },
          {
            "id": "spot-2-1",
            "key": "rms_spot_um|f=2|w=1",
            "requirement": {
              "metric": "rms_spot_um",
              "field": 2,
              "wavelength": 1,
              "unit": "um",
              "id": "spot-2-1",
              "max": 120
            },
            "status": "pass",
            "value": 30.694643998865683,
            "unit": "um"
          },
          {
            "id": "spot-2-2",
            "key": "rms_spot_um|f=2|w=2",
            "requirement": {
              "metric": "rms_spot_um",
              "field": 2,
              "wavelength": 2,
              "unit": "um",
              "id": "spot-2-2",
              "max": 120
            },
            "status": "pass",
            "value": 22.139700938304216,
            "unit": "um"
          },
          {
            "id": "spot-2-3",
            "key": "rms_spot_um|f=2|w=3",
            "requirement": {
              "metric": "rms_spot_um",
              "field": 2,
              "wavelength": 3,
              "unit": "um",
              "id": "spot-2-3",
              "max": 120
            },
            "status": "pass",
            "value": 41.414890377002,
            "unit": "um"
          },
          {
            "id": "spot-3-1",
            "key": "rms_spot_um|f=3|w=1",
            "requirement": {
              "metric": "rms_spot_um",
              "field": 3,
              "wavelength": 1,
              "unit": "um",
              "id": "spot-3-1",
              "max": 120
            },
            "status": "pass",
            "value": 69.71269765824371,
            "unit": "um"
          },
          {
            "id": "spot-3-2",
            "key": "rms_spot_um|f=3|w=2",
            "requirement": {
              "metric": "rms_spot_um",
              "field": 3,
              "wavelength": 2,
              "unit": "um",
              "id": "spot-3-2",
              "max": 120
            },
            "status": "pass",
            "value": 48.35751849321085,
            "unit": "um"
          },
          {
            "id": "spot-3-3",
            "key": "rms_spot_um|f=3|w=3",
            "requirement": {
              "metric": "rms_spot_um",
              "field": 3,
              "wavelength": 3,
              "unit": "um",
              "id": "spot-3-3",
              "max": 120
            },
            "status": "pass",
            "value": 36.59978005470295,
            "unit": "um"
          }
        ]
      },
      "objective_breakdown": {
        "aggregation": "weighted_rms",
        "direction": "minimize",
        "value": 1.3648222873023397,
        "unit": "1",
        "terms": [
          {
            "metric": "rms_spot_um",
            "field": 1,
            "wavelength": 1,
            "key": "rms_spot_um|f=1|w=1",
            "unit": "um",
            "value": 18.32510803618889,
            "target": 0,
            "scale": 30,
            "weight": 1,
            "normalized_residual": 0.6108369345396297,
            "weighted_residual": 0.2036123115132099
          },
          {
            "metric": "rms_spot_um",
            "field": 1,
            "wavelength": 2,
            "key": "rms_spot_um|f=1|w=2",
            "unit": "um",
            "value": 23.63256840668026,
            "target": 0,
            "scale": 30,
            "weight": 1,
            "normalized_residual": 0.7877522802226753,
            "weighted_residual": 0.2625840934075584
          },
          {
            "metric": "rms_spot_um",
            "field": 1,
            "wavelength": 3,
            "key": "rms_spot_um|f=1|w=3",
            "unit": "um",
            "value": 50.0850350747359,
            "target": 0,
            "scale": 30,
            "weight": 1,
            "normalized_residual": 1.6695011691578634,
            "weighted_residual": 0.5565003897192877
          },
          {
            "metric": "rms_spot_um",
            "field": 2,
            "wavelength": 1,
            "key": "rms_spot_um|f=2|w=1",
            "unit": "um",
            "value": 30.694643998865683,
            "target": 0,
            "scale": 30,
            "weight": 1,
            "normalized_residual": 1.0231547999621895,
            "weighted_residual": 0.3410515999873965
          },
          {
            "metric": "rms_spot_um",
            "field": 2,
            "wavelength": 2,
            "key": "rms_spot_um|f=2|w=2",
            "unit": "um",
            "value": 22.139700938304216,
            "target": 0,
            "scale": 30,
            "weight": 1,
            "normalized_residual": 0.7379900312768072,
            "weighted_residual": 0.24599667709226905
          },
          {
            "metric": "rms_spot_um",
            "field": 2,
            "wavelength": 3,
            "key": "rms_spot_um|f=2|w=3",
            "unit": "um",
            "value": 41.414890377002,
            "target": 0,
            "scale": 30,
            "weight": 1,
            "normalized_residual": 1.3804963459000668,
            "weighted_residual": 0.46016544863335557
          },
          {
            "metric": "rms_spot_um",
            "field": 3,
            "wavelength": 1,
            "key": "rms_spot_um|f=3|w=1",
            "unit": "um",
            "value": 69.71269765824371,
            "target": 0,
            "scale": 30,
            "weight": 1,
            "normalized_residual": 2.323756588608124,
            "weighted_residual": 0.7745855295360413
          },
          {
            "metric": "rms_spot_um",
            "field": 3,
            "wavelength": 2,
            "key": "rms_spot_um|f=3|w=2",
            "unit": "um",
            "value": 48.35751849321085,
            "target": 0,
            "scale": 30,
            "weight": 1,
            "normalized_residual": 1.6119172831070283,
            "weighted_residual": 0.5373057610356761
          },
          {
            "metric": "rms_spot_um",
            "field": 3,
            "wavelength": 3,
            "key": "rms_spot_um|f=3|w=3",
            "unit": "um",
            "value": 36.59978005470295,
            "target": 0,
            "scale": 30,
            "weight": 1,
            "normalized_residual": 1.2199926684900981,
            "weighted_residual": 0.4066642228300327
          }
        ]
      },
      "objective_value": 1.3648222873023397
    },
    {
      "kind": "search",
      "parameters_mm": [
        52.0,
        47.47265625
      ],
      "inspection": {
        "engine": {
          "name": "OpticStudio",
          "version": "24.1.0",
          "zospy_version": "2.1.5",
          "pythonnet_version": "3.1.0",
          "license": "PremiumEdition"
        },
        "focus_mm": 47.47265625,
        "image_surface": 3,
        "surfaces": [
          {
            "index": 0,
            "is_image": false,
            "is_stop": false,
            "type": "Standard",
            "radius_mm": "Infinity",
            "thickness_mm": "Infinity",
            "material": "",
            "conic": 0.0,
            "coating": "",
            "tilts": [
              0.0,
              0.0,
              0.0,
              0.0,
              0.0,
              0.0,
              0.0,
              0.0,
              0.0,
              0.0
            ],
            "aperture": "None",
            "semi_diameter_solve": "Automatic",
            "asphere_coefficients": []
          },
          {
            "index": 1,
            "is_image": false,
            "is_stop": true,
            "type": "Standard",
            "radius_mm": 52.0,
            "thickness_mm": 5.0,
            "material": "N-BK7",
            "conic": 0.0,
            "coating": "",
            "tilts": [
              0.0,
              0.0,
              0.0,
              0.0,
              0.0,
              0.0,
              0.0,
              0.0,
              0.0,
              0.0
            ],
            "aperture": "None",
            "semi_diameter_solve": "Automatic",
            "asphere_coefficients": []
          },
          {
            "index": 2,
            "is_image": false,
            "is_stop": false,
            "type": "Standard",
            "radius_mm": -50.0,
            "thickness_mm": 47.47265625,
            "material": "",
            "conic": 0.0,
            "coating": "",
            "tilts": [
              0.0,
              0.0,
              0.0,
              0.0,
              0.0,
              0.0,
              0.0,
              0.0,
              0.0,
              0.0
            ],
            "aperture": "None",
            "semi_diameter_solve": "Automatic",
            "asphere_coefficients": []
          },
          {
            "index": 3,
            "is_image": true,
            "is_stop": false,
            "type": "Standard",
            "radius_mm": "Infinity",
            "thickness_mm": "Infinity",
            "material": "",
            "conic": 0.0,
            "coating": "",
            "tilts": [
              0.0,
              0.0,
              0.0,
              0.0,
              0.0,
              0.0,
              0.0,
              0.0,
              0.0,
              0.0
            ],
            "aperture": "None",
            "semi_diameter_solve": "Automatic",
            "asphere_coefficients": []
          }
        ],
        "invariants": {
          "surfaces": [
            {
              "index": 0,
              "is_image": false,
              "is_stop": false,
              "type": "Standard",
              "radius_mm": "Infinity",
              "thickness_mm": "Infinity",
              "material": "",
              "conic": 0.0,
              "coating": "",
              "tilts": [
                0.0,
                0.0,
                0.0,
                0.0,
                0.0,
                0.0,
                0.0,
                0.0,
                0.0,
                0.0
              ],
              "aperture": "None",
              "semi_diameter_solve": "Automatic",
              "asphere_coefficients": []
            },
            {
              "index": 1,
              "is_image": false,
              "is_stop": true,
              "type": "Standard",
              "radius_mm": 52.0,
              "thickness_mm": 5.0,
              "material": "N-BK7",
              "conic": 0.0,
              "coating": "",
              "tilts": [
                0.0,
                0.0,
                0.0,
                0.0,
                0.0,
                0.0,
                0.0,
                0.0,
                0.0,
                0.0
              ],
              "aperture": "None",
              "semi_diameter_solve": "Automatic",
              "asphere_coefficients": []
            },
            {
              "index": 2,
              "is_image": false,
              "is_stop": false,
              "type": "Standard",
              "radius_mm": -50.0,
              "material": "",
              "conic": 0.0,
              "coating": "",
              "tilts": [
                0.0,
                0.0,
                0.0,
                0.0,
                0.0,
                0.0,
                0.0,
                0.0,
                0.0,
                0.0
              ],
              "aperture": "None",
              "semi_diameter_solve": "Automatic",
              "asphere_coefficients": []
            },
            {
              "index": 3,
              "is_image": true,
              "is_stop": false,
              "type": "Standard",
              "radius_mm": "Infinity",
              "thickness_mm": "Infinity",
              "material": "",
              "conic": 0.0,
              "coating": "",
              "tilts": [
                0.0,
                0.0,
                0.0,
                0.0,
                0.0,
                0.0,
                0.0,
                0.0,
                0.0,
                0.0
              ],
              "aperture": "None",
              "semi_diameter_solve": "Automatic",
              "asphere_coefficients": []
            }
          ],
          "fields": [
            {
              "index": 1,
              "x_deg": 0.0,
              "y_deg": 0.0,
              "weight": 1.0
            },
            {
              "index": 2,
              "x_deg": 0.0,
              "y_deg": 3.0,
              "weight": 1.0
            },
            {
              "index": 3,
              "x_deg": 0.0,
              "y_deg": 6.0,
              "weight": 1.0
            }
          ],
          "wavelengths": [
            {
              "index": 1,
              "um": 0.4861327,
              "weight": 1.0,
              "primary": false
            },
            {
              "index": 2,
              "um": 0.55,
              "weight": 1.0,
              "primary": true
            },
            {
              "index": 3,
              "um": 0.6562725,
              "weight": 1.0,
              "primary": false
            }
          ],
          "aperture_type": "EntrancePupilDiameter",
          "aperture_mm": 10.0,
          "lens_units": "mm"
        },
        "limits": [
          "Sequential centered Standard conic/EvenAspheric refractive systems; fixed shape coefficients; angle fields; mm; EPD.",
          "Geometric centroid RMS spot and scalar FFT MTF are distinct metrics.",
          "A sparse pupil ray check detects gross failures; it is not a full vignetting analysis."
        ]
      },
      "measurements": [
        {
          "metric": "efl_mm",
          "unit": "mm",
          "value": 49.99615696660989,
          "settings": {
            "wavelength": 2,
            "wavelength_um": 0.55
          }
        },
        {
          "metric": "f_number",
          "unit": "1",
          "value": 4.999616,
          "settings": {
            "wavelength": 2,
            "wavelength_um": 0.55
          }
        },
        {
          "metric": "total_track_mm",
          "unit": "mm",
          "value": 52.47266
        },
        {
          "metric": "image_distance_mm",
          "unit": "mm",
          "value": 47.47265625
        },
        {
          "metric": "rms_spot_um",
          "field": 1,
          "wavelength": 1,
          "unit": "um",
          "value": 16.539064108953873,
          "settings": {
            "reference": "centroid",
            "ray_density": 8,
            "native_analysis": "StandardSpot",
            "ray_check_count": 17,
            "field": 1,
            "field_xy_deg": [
              0.0,
              0.0
            ],
            "wavelength": 1,
            "wavelength_um": 0.4861327,
            "spectral_mode": "monochromatic"
          }
        },
        {
          "metric": "rms_spot_um",
          "field": 1,
          "wavelength": 2,
          "unit": "um",
          "value": 26.890975903923923,
          "settings": {
            "reference": "centroid",
            "ray_density": 8,
            "native_analysis": "StandardSpot",
            "ray_check_count": 17,
            "field": 1,
            "field_xy_deg": [
              0.0,
              0.0
            ],
            "wavelength": 2,
            "wavelength_um": 0.55,
            "spectral_mode": "monochromatic"
          }
        },
        {
          "metric": "rms_spot_um",
          "field": 1,
          "wavelength": 3,
          "unit": "um",
          "value": 54.00534594663678,
          "settings": {
            "reference": "centroid",
            "ray_density": 8,
            "native_analysis": "StandardSpot",
            "ray_check_count": 17,
            "field": 1,
            "field_xy_deg": [
              0.0,
              0.0
            ],
            "wavelength": 3,
            "wavelength_um": 0.6562725,
            "spectral_mode": "monochromatic"
          }
        },
        {
          "metric": "rms_spot_um",
          "field": 2,
          "wavelength": 1,
          "unit": "um",
          "value": 27.87406012020712,
          "settings": {
            "reference": "centroid",
            "ray_density": 8,
            "native_analysis": "StandardSpot",
            "ray_check_count": 17,
            "field": 2,
            "field_xy_deg": [
              0.0,
              3.0
            ],
            "wavelength": 1,
            "wavelength_um": 0.4861327,
            "spectral_mode": "monochromatic"
          }
        },
        {
          "metric": "rms_spot_um",
          "field": 2,
          "wavelength": 2,
          "unit": "um",
          "value": 23.538476102123898,
          "settings": {
            "reference": "centroid",
            "ray_density": 8,
            "native_analysis": "StandardSpot",
            "ray_check_count": 17,
            "field": 2,
            "field_xy_deg": [
              0.0,
              3.0
            ],
            "wavelength": 2,
            "wavelength_um": 0.55,
            "spectral_mode": "monochromatic"
          }
        },
        {
          "metric": "rms_spot_um",
          "field": 2,
          "wavelength": 3,
          "unit": "um",
          "value": 44.99886006675314,
          "settings": {
            "reference": "centroid",
            "ray_density": 8,
            "native_analysis": "StandardSpot",
            "ray_check_count": 17,
            "field": 2,
            "field_xy_deg": [
              0.0,
              3.0
            ],
            "wavelength": 3,
            "wavelength_um": 0.6562725,
            "spectral_mode": "monochromatic"
          }
        },
        {
          "metric": "rms_spot_um",
          "field": 3,
          "wavelength": 1,
          "unit": "um",
          "value": 66.17057220596391,
          "settings": {
            "reference": "centroid",
            "ray_density": 8,
            "native_analysis": "StandardSpot",
            "ray_check_count": 17,
            "field": 3,
            "field_xy_deg": [
              0.0,
              6.0
            ],
            "wavelength": 1,
            "wavelength_um": 0.4861327,
            "spectral_mode": "monochromatic"
          }
        },
        {
          "metric": "rms_spot_um",
          "field": 3,
          "wavelength": 2,
          "unit": "um",
          "value": 45.74859016353559,
          "settings": {
            "reference": "centroid",
            "ray_density": 8,
            "native_analysis": "StandardSpot",
            "ray_check_count": 17,
            "field": 3,
            "field_xy_deg": [
              0.0,
              6.0
            ],
            "wavelength": 2,
            "wavelength_um": 0.55,
            "spectral_mode": "monochromatic"
          }
        },
        {
          "metric": "rms_spot_um",
          "field": 3,
          "wavelength": 3,
          "unit": "um",
          "value": 36.70257328232587,
          "settings": {
            "reference": "centroid",
            "ray_density": 8,
            "native_analysis": "StandardSpot",
            "ray_check_count": 17,
            "field": 3,
            "field_xy_deg": [
              0.0,
              6.0
            ],
            "wavelength": 3,
            "wavelength_um": 0.6562725,
            "spectral_mode": "monochromatic"
          }
        }
      ],
      "assessment": {
        "passes": true,
        "requirements": [
          {
            "id": "focal-length",
            "key": "efl_mm",
            "requirement": {
              "id": "focal-length",
              "metric": "efl_mm",
              "unit": "mm",
              "min": 48,
              "max": 52
            },
            "status": "pass",
            "value": 49.99615696660989,
            "unit": "mm"
          },
          {
            "id": "track",
            "key": "total_track_mm",
            "requirement": {
              "id": "track",
              "metric": "total_track_mm",
              "unit": "mm",
              "max": 65
            },
            "status": "pass",
            "value": 52.47266,
            "unit": "mm"
          },
          {
            "id": "spot-1-1",
            "key": "rms_spot_um|f=1|w=1",
            "requirement": {
              "metric": "rms_spot_um",
              "field": 1,
              "wavelength": 1,
              "unit": "um",
              "id": "spot-1-1",
              "max": 120
            },
            "status": "pass",
            "value": 16.539064108953873,
            "unit": "um"
          },
          {
            "id": "spot-1-2",
            "key": "rms_spot_um|f=1|w=2",
            "requirement": {
              "metric": "rms_spot_um",
              "field": 1,
              "wavelength": 2,
              "unit": "um",
              "id": "spot-1-2",
              "max": 120
            },
            "status": "pass",
            "value": 26.890975903923923,
            "unit": "um"
          },
          {
            "id": "spot-1-3",
            "key": "rms_spot_um|f=1|w=3",
            "requirement": {
              "metric": "rms_spot_um",
              "field": 1,
              "wavelength": 3,
              "unit": "um",
              "id": "spot-1-3",
              "max": 120
            },
            "status": "pass",
            "value": 54.00534594663678,
            "unit": "um"
          },
          {
            "id": "spot-2-1",
            "key": "rms_spot_um|f=2|w=1",
            "requirement": {
              "metric": "rms_spot_um",
              "field": 2,
              "wavelength": 1,
              "unit": "um",
              "id": "spot-2-1",
              "max": 120
            },
            "status": "pass",
            "value": 27.87406012020712,
            "unit": "um"
          },
          {
            "id": "spot-2-2",
            "key": "rms_spot_um|f=2|w=2",
            "requirement": {
              "metric": "rms_spot_um",
              "field": 2,
              "wavelength": 2,
              "unit": "um",
              "id": "spot-2-2",
              "max": 120
            },
            "status": "pass",
            "value": 23.538476102123898,
            "unit": "um"
          },
          {
            "id": "spot-2-3",
            "key": "rms_spot_um|f=2|w=3",
            "requirement": {
              "metric": "rms_spot_um",
              "field": 2,
              "wavelength": 3,
              "unit": "um",
              "id": "spot-2-3",
              "max": 120
            },
            "status": "pass",
            "value": 44.99886006675314,
            "unit": "um"
          },
          {
            "id": "spot-3-1",
            "key": "rms_spot_um|f=3|w=1",
            "requirement": {
              "metric": "rms_spot_um",
              "field": 3,
              "wavelength": 1,
              "unit": "um",
              "id": "spot-3-1",
              "max": 120
            },
            "status": "pass",
            "value": 66.17057220596391,
            "unit": "um"
          },
          {
            "id": "spot-3-2",
            "key": "rms_spot_um|f=3|w=2",
            "requirement": {
              "metric": "rms_spot_um",
              "field": 3,
              "wavelength": 2,
              "unit": "um",
              "id": "spot-3-2",
              "max": 120
            },
            "status": "pass",
            "value": 45.74859016353559,
            "unit": "um"
          },
          {
            "id": "spot-3-3",
            "key": "rms_spot_um|f=3|w=3",
            "requirement": {
              "metric": "rms_spot_um",
              "field": 3,
              "wavelength": 3,
              "unit": "um",
              "id": "spot-3-3",
              "max": 120
            },
            "status": "pass",
            "value": 36.70257328232587,
            "unit": "um"
          }
        ]
      },
      "objective_breakdown": {
        "aggregation": "weighted_rms",
        "direction": "minimize",
        "value": 1.3648009000159929,
        "unit": "1",
        "terms": [
          {
            "metric": "rms_spot_um",
            "field": 1,
            "wavelength": 1,
            "key": "rms_spot_um|f=1|w=1",
            "unit": "um",
            "value": 16.539064108953873,
            "target": 0,
            "scale": 30,
            "weight": 1,
            "normalized_residual": 0.5513021369651291,
            "weighted_residual": 0.18376737898837636
          },
          {
            "metric": "rms_spot_um",
            "field": 1,
            "wavelength": 2,
            "key": "rms_spot_um|f=1|w=2",
            "unit": "um",
            "value": 26.890975903923923,
            "target": 0,
            "scale": 30,
            "weight": 1,
            "normalized_residual": 0.8963658634641308,
            "weighted_residual": 0.2987886211547103
          },
          {
            "metric": "rms_spot_um",
            "field": 1,
            "wavelength": 3,
            "key": "rms_spot_um|f=1|w=3",
            "unit": "um",
            "value": 54.00534594663678,
            "target": 0,
            "scale": 30,
            "weight": 1,
            "normalized_residual": 1.800178198221226,
            "weighted_residual": 0.6000593994070753
          },
          {
            "metric": "rms_spot_um",
            "field": 2,
            "wavelength": 1,
            "key": "rms_spot_um|f=2|w=1",
            "unit": "um",
            "value": 27.87406012020712,
            "target": 0,
            "scale": 30,
            "weight": 1,
            "normalized_residual": 0.9291353373402373,
            "weighted_residual": 0.3097117791134124
          },
          {
            "metric": "rms_spot_um",
            "field": 2,
            "wavelength": 2,
            "key": "rms_spot_um|f=2|w=2",
            "unit": "um",
            "value": 23.538476102123898,
            "target": 0,
            "scale": 30,
            "weight": 1,
            "normalized_residual": 0.7846158700707966,
            "weighted_residual": 0.2615386233569322
          },
          {
            "metric": "rms_spot_um",
            "field": 2,
            "wavelength": 3,
            "key": "rms_spot_um|f=2|w=3",
            "unit": "um",
            "value": 44.99886006675314,
            "target": 0,
            "scale": 30,
            "weight": 1,
            "normalized_residual": 1.4999620022251046,
            "weighted_residual": 0.4999873340750348
          },
          {
            "metric": "rms_spot_um",
            "field": 3,
            "wavelength": 1,
            "key": "rms_spot_um|f=3|w=1",
            "unit": "um",
            "value": 66.17057220596391,
            "target": 0,
            "scale": 30,
            "weight": 1,
            "normalized_residual": 2.205685740198797,
            "weighted_residual": 0.7352285800662656
          },
          {
            "metric": "rms_spot_um",
            "field": 3,
            "wavelength": 2,
            "key": "rms_spot_um|f=3|w=2",
            "unit": "um",
            "value": 45.74859016353559,
            "target": 0,
            "scale": 30,
            "weight": 1,
            "normalized_residual": 1.5249530054511864,
            "weighted_residual": 0.5083176684837287
          },
          {
            "metric": "rms_spot_um",
            "field": 3,
            "wavelength": 3,
            "key": "rms_spot_um|f=3|w=3",
            "unit": "um",
            "value": 36.70257328232587,
            "target": 0,
            "scale": 30,
            "weight": 1,
            "normalized_residual": 1.2234191094108624,
            "weighted_residual": 0.4078063698036208
          }
        ]
      },
      "objective_value": 1.3648009000159929
    },
    {
      "kind": "search",
      "parameters_mm": [
        51.99218749999999,
        47.5
      ],
      "inspection": {
        "engine": {
          "name": "OpticStudio",
          "version": "24.1.0",
          "zospy_version": "2.1.5",
          "pythonnet_version": "3.1.0",
          "license": "PremiumEdition"
        },
        "focus_mm": 47.5,
        "image_surface": 3,
        "surfaces": [
          {
            "index": 0,
            "is_image": false,
            "is_stop": false,
            "type": "Standard",
            "radius_mm": "Infinity",
            "thickness_mm": "Infinity",
            "material": "",
            "conic": 0.0,
            "coating": "",
            "tilts": [
              0.0,
              0.0,
              0.0,
              0.0,
              0.0,
              0.0,
              0.0,
              0.0,
              0.0,
              0.0
            ],
            "aperture": "None",
            "semi_diameter_solve": "Automatic",
            "asphere_coefficients": []
          },
          {
            "index": 1,
            "is_image": false,
            "is_stop": true,
            "type": "Standard",
            "radius_mm": 51.99218749999999,
            "thickness_mm": 5.0,
            "material": "N-BK7",
            "conic": 0.0,
            "coating": "",
            "tilts": [
              0.0,
              0.0,
              0.0,
              0.0,
              0.0,
              0.0,
              0.0,
              0.0,
              0.0,
              0.0
            ],
            "aperture": "None",
            "semi_diameter_solve": "Automatic",
            "asphere_coefficients": []
          },
          {
            "index": 2,
            "is_image": false,
            "is_stop": false,
            "type": "Standard",
            "radius_mm": -50.0,
            "thickness_mm": 47.5,
            "material": "",
            "conic": 0.0,
            "coating": "",
            "tilts": [
              0.0,
              0.0,
              0.0,
              0.0,
              0.0,
              0.0,
              0.0,
              0.0,
              0.0,
              0.0
            ],
            "aperture": "None",
            "semi_diameter_solve": "Automatic",
            "asphere_coefficients": []
          },
          {
            "index": 3,
            "is_image": true,
            "is_stop": false,
            "type": "Standard",
            "radius_mm": "Infinity",
            "thickness_mm": "Infinity",
            "material": "",
            "conic": 0.0,
            "coating": "",
            "tilts": [
              0.0,
              0.0,
              0.0,
              0.0,
              0.0,
              0.0,
              0.0,
              0.0,
              0.0,
              0.0
            ],
            "aperture": "None",
            "semi_diameter_solve": "Automatic",
            "asphere_coefficients": []
          }
        ],
        "invariants": {
          "surfaces": [
            {
              "index": 0,
              "is_image": false,
              "is_stop": false,
              "type": "Standard",
              "radius_mm": "Infinity",
              "thickness_mm": "Infinity",
              "material": "",
              "conic": 0.0,
              "coating": "",
              "tilts": [
                0.0,
                0.0,
                0.0,
                0.0,
                0.0,
                0.0,
                0.0,
                0.0,
                0.0,
                0.0
              ],
              "aperture": "None",
              "semi_diameter_solve": "Automatic",
              "asphere_coefficients": []
            },
            {
              "index": 1,
              "is_image": false,
              "is_stop": true,
              "type": "Standard",
              "radius_mm": 51.99218749999999,
              "thickness_mm": 5.0,
              "material": "N-BK7",
              "conic": 0.0,
              "coating": "",
              "tilts": [
                0.0,
                0.0,
                0.0,
                0.0,
                0.0,
                0.0,
                0.0,
                0.0,
                0.0,
                0.0
              ],
              "aperture": "None",
              "semi_diameter_solve": "Automatic",
              "asphere_coefficients": []
            },
            {
              "index": 2,
              "is_image": false,
              "is_stop": false,
              "type": "Standard",
              "radius_mm": -50.0,
              "material": "",
              "conic": 0.0,
              "coating": "",
              "tilts": [
                0.0,
                0.0,
                0.0,
                0.0,
                0.0,
                0.0,
                0.0,
                0.0,
                0.0,
                0.0
              ],
              "aperture": "None",
              "semi_diameter_solve": "Automatic",
              "asphere_coefficients": []
            },
            {
              "index": 3,
              "is_image": true,
              "is_stop": false,
              "type": "Standard",
              "radius_mm": "Infinity",
              "thickness_mm": "Infinity",
              "material": "",
              "conic": 0.0,
              "coating": "",
              "tilts": [
                0.0,
                0.0,
                0.0,
                0.0,
                0.0,
                0.0,
                0.0,
                0.0,
                0.0,
                0.0
              ],
              "aperture": "None",
              "semi_diameter_solve": "Automatic",
              "asphere_coefficients": []
            }
          ],
          "fields": [
            {
              "index": 1,
              "x_deg": 0.0,
              "y_deg": 0.0,
              "weight": 1.0
            },
            {
              "index": 2,
              "x_deg": 0.0,
              "y_deg": 3.0,
              "weight": 1.0
            },
            {
              "index": 3,
              "x_deg": 0.0,
              "y_deg": 6.0,
              "weight": 1.0
            }
          ],
          "wavelengths": [
            {
              "index": 1,
              "um": 0.4861327,
              "weight": 1.0,
              "primary": false
            },
            {
              "index": 2,
              "um": 0.55,
              "weight": 1.0,
              "primary": true
            },
            {
              "index": 3,
              "um": 0.6562725,
              "weight": 1.0,
              "primary": false
            }
          ],
          "aperture_type": "EntrancePupilDiameter",
          "aperture_mm": 10.0,
          "lens_units": "mm"
        },
        "limits": [
          "Sequential centered Standard conic/EvenAspheric refractive systems; fixed shape coefficients; angle fields; mm; EPD.",
          "Geometric centroid RMS spot and scalar FFT MTF are distinct metrics.",
          "A sparse pupil ray check detects gross failures; it is not a full vignetting analysis."
        ]
      },
      "measurements": [
        {
          "metric": "efl_mm",
          "unit": "mm",
          "value": 49.99253979439373,
          "settings": {
            "wavelength": 2,
            "wavelength_um": 0.55
          }
        },
        {
          "metric": "f_number",
          "unit": "1",
          "value": 4.999254,
          "settings": {
            "wavelength": 2,
            "wavelength_um": 0.55
          }
        },
        {
          "metric": "total_track_mm",
          "unit": "mm",
          "value": 52.5
        },
        {
          "metric": "image_distance_mm",
          "unit": "mm",
          "value": 47.5
        },
        {
          "metric": "rms_spot_um",
          "field": 1,
          "wavelength": 1,
          "unit": "um",
          "value": 17.455131407140875,
          "settings": {
            "reference": "centroid",
            "ray_density": 8,
            "native_analysis": "StandardSpot",
            "ray_check_count": 17,
            "field": 1,
            "field_xy_deg": [
              0.0,
              0.0
            ],
            "wavelength": 1,
            "wavelength_um": 0.4861327,
            "spectral_mode": "monochromatic"
          }
        },
        {
          "metric": "rms_spot_um",
          "field": 1,
          "wavelength": 2,
          "unit": "um",
          "value": 25.008790707396226,
          "settings": {
            "reference": "centroid",
            "ray_density": 8,
            "native_analysis": "StandardSpot",
            "ray_check_count": 17,
            "field": 1,
            "field_xy_deg": [
              0.0,
              0.0
            ],
            "wavelength": 2,
            "wavelength_um": 0.55,
            "spectral_mode": "monochromatic"
          }
        },
        {
          "metric": "rms_spot_um",
          "field": 1,
          "wavelength": 3,
          "unit": "um",
          "value": 51.77517657226668,
          "settings": {
            "reference": "centroid",
            "ray_density": 8,
            "native_analysis": "StandardSpot",
            "ray_check_count": 17,
            "field": 1,
            "field_xy_deg": [
              0.0,
              0.0
            ],
            "wavelength": 3,
            "wavelength_um": 0.6562725,
            "spectral_mode": "monochromatic"
          }
        },
        {
          "metric": "rms_spot_um",
          "field": 2,
          "wavelength": 1,
          "unit": "um",
          "value": 29.436940952744617,
          "settings": {
            "reference": "centroid",
            "ray_density": 8,
            "native_analysis": "StandardSpot",
            "ray_check_count": 17,
            "field": 2,
            "field_xy_deg": [
              0.0,
              3.0
            ],
            "wavelength": 1,
            "wavelength_um": 0.4861327,
            "spectral_mode": "monochromatic"
          }
        },
        {
          "metric": "rms_spot_um",
          "field": 2,
          "wavelength": 2,
          "unit": "um",
          "value": 22.661792515501308,
          "settings": {
            "reference": "centroid",
            "ray_density": 8,
            "native_analysis": "StandardSpot",
            "ray_check_count": 17,
            "field": 2,
            "field_xy_deg": [
              0.0,
              3.0
            ],
            "wavelength": 2,
            "wavelength_um": 0.55,
            "spectral_mode": "monochromatic"
          }
        },
        {
          "metric": "rms_spot_um",
          "field": 2,
          "wavelength": 3,
          "unit": "um",
          "value": 42.951421351201375,
          "settings": {
            "reference": "centroid",
            "ray_density": 8,
            "native_analysis": "StandardSpot",
            "ray_check_count": 17,
            "field": 2,
            "field_xy_deg": [
              0.0,
              3.0
            ],
            "wavelength": 3,
            "wavelength_um": 0.6562725,
            "spectral_mode": "monochromatic"
          }
        },
        {
          "metric": "rms_spot_um",
          "field": 3,
          "wavelength": 1,
          "unit": "um",
          "value": 68.17309509686152,
          "settings": {
            "reference": "centroid",
            "ray_density": 8,
            "native_analysis": "StandardSpot",
            "ray_check_count": 17,
            "field": 3,
            "field_xy_deg": [
              0.0,
              6.0
            ],
            "wavelength": 1,
            "wavelength_um": 0.4861327,
            "spectral_mode": "monochromatic"
          }
        },
        {
          "metric": "rms_spot_um",
          "field": 3,
          "wavelength": 2,
          "unit": "um",
          "value": 47.20250562604478,
          "settings": {
            "reference": "centroid",
            "ray_density": 8,
            "native_analysis": "StandardSpot",
            "ray_check_count": 17,
            "field": 3,
            "field_xy_deg": [
              0.0,
              6.0
            ],
            "wavelength": 2,
            "wavelength_um": 0.55,
            "spectral_mode": "monochromatic"
          }
        },
        {
          "metric": "rms_spot_um",
          "field": 3,
          "wavelength": 3,
          "unit": "um",
          "value": 36.58606087684669,
          "settings": {
            "reference": "centroid",
            "ray_density": 8,
            "native_analysis": "StandardSpot",
            "ray_check_count": 17,
            "field": 3,
            "field_xy_deg": [
              0.0,
              6.0
            ],
            "wavelength": 3,
            "wavelength_um": 0.6562725,
            "spectral_mode": "monochromatic"
          }
        }
      ],
      "assessment": {
        "passes": true,
        "requirements": [
          {
            "id": "focal-length",
            "key": "efl_mm",
            "requirement": {
              "id": "focal-length",
              "metric": "efl_mm",
              "unit": "mm",
              "min": 48,
              "max": 52
            },
            "status": "pass",
            "value": 49.99253979439373,
            "unit": "mm"
          },
          {
            "id": "track",
            "key": "total_track_mm",
            "requirement": {
              "id": "track",
              "metric": "total_track_mm",
              "unit": "mm",
              "max": 65
            },
            "status": "pass",
            "value": 52.5,
            "unit": "mm"
          },
          {
            "id": "spot-1-1",
            "key": "rms_spot_um|f=1|w=1",
            "requirement": {
              "metric": "rms_spot_um",
              "field": 1,
              "wavelength": 1,
              "unit": "um",
              "id": "spot-1-1",
              "max": 120
            },
            "status": "pass",
            "value": 17.455131407140875,
            "unit": "um"
          },
          {
            "id": "spot-1-2",
            "key": "rms_spot_um|f=1|w=2",
            "requirement": {
              "metric": "rms_spot_um",
              "field": 1,
              "wavelength": 2,
              "unit": "um",
              "id": "spot-1-2",
              "max": 120
            },
            "status": "pass",
            "value": 25.008790707396226,
            "unit": "um"
          },
          {
            "id": "spot-1-3",
            "key": "rms_spot_um|f=1|w=3",
            "requirement": {
              "metric": "rms_spot_um",
              "field": 1,
              "wavelength": 3,
              "unit": "um",
              "id": "spot-1-3",
              "max": 120
            },
            "status": "pass",
            "value": 51.77517657226668,
            "unit": "um"
          },
          {
            "id": "spot-2-1",
            "key": "rms_spot_um|f=2|w=1",
            "requirement": {
              "metric": "rms_spot_um",
              "field": 2,
              "wavelength": 1,
              "unit": "um",
              "id": "spot-2-1",
              "max": 120
            },
            "status": "pass",
            "value": 29.436940952744617,
            "unit": "um"
          },
          {
            "id": "spot-2-2",
            "key": "rms_spot_um|f=2|w=2",
            "requirement": {
              "metric": "rms_spot_um",
              "field": 2,
              "wavelength": 2,
              "unit": "um",
              "id": "spot-2-2",
              "max": 120
            },
            "status": "pass",
            "value": 22.661792515501308,
            "unit": "um"
          },
          {
            "id": "spot-2-3",
            "key": "rms_spot_um|f=2|w=3",
            "requirement": {
              "metric": "rms_spot_um",
              "field": 2,
              "wavelength": 3,
              "unit": "um",
              "id": "spot-2-3",
              "max": 120
            },
            "status": "pass",
            "value": 42.951421351201375,
            "unit": "um"
          },
          {
            "id": "spot-3-1",
            "key": "rms_spot_um|f=3|w=1",
            "requirement": {
              "metric": "rms_spot_um",
              "field": 3,
              "wavelength": 1,
              "unit": "um",
              "id": "spot-3-1",
              "max": 120
            },
            "status": "pass",
            "value": 68.17309509686152,
            "unit": "um"
          },
          {
            "id": "spot-3-2",
            "key": "rms_spot_um|f=3|w=2",
            "requirement": {
              "metric": "rms_spot_um",
              "field": 3,
              "wavelength": 2,
              "unit": "um",
              "id": "spot-3-2",
              "max": 120
            },
            "status": "pass",
            "value": 47.20250562604478,
            "unit": "um"
          },
          {
            "id": "spot-3-3",
            "key": "rms_spot_um|f=3|w=3",
            "requirement": {
              "metric": "rms_spot_um",
              "field": 3,
              "wavelength": 3,
              "unit": "um",
              "id": "spot-3-3",
              "max": 120
            },
            "status": "pass",
            "value": 36.58606087684669,
            "unit": "um"
          }
        ]
      },
      "objective_breakdown": {
        "aggregation": "weighted_rms",
        "direction": "minimize",
        "value": 1.3630889188626854,
        "unit": "1",
        "terms": [
          {
            "metric": "rms_spot_um",
            "field": 1,
            "wavelength": 1,
            "key": "rms_spot_um|f=1|w=1",
            "unit": "um",
            "value": 17.455131407140875,
            "target": 0,
            "scale": 30,
            "weight": 1,
            "normalized_residual": 0.5818377135713625,
            "weighted_residual": 0.1939459045237875
          },
          {
            "metric": "rms_spot_um",
            "field": 1,
            "wavelength": 2,
            "key": "rms_spot_um|f=1|w=2",
            "unit": "um",
            "value": 25.008790707396226,
            "target": 0,
            "scale": 30,
            "weight": 1,
            "normalized_residual": 0.8336263569132075,
            "weighted_residual": 0.27787545230440247
          },
          {
            "metric": "rms_spot_um",
            "field": 1,
            "wavelength": 3,
            "key": "rms_spot_um|f=1|w=3",
            "unit": "um",
            "value": 51.77517657226668,
            "target": 0,
            "scale": 30,
            "weight": 1,
            "normalized_residual": 1.725839219075556,
            "weighted_residual": 0.575279739691852
          },
          {
            "metric": "rms_spot_um",
            "field": 2,
            "wavelength": 1,
            "key": "rms_spot_um|f=2|w=1",
            "unit": "um",
            "value": 29.436940952744617,
            "target": 0,
            "scale": 30,
            "weight": 1,
            "normalized_residual": 0.9812313650914872,
            "weighted_residual": 0.3270771216971624
          },
          {
            "metric": "rms_spot_um",
            "field": 2,
            "wavelength": 2,
            "key": "rms_spot_um|f=2|w=2",
            "unit": "um",
            "value": 22.661792515501308,
            "target": 0,
            "scale": 30,
            "weight": 1,
            "normalized_residual": 0.7553930838500436,
            "weighted_residual": 0.25179769461668117
          },
          {
            "metric": "rms_spot_um",
            "field": 2,
            "wavelength": 3,
            "key": "rms_spot_um|f=2|w=3",
            "unit": "um",
            "value": 42.951421351201375,
            "target": 0,
            "scale": 30,
            "weight": 1,
            "normalized_residual": 1.4317140450400458,
            "weighted_residual": 0.4772380150133486
          },
          {
            "metric": "rms_spot_um",
            "field": 3,
            "wavelength": 1,
            "key": "rms_spot_um|f=3|w=1",
            "unit": "um",
            "value": 68.17309509686152,
            "target": 0,
            "scale": 30,
            "weight": 1,
            "normalized_residual": 2.2724365032287173,
            "weighted_residual": 0.7574788344095724
          },
          {
            "metric": "rms_spot_um",
            "field": 3,
            "wavelength": 2,
            "key": "rms_spot_um|f=3|w=2",
            "unit": "um",
            "value": 47.20250562604478,
            "target": 0,
            "scale": 30,
            "weight": 1,
            "normalized_residual": 1.5734168542014928,
            "weighted_residual": 0.5244722847338309
          },
          {
            "metric": "rms_spot_um",
            "field": 3,
            "wavelength": 3,
            "key": "rms_spot_um|f=3|w=3",
            "unit": "um",
            "value": 36.58606087684669,
            "target": 0,
            "scale": 30,
            "weight": 1,
            "normalized_residual": 1.2195353625615561,
            "weighted_residual": 0.4065117875205187
          }
        ]
      },
      "objective_value": 1.3630889188626854
    },
    {
      "kind": "search",
      "parameters_mm": [
        52.0,
        47.513671875
      ],
      "inspection": {
        "engine": {
          "name": "OpticStudio",
          "version": "24.1.0",
          "zospy_version": "2.1.5",
          "pythonnet_version": "3.1.0",
          "license": "PremiumEdition"
        },
        "focus_mm": 47.513671875,
        "image_surface": 3,
        "surfaces": [
          {
            "index": 0,
            "is_image": false,
            "is_stop": false,
            "type": "Standard",
            "radius_mm": "Infinity",
            "thickness_mm": "Infinity",
            "material": "",
            "conic": 0.0,
            "coating": "",
            "tilts": [
              0.0,
              0.0,
              0.0,
              0.0,
              0.0,
              0.0,
              0.0,
              0.0,
              0.0,
              0.0
            ],
            "aperture": "None",
            "semi_diameter_solve": "Automatic",
            "asphere_coefficients": []
          },
          {
            "index": 1,
            "is_image": false,
            "is_stop": true,
            "type": "Standard",
            "radius_mm": 52.0,
            "thickness_mm": 5.0,
            "material": "N-BK7",
            "conic": 0.0,
            "coating": "",
            "tilts": [
              0.0,
              0.0,
              0.0,
              0.0,
              0.0,
              0.0,
              0.0,
              0.0,
              0.0,
              0.0
            ],
            "aperture": "None",
            "semi_diameter_solve": "Automatic",
            "asphere_coefficients": []
          },
          {
            "index": 2,
            "is_image": false,
            "is_stop": false,
            "type": "Standard",
            "radius_mm": -50.0,
            "thickness_mm": 47.513671875,
            "material": "",
            "conic": 0.0,
            "coating": "",
            "tilts": [
              0.0,
              0.0,
              0.0,
              0.0,
              0.0,
              0.0,
              0.0,
              0.0,
              0.0,
              0.0
            ],
            "aperture": "None",
            "semi_diameter_solve": "Automatic",
            "asphere_coefficients": []
          },
          {
            "index": 3,
            "is_image": true,
            "is_stop": false,
            "type": "Standard",
            "radius_mm": "Infinity",
            "thickness_mm": "Infinity",
            "material": "",
            "conic": 0.0,
            "coating": "",
            "tilts": [
              0.0,
              0.0,
              0.0,
              0.0,
              0.0,
              0.0,
              0.0,
              0.0,
              0.0,
              0.0
            ],
            "aperture": "None",
            "semi_diameter_solve": "Automatic",
            "asphere_coefficients": []
          }
        ],
        "invariants": {
          "surfaces": [
            {
              "index": 0,
              "is_image": false,
              "is_stop": false,
              "type": "Standard",
              "radius_mm": "Infinity",
              "thickness_mm": "Infinity",
              "material": "",
              "conic": 0.0,
              "coating": "",
              "tilts": [
                0.0,
                0.0,
                0.0,
                0.0,
                0.0,
                0.0,
                0.0,
                0.0,
                0.0,
                0.0
              ],
              "aperture": "None",
              "semi_diameter_solve": "Automatic",
              "asphere_coefficients": []
            },
            {
              "index": 1,
              "is_image": false,
              "is_stop": true,
              "type": "Standard",
              "radius_mm": 52.0,
              "thickness_mm": 5.0,
              "material": "N-BK7",
              "conic": 0.0,
              "coating": "",
              "tilts": [
                0.0,
                0.0,
                0.0,
                0.0,
                0.0,
                0.0,
                0.0,
                0.0,
                0.0,
                0.0
              ],
              "aperture": "None",
              "semi_diameter_solve": "Automatic",
              "asphere_coefficients": []
            },
            {
              "index": 2,
              "is_image": false,
              "is_stop": false,
              "type": "Standard",
              "radius_mm": -50.0,
              "material": "",
              "conic": 0.0,
              "coating": "",
              "tilts": [
                0.0,
                0.0,
                0.0,
                0.0,
                0.0,
                0.0,
                0.0,
                0.0,
                0.0,
                0.0
              ],
              "aperture": "None",
              "semi_diameter_solve": "Automatic",
              "asphere_coefficients": []
            },
            {
              "index": 3,
              "is_image": true,
              "is_stop": false,
              "type": "Standard",
              "radius_mm": "Infinity",
              "thickness_mm": "Infinity",
              "material": "",
              "conic": 0.0,
              "coating": "",
              "tilts": [
                0.0,
                0.0,
                0.0,
                0.0,
                0.0,
                0.0,
                0.0,
                0.0,
                0.0,
                0.0
              ],
              "aperture": "None",
              "semi_diameter_solve": "Automatic",
              "asphere_coefficients": []
            }
          ],
          "fields": [
            {
              "index": 1,
              "x_deg": 0.0,
              "y_deg": 0.0,
              "weight": 1.0
            },
            {
              "index": 2,
              "x_deg": 0.0,
              "y_deg": 3.0,
              "weight": 1.0
            },
            {
              "index": 3,
              "x_deg": 0.0,
              "y_deg": 6.0,
              "weight": 1.0
            }
          ],
          "wavelengths": [
            {
              "index": 1,
              "um": 0.4861327,
              "weight": 1.0,
              "primary": false
            },
            {
              "index": 2,
              "um": 0.55,
              "weight": 1.0,
              "primary": true
            },
            {
              "index": 3,
              "um": 0.6562725,
              "weight": 1.0,
              "primary": false
            }
          ],
          "aperture_type": "EntrancePupilDiameter",
          "aperture_mm": 10.0,
          "lens_units": "mm"
        },
        "limits": [
          "Sequential centered Standard conic/EvenAspheric refractive systems; fixed shape coefficients; angle fields; mm; EPD.",
          "Geometric centroid RMS spot and scalar FFT MTF are distinct metrics.",
          "A sparse pupil ray check detects gross failures; it is not a full vignetting analysis."
        ]
      },
      "measurements": [
        {
          "metric": "efl_mm",
          "unit": "mm",
          "value": 49.99615696660989,
          "settings": {
            "wavelength": 2,
            "wavelength_um": 0.55
          }
        },
        {
          "metric": "f_number",
          "unit": "1",
          "value": 4.999616,
          "settings": {
            "wavelength": 2,
            "wavelength_um": 0.55
          }
        },
        {
          "metric": "total_track_mm",
          "unit": "mm",
          "value": 52.51367
        },
        {
          "metric": "image_distance_mm",
          "unit": "mm",
          "value": 47.513671875
        },
        {
          "metric": "rms_spot_um",
          "field": 1,
          "wavelength": 1,
          "unit": "um",
          "value": 17.80406360437976,
          "settings": {
            "reference": "centroid",
            "ray_density": 8,
            "native_analysis": "StandardSpot",
            "ray_check_count": 17,
            "field": 1,
            "field_xy_deg": [
              0.0,
              0.0
            ],
            "wavelength": 1,
            "wavelength_um": 0.4861327,
            "spectral_mode": "monochromatic"
          }
        },
        {
          "metric": "rms_spot_um",
          "field": 1,
          "wavelength": 2,
          "unit": "um",
          "value": 24.422225197345323,
          "settings": {
            "reference": "centroid",
            "ray_density": 8,
            "native_analysis": "StandardSpot",
            "ray_check_count": 17,
            "field": 1,
            "field_xy_deg": [
              0.0,
              0.0
            ],
            "wavelength": 2,
            "wavelength_um": 0.55,
            "spectral_mode": "monochromatic"
          }
        },
        {
          "metric": "rms_spot_um",
          "field": 1,
          "wavelength": 3,
          "unit": "um",
          "value": 51.062406927245405,
          "settings": {
            "reference": "centroid",
            "ray_density": 8,
            "native_analysis": "StandardSpot",
            "ray_check_count": 17,
            "field": 1,
            "field_xy_deg": [
              0.0,
              0.0
            ],
            "wavelength": 3,
            "wavelength_um": 0.6562725,
            "spectral_mode": "monochromatic"
          }
        },
        {
          "metric": "rms_spot_um",
          "field": 2,
          "wavelength": 1,
          "unit": "um",
          "value": 29.959677415432452,
          "settings": {
            "reference": "centroid",
            "ray_density": 8,
            "native_analysis": "StandardSpot",
            "ray_check_count": 17,
            "field": 2,
            "field_xy_deg": [
              0.0,
              3.0
            ],
            "wavelength": 1,
            "wavelength_um": 0.4861327,
            "spectral_mode": "monochromatic"
          }
        },
        {
          "metric": "rms_spot_um",
          "field": 2,
          "wavelength": 2,
          "unit": "um",
          "value": 22.42562180446002,
          "settings": {
            "reference": "centroid",
            "ray_density": 8,
            "native_analysis": "StandardSpot",
            "ray_check_count": 17,
            "field": 2,
            "field_xy_deg": [
              0.0,
              3.0
            ],
            "wavelength": 2,
            "wavelength_um": 0.55,
            "spectral_mode": "monochromatic"
          }
        },
        {
          "metric": "rms_spot_um",
          "field": 2,
          "wavelength": 3,
          "unit": "um",
          "value": 42.301774220487786,
          "settings": {
            "reference": "centroid",
            "ray_density": 8,
            "native_analysis": "StandardSpot",
            "ray_check_count": 17,
            "field": 2,
            "field_xy_deg": [
              0.0,
              3.0
            ],
            "wavelength": 3,
            "wavelength_um": 0.6562725,
            "spectral_mode": "monochromatic"
          }
        },
        {
          "metric": "rms_spot_um",
          "field": 3,
          "wavelength": 1,
          "unit": "um",
          "value": 68.8199506498398,
          "settings": {
            "reference": "centroid",
            "ray_density": 8,
            "native_analysis": "StandardSpot",
            "ray_check_count": 17,
            "field": 3,
            "field_xy_deg": [
              0.0,
              6.0
            ],
            "wavelength": 1,
            "wavelength_um": 0.4861327,
            "spectral_mode": "monochromatic"
          }
        },
        {
          "metric": "rms_spot_um",
          "field": 3,
          "wavelength": 2,
          "unit": "um",
          "value": 47.68410625659873,
          "settings": {
            "reference": "centroid",
            "ray_density": 8,
            "native_analysis": "StandardSpot",
            "ray_check_count": 17,
            "field": 3,
            "field_xy_deg": [
              0.0,
              6.0
            ],
            "wavelength": 2,
            "wavelength_um": 0.55,
            "spectral_mode": "monochromatic"
          }
        },
        {
          "metric": "rms_spot_um",
          "field": 3,
          "wavelength": 3,
          "unit": "um",
          "value": 36.581199886986724,
          "settings": {
            "reference": "centroid",
            "ray_density": 8,
            "native_analysis": "StandardSpot",
            "ray_check_count": 17,
            "field": 3,
            "field_xy_deg": [
              0.0,
              6.0
            ],
            "wavelength": 3,
            "wavelength_um": 0.6562725,
            "spectral_mode": "monochromatic"
          }
        }
      ],
      "assessment": {
        "passes": true,
        "requirements": [
          {
            "id": "focal-length",
            "key": "efl_mm",
            "requirement": {
              "id": "focal-length",
              "metric": "efl_mm",
              "unit": "mm",
              "min": 48,
              "max": 52
            },
            "status": "pass",
            "value": 49.99615696660989,
            "unit": "mm"
          },
          {
            "id": "track",
            "key": "total_track_mm",
            "requirement": {
              "id": "track",
              "metric": "total_track_mm",
              "unit": "mm",
              "max": 65
            },
            "status": "pass",
            "value": 52.51367,
            "unit": "mm"
          },
          {
            "id": "spot-1-1",
            "key": "rms_spot_um|f=1|w=1",
            "requirement": {
              "metric": "rms_spot_um",
              "field": 1,
              "wavelength": 1,
              "unit": "um",
              "id": "spot-1-1",
              "max": 120
            },
            "status": "pass",
            "value": 17.80406360437976,
            "unit": "um"
          },
          {
            "id": "spot-1-2",
            "key": "rms_spot_um|f=1|w=2",
            "requirement": {
              "metric": "rms_spot_um",
              "field": 1,
              "wavelength": 2,
              "unit": "um",
              "id": "spot-1-2",
              "max": 120
            },
            "status": "pass",
            "value": 24.422225197345323,
            "unit": "um"
          },
          {
            "id": "spot-1-3",
            "key": "rms_spot_um|f=1|w=3",
            "requirement": {
              "metric": "rms_spot_um",
              "field": 1,
              "wavelength": 3,
              "unit": "um",
              "id": "spot-1-3",
              "max": 120
            },
            "status": "pass",
            "value": 51.062406927245405,
            "unit": "um"
          },
          {
            "id": "spot-2-1",
            "key": "rms_spot_um|f=2|w=1",
            "requirement": {
              "metric": "rms_spot_um",
              "field": 2,
              "wavelength": 1,
              "unit": "um",
              "id": "spot-2-1",
              "max": 120
            },
            "status": "pass",
            "value": 29.959677415432452,
            "unit": "um"
          },
          {
            "id": "spot-2-2",
            "key": "rms_spot_um|f=2|w=2",
            "requirement": {
              "metric": "rms_spot_um",
              "field": 2,
              "wavelength": 2,
              "unit": "um",
              "id": "spot-2-2",
              "max": 120
            },
            "status": "pass",
            "value": 22.42562180446002,
            "unit": "um"
          },
          {
            "id": "spot-2-3",
            "key": "rms_spot_um|f=2|w=3",
            "requirement": {
              "metric": "rms_spot_um",
              "field": 2,
              "wavelength": 3,
              "unit": "um",
              "id": "spot-2-3",
              "max": 120
            },
            "status": "pass",
            "value": 42.301774220487786,
            "unit": "um"
          },
          {
            "id": "spot-3-1",
            "key": "rms_spot_um|f=3|w=1",
            "requirement": {
              "metric": "rms_spot_um",
              "field": 3,
              "wavelength": 1,
              "unit": "um",
              "id": "spot-3-1",
              "max": 120
            },
            "status": "pass",
            "value": 68.8199506498398,
            "unit": "um"
          },
          {
            "id": "spot-3-2",
            "key": "rms_spot_um|f=3|w=2",
            "requirement": {
              "metric": "rms_spot_um",
              "field": 3,
              "wavelength": 2,
              "unit": "um",
              "id": "spot-3-2",
              "max": 120
            },
            "status": "pass",
            "value": 47.68410625659873,
            "unit": "um"
          },
          {
            "id": "spot-3-3",
            "key": "rms_spot_um|f=3|w=3",
            "requirement": {
              "metric": "rms_spot_um",
              "field": 3,
              "wavelength": 3,
              "unit": "um",
              "id": "spot-3-3",
              "max": 120
            },
            "status": "pass",
            "value": 36.581199886986724,
            "unit": "um"
          }
        ]
      },
      "objective_breakdown": {
        "aggregation": "weighted_rms",
        "direction": "minimize",
        "value": 1.363495590909742,
        "unit": "1",
        "terms": [
          {
            "metric": "rms_spot_um",
            "field": 1,
            "wavelength": 1,
            "key": "rms_spot_um|f=1|w=1",
            "unit": "um",
            "value": 17.80406360437976,
            "target": 0,
            "scale": 30,
            "weight": 1,
            "normalized_residual": 0.5934687868126587,
            "weighted_residual": 0.19782292893755288
          },
          {
            "metric": "rms_spot_um",
            "field": 1,
            "wavelength": 2,
            "key": "rms_spot_um|f=1|w=2",
            "unit": "um",
            "value": 24.422225197345323,
            "target": 0,
            "scale": 30,
            "weight": 1,
            "normalized_residual": 0.8140741732448441,
            "weighted_residual": 0.27135805774828137
          },
          {
            "metric": "rms_spot_um",
            "field": 1,
            "wavelength": 3,
            "key": "rms_spot_um|f=1|w=3",
            "unit": "um",
            "value": 51.062406927245405,
            "target": 0,
            "scale": 30,
            "weight": 1,
            "normalized_residual": 1.7020802309081802,
            "weighted_residual": 0.5673600769693934
          },
          {
            "metric": "rms_spot_um",
            "field": 2,
            "wavelength": 1,
            "key": "rms_spot_um|f=2|w=1",
            "unit": "um",
            "value": 29.959677415432452,
            "target": 0,
            "scale": 30,
            "weight": 1,
            "normalized_residual": 0.9986559138477484,
            "weighted_residual": 0.33288530461591614
          },
          {
            "metric": "rms_spot_um",
            "field": 2,
            "wavelength": 2,
            "key": "rms_spot_um|f=2|w=2",
            "unit": "um",
            "value": 22.42562180446002,
            "target": 0,
            "scale": 30,
            "weight": 1,
            "normalized_residual": 0.7475207268153341,
            "weighted_residual": 0.24917357560511136
          },
          {
            "metric": "rms_spot_um",
            "field": 2,
            "wavelength": 3,
            "key": "rms_spot_um|f=2|w=3",
            "unit": "um",
            "value": 42.301774220487786,
            "target": 0,
            "scale": 30,
            "weight": 1,
            "normalized_residual": 1.4100591406829261,
            "weighted_residual": 0.4700197135609754
          },
          {
            "metric": "rms_spot_um",
            "field": 3,
            "wavelength": 1,
            "key": "rms_spot_um|f=3|w=1",
            "unit": "um",
            "value": 68.8199506498398,
            "target": 0,
            "scale": 30,
            "weight": 1,
            "normalized_residual": 2.29399835499466,
            "weighted_residual": 0.7646661183315533
          },
          {
            "metric": "rms_spot_um",
            "field": 3,
            "wavelength": 2,
            "key": "rms_spot_um|f=3|w=2",
            "unit": "um",
            "value": 47.68410625659873,
            "target": 0,
            "scale": 30,
            "weight": 1,
            "normalized_residual": 1.589470208553291,
            "weighted_residual": 0.529823402851097
          },
          {
            "metric": "rms_spot_um",
            "field": 3,
            "wavelength": 3,
            "key": "rms_spot_um|f=3|w=3",
            "unit": "um",
            "value": 36.581199886986724,
            "target": 0,
            "scale": 30,
            "weight": 1,
            "normalized_residual": 1.2193733295662241,
            "weighted_residual": 0.4064577765220747
          }
        ]
      },
      "objective_value": 1.363495590909742
    },
    {
      "kind": "search",
      "parameters_mm": [
        52.0,
        47.486328125
      ],
      "inspection": {
        "engine": {
          "name": "OpticStudio",
          "version": "24.1.0",
          "zospy_version": "2.1.5",
          "pythonnet_version": "3.1.0",
          "license": "PremiumEdition"
        },
        "focus_mm": 47.486328125,
        "image_surface": 3,
        "surfaces": [
          {
            "index": 0,
            "is_image": false,
            "is_stop": false,
            "type": "Standard",
            "radius_mm": "Infinity",
            "thickness_mm": "Infinity",
            "material": "",
            "conic": 0.0,
            "coating": "",
            "tilts": [
              0.0,
              0.0,
              0.0,
              0.0,
              0.0,
              0.0,
              0.0,
              0.0,
              0.0,
              0.0
            ],
            "aperture": "None",
            "semi_diameter_solve": "Automatic",
            "asphere_coefficients": []
          },
          {
            "index": 1,
            "is_image": false,
            "is_stop": true,
            "type": "Standard",
            "radius_mm": 52.0,
            "thickness_mm": 5.0,
            "material": "N-BK7",
            "conic": 0.0,
            "coating": "",
            "tilts": [
              0.0,
              0.0,
              0.0,
              0.0,
              0.0,
              0.0,
              0.0,
              0.0,
              0.0,
              0.0
            ],
            "aperture": "None",
            "semi_diameter_solve": "Automatic",
            "asphere_coefficients": []
          },
          {
            "index": 2,
            "is_image": false,
            "is_stop": false,
            "type": "Standard",
            "radius_mm": -50.0,
            "thickness_mm": 47.486328125,
            "material": "",
            "conic": 0.0,
            "coating": "",
            "tilts": [
              0.0,
              0.0,
              0.0,
              0.0,
              0.0,
              0.0,
              0.0,
              0.0,
              0.0,
              0.0
            ],
            "aperture": "None",
            "semi_diameter_solve": "Automatic",
            "asphere_coefficients": []
          },
          {
            "index": 3,
            "is_image": true,
            "is_stop": false,
            "type": "Standard",
            "radius_mm": "Infinity",
            "thickness_mm": "Infinity",
            "material": "",
            "conic": 0.0,
            "coating": "",
            "tilts": [
              0.0,
              0.0,
              0.0,
              0.0,
              0.0,
              0.0,
              0.0,
              0.0,
              0.0,
              0.0
            ],
            "aperture": "None",
            "semi_diameter_solve": "Automatic",
            "asphere_coefficients": []
          }
        ],
        "invariants": {
          "surfaces": [
            {
              "index": 0,
              "is_image": false,
              "is_stop": false,
              "type": "Standard",
              "radius_mm": "Infinity",
              "thickness_mm": "Infinity",
              "material": "",
              "conic": 0.0,
              "coating": "",
              "tilts": [
                0.0,
                0.0,
                0.0,
                0.0,
                0.0,
                0.0,
                0.0,
                0.0,
                0.0,
                0.0
              ],
              "aperture": "None",
              "semi_diameter_solve": "Automatic",
              "asphere_coefficients": []
            },
            {
              "index": 1,
              "is_image": false,
              "is_stop": true,
              "type": "Standard",
              "radius_mm": 52.0,
              "thickness_mm": 5.0,
              "material": "N-BK7",
              "conic": 0.0,
              "coating": "",
              "tilts": [
                0.0,
                0.0,
                0.0,
                0.0,
                0.0,
                0.0,
                0.0,
                0.0,
                0.0,
                0.0
              ],
              "aperture": "None",
              "semi_diameter_solve": "Automatic",
              "asphere_coefficients": []
            },
            {
              "index": 2,
              "is_image": false,
              "is_stop": false,
              "type": "Standard",
              "radius_mm": -50.0,
              "material": "",
              "conic": 0.0,
              "coating": "",
              "tilts": [
                0.0,
                0.0,
                0.0,
                0.0,
                0.0,
                0.0,
                0.0,
                0.0,
                0.0,
                0.0
              ],
              "aperture": "None",
              "semi_diameter_solve": "Automatic",
              "asphere_coefficients": []
            },
            {
              "index": 3,
              "is_image": true,
              "is_stop": false,
              "type": "Standard",
              "radius_mm": "Infinity",
              "thickness_mm": "Infinity",
              "material": "",
              "conic": 0.0,
              "coating": "",
              "tilts": [
                0.0,
                0.0,
                0.0,
                0.0,
                0.0,
                0.0,
                0.0,
                0.0,
                0.0,
                0.0
              ],
              "aperture": "None",
              "semi_diameter_solve": "Automatic",
              "asphere_coefficients": []
            }
          ],
          "fields": [
            {
              "index": 1,
              "x_deg": 0.0,
              "y_deg": 0.0,
              "weight": 1.0
            },
            {
              "index": 2,
              "x_deg": 0.0,
              "y_deg": 3.0,
              "weight": 1.0
            },
            {
              "index": 3,
              "x_deg": 0.0,
              "y_deg": 6.0,
              "weight": 1.0
            }
          ],
          "wavelengths": [
            {
              "index": 1,
              "um": 0.4861327,
              "weight": 1.0,
              "primary": false
            },
            {
              "index": 2,
              "um": 0.55,
              "weight": 1.0,
              "primary": true
            },
            {
              "index": 3,
              "um": 0.6562725,
              "weight": 1.0,
              "primary": false
            }
          ],
          "aperture_type": "EntrancePupilDiameter",
          "aperture_mm": 10.0,
          "lens_units": "mm"
        },
        "limits": [
          "Sequential centered Standard conic/EvenAspheric refractive systems; fixed shape coefficients; angle fields; mm; EPD.",
          "Geometric centroid RMS spot and scalar FFT MTF are distinct metrics.",
          "A sparse pupil ray check detects gross failures; it is not a full vignetting analysis."
        ]
      },
      "measurements": [
        {
          "metric": "efl_mm",
          "unit": "mm",
          "value": 49.99615696660989,
          "settings": {
            "wavelength": 2,
            "wavelength_um": 0.55
          }
        },
        {
          "metric": "f_number",
          "unit": "1",
          "value": 4.999616,
          "settings": {
            "wavelength": 2,
            "wavelength_um": 0.55
          }
        },
        {
          "metric": "total_track_mm",
          "unit": "mm",
          "value": 52.48633
        },
        {
          "metric": "image_distance_mm",
          "unit": "mm",
          "value": 47.486328125
        },
        {
          "metric": "rms_spot_um",
          "field": 1,
          "wavelength": 1,
          "unit": "um",
          "value": 16.907105292149982,
          "settings": {
            "reference": "centroid",
            "ray_density": 8,
            "native_analysis": "StandardSpot",
            "ray_check_count": 17,
            "field": 1,
            "field_xy_deg": [
              0.0,
              0.0
            ],
            "wavelength": 1,
            "wavelength_um": 0.4861327,
            "spectral_mode": "monochromatic"
          }
        },
        {
          "metric": "rms_spot_um",
          "field": 1,
          "wavelength": 2,
          "unit": "um",
          "value": 26.052988914409656,
          "settings": {
            "reference": "centroid",
            "ray_density": 8,
            "native_analysis": "StandardSpot",
            "ray_check_count": 17,
            "field": 1,
            "field_xy_deg": [
              0.0,
              0.0
            ],
            "wavelength": 2,
            "wavelength_um": 0.55,
            "spectral_mode": "monochromatic"
          }
        },
        {
          "metric": "rms_spot_um",
          "field": 1,
          "wavelength": 3,
          "unit": "um",
          "value": 53.02266239442151,
          "settings": {
            "reference": "centroid",
            "ray_density": 8,
            "native_analysis": "StandardSpot",
            "ray_check_count": 17,
            "field": 1,
            "field_xy_deg": [
              0.0,
              0.0
            ],
            "wavelength": 3,
            "wavelength_um": 0.6562725,
            "spectral_mode": "monochromatic"
          }
        },
        {
          "metric": "rms_spot_um",
          "field": 2,
          "wavelength": 1,
          "unit": "um",
          "value": 28.54791234960425,
          "settings": {
            "reference": "centroid",
            "ray_density": 8,
            "native_analysis": "StandardSpot",
            "ray_check_count": 17,
            "field": 2,
            "field_xy_deg": [
              0.0,
              3.0
            ],
            "wavelength": 1,
            "wavelength_um": 0.4861327,
            "spectral_mode": "monochromatic"
          }
        },
        {
          "metric": "rms_spot_um",
          "field": 2,
          "wavelength": 2,
          "unit": "um",
          "value": 23.126938039935773,
          "settings": {
            "reference": "centroid",
            "ray_density": 8,
            "native_analysis": "StandardSpot",
            "ray_check_count": 17,
            "field": 2,
            "field_xy_deg": [
              0.0,
              3.0
            ],
            "wavelength": 2,
            "wavelength_um": 0.55,
            "spectral_mode": "monochromatic"
          }
        },
        {
          "metric": "rms_spot_um",
          "field": 2,
          "wavelength": 3,
          "unit": "um",
          "value": 44.094129239448606,
          "settings": {
            "reference": "centroid",
            "ray_density": 8,
            "native_analysis": "StandardSpot",
            "ray_check_count": 17,
            "field": 2,
            "field_xy_deg": [
              0.0,
              3.0
            ],
            "wavelength": 3,
            "wavelength_um": 0.6562725,
            "spectral_mode": "monochromatic"
          }
        },
        {
          "metric": "rms_spot_um",
          "field": 3,
          "wavelength": 1,
          "unit": "um",
          "value": 67.04869732577848,
          "settings": {
            "reference": "centroid",
            "ray_density": 8,
            "native_analysis": "StandardSpot",
            "ray_check_count": 17,
            "field": 3,
            "field_xy_deg": [
              0.0,
              6.0
            ],
            "wavelength": 1,
            "wavelength_um": 0.4861327,
            "spectral_mode": "monochromatic"
          }
        },
        {
          "metric": "rms_spot_um",
          "field": 3,
          "wavelength": 2,
          "unit": "um",
          "value": 46.37904637932469,
          "settings": {
            "reference": "centroid",
            "ray_density": 8,
            "native_analysis": "StandardSpot",
            "ray_check_count": 17,
            "field": 3,
            "field_xy_deg": [
              0.0,
              6.0
            ],
            "wavelength": 2,
            "wavelength_um": 0.55,
            "spectral_mode": "monochromatic"
          }
        },
        {
          "metric": "rms_spot_um",
          "field": 3,
          "wavelength": 3,
          "unit": "um",
          "value": 36.63265862475192,
          "settings": {
            "reference": "centroid",
            "ray_density": 8,
            "native_analysis": "StandardSpot",
            "ray_check_count": 17,
            "field": 3,
            "field_xy_deg": [
              0.0,
              6.0
            ],
            "wavelength": 3,
            "wavelength_um": 0.6562725,
            "spectral_mode": "monochromatic"
          }
        }
      ],
      "assessment": {
        "passes": true,
        "requirements": [
          {
            "id": "focal-length",
            "key": "efl_mm",
            "requirement": {
              "id": "focal-length",
              "metric": "efl_mm",
              "unit": "mm",
              "min": 48,
              "max": 52
            },
            "status": "pass",
            "value": 49.99615696660989,
            "unit": "mm"
          },
          {
            "id": "track",
            "key": "total_track_mm",
            "requirement": {
              "id": "track",
              "metric": "total_track_mm",
              "unit": "mm",
              "max": 65
            },
            "status": "pass",
            "value": 52.48633,
            "unit": "mm"
          },
          {
            "id": "spot-1-1",
            "key": "rms_spot_um|f=1|w=1",
            "requirement": {
              "metric": "rms_spot_um",
              "field": 1,
              "wavelength": 1,
              "unit": "um",
              "id": "spot-1-1",
              "max": 120
            },
            "status": "pass",
            "value": 16.907105292149982,
            "unit": "um"
          },
          {
            "id": "spot-1-2",
            "key": "rms_spot_um|f=1|w=2",
            "requirement": {
              "metric": "rms_spot_um",
              "field": 1,
              "wavelength": 2,
              "unit": "um",
              "id": "spot-1-2",
              "max": 120
            },
            "status": "pass",
            "value": 26.052988914409656,
            "unit": "um"
          },
          {
            "id": "spot-1-3",
            "key": "rms_spot_um|f=1|w=3",
            "requirement": {
              "metric": "rms_spot_um",
              "field": 1,
              "wavelength": 3,
              "unit": "um",
              "id": "spot-1-3",
              "max": 120
            },
            "status": "pass",
            "value": 53.02266239442151,
            "unit": "um"
          },
          {
            "id": "spot-2-1",
            "key": "rms_spot_um|f=2|w=1",
            "requirement": {
              "metric": "rms_spot_um",
              "field": 2,
              "wavelength": 1,
              "unit": "um",
              "id": "spot-2-1",
              "max": 120
            },
            "status": "pass",
            "value": 28.54791234960425,
            "unit": "um"
          },
          {
            "id": "spot-2-2",
            "key": "rms_spot_um|f=2|w=2",
            "requirement": {
              "metric": "rms_spot_um",
              "field": 2,
              "wavelength": 2,
              "unit": "um",
              "id": "spot-2-2",
              "max": 120
            },
            "status": "pass",
            "value": 23.126938039935773,
            "unit": "um"
          },
          {
            "id": "spot-2-3",
            "key": "rms_spot_um|f=2|w=3",
            "requirement": {
              "metric": "rms_spot_um",
              "field": 2,
              "wavelength": 3,
              "unit": "um",
              "id": "spot-2-3",
              "max": 120
            },
            "status": "pass",
            "value": 44.094129239448606,
            "unit": "um"
          },
          {
            "id": "spot-3-1",
            "key": "rms_spot_um|f=3|w=1",
            "requirement": {
              "metric": "rms_spot_um",
              "field": 3,
              "wavelength": 1,
              "unit": "um",
              "id": "spot-3-1",
              "max": 120
            },
            "status": "pass",
            "value": 67.04869732577848,
            "unit": "um"
          },
          {
            "id": "spot-3-2",
            "key": "rms_spot_um|f=3|w=2",
            "requirement": {
              "metric": "rms_spot_um",
              "field": 3,
              "wavelength": 2,
              "unit": "um",
              "id": "spot-3-2",
              "max": 120
            },
            "status": "pass",
            "value": 46.37904637932469,
            "unit": "um"
          },
          {
            "id": "spot-3-3",
            "key": "rms_spot_um|f=3|w=3",
            "requirement": {
              "metric": "rms_spot_um",
              "field": 3,
              "wavelength": 3,
              "unit": "um",
              "id": "spot-3-3",
              "max": 120
            },
            "status": "pass",
            "value": 36.63265862475192,
            "unit": "um"
          }
        ]
      },
      "objective_breakdown": {
        "aggregation": "weighted_rms",
        "direction": "minimize",
        "value": 1.3634848869033867,
        "unit": "1",
        "terms": [
          {
            "metric": "rms_spot_um",
            "field": 1,
            "wavelength": 1,
            "key": "rms_spot_um|f=1|w=1",
            "unit": "um",
            "value": 16.907105292149982,
            "target": 0,
            "scale": 30,
            "weight": 1,
            "normalized_residual": 0.5635701764049994,
            "weighted_residual": 0.18785672546833312
          },
          {
            "metric": "rms_spot_um",
            "field": 1,
            "wavelength": 2,
            "key": "rms_spot_um|f=1|w=2",
            "unit": "um",
            "value": 26.052988914409656,
            "target": 0,
            "scale": 30,
            "weight": 1,
            "normalized_residual": 0.8684329638136552,
            "weighted_residual": 0.2894776546045517
          },
          {
            "metric": "rms_spot_um",
            "field": 1,
            "wavelength": 3,
            "key": "rms_spot_um|f=1|w=3",
            "unit": "um",
            "value": 53.02266239442151,
            "target": 0,
            "scale": 30,
            "weight": 1,
            "normalized_residual": 1.7674220798140503,
            "weighted_residual": 0.5891406932713501
          },
          {
            "metric": "rms_spot_um",
            "field": 2,
            "wavelength": 1,
            "key": "rms_spot_um|f=2|w=1",
            "unit": "um",
            "value": 28.54791234960425,
            "target": 0,
            "scale": 30,
            "weight": 1,
            "normalized_residual": 0.9515970783201416,
            "weighted_residual": 0.31719902610671386
          },
          {
            "metric": "rms_spot_um",
            "field": 2,
            "wavelength": 2,
            "key": "rms_spot_um|f=2|w=2",
            "unit": "um",
            "value": 23.126938039935773,
            "target": 0,
            "scale": 30,
            "weight": 1,
            "normalized_residual": 0.7708979346645257,
            "weighted_residual": 0.2569659782215086
          },
          {
            "metric": "rms_spot_um",
            "field": 2,
            "wavelength": 3,
            "key": "rms_spot_um|f=2|w=3",
            "unit": "um",
            "value": 44.094129239448606,
            "target": 0,
            "scale": 30,
            "weight": 1,
            "normalized_residual": 1.46980430798162,
            "weighted_residual": 0.4899347693272067
          },
          {
            "metric": "rms_spot_um",
            "field": 3,
            "wavelength": 1,
            "key": "rms_spot_um|f=3|w=1",
            "unit": "um",
            "value": 67.04869732577848,
            "target": 0,
            "scale": 30,
            "weight": 1,
            "normalized_residual": 2.2349565775259492,
            "weighted_residual": 0.7449855258419831
          },
          {
            "metric": "rms_spot_um",
            "field": 3,
            "wavelength": 2,
            "key": "rms_spot_um|f=3|w=2",
            "unit": "um",
            "value": 46.37904637932469,
            "target": 0,
            "scale": 30,
            "weight": 1,
            "normalized_residual": 1.5459682126441563,
            "weighted_residual": 0.515322737548052
          },
          {
            "metric": "rms_spot_um",
            "field": 3,
            "wavelength": 3,
            "key": "rms_spot_um|f=3|w=3",
            "unit": "um",
            "value": 36.63265862475192,
            "target": 0,
            "scale": 30,
            "weight": 1,
            "normalized_residual": 1.221088620825064,
            "weighted_residual": 0.4070295402750213
          }
        ]
      },
      "objective_value": 1.3634848869033867
    },
    {
      "kind": "search",
      "parameters_mm": [
        51.99609375,
        47.5
      ],
      "inspection": {
        "engine": {
          "name": "OpticStudio",
          "version": "24.1.0",
          "zospy_version": "2.1.5",
          "pythonnet_version": "3.1.0",
          "license": "PremiumEdition"
        },
        "focus_mm": 47.5,
        "image_surface": 3,
        "surfaces": [
          {
            "index": 0,
            "is_image": false,
            "is_stop": false,
            "type": "Standard",
            "radius_mm": "Infinity",
            "thickness_mm": "Infinity",
            "material": "",
            "conic": 0.0,
            "coating": "",
            "tilts": [
              0.0,
              0.0,
              0.0,
              0.0,
              0.0,
              0.0,
              0.0,
              0.0,
              0.0,
              0.0
            ],
            "aperture": "None",
            "semi_diameter_solve": "Automatic",
            "asphere_coefficients": []
          },
          {
            "index": 1,
            "is_image": false,
            "is_stop": true,
            "type": "Standard",
            "radius_mm": 51.99609375,
            "thickness_mm": 5.0,
            "material": "N-BK7",
            "conic": 0.0,
            "coating": "",
            "tilts": [
              0.0,
              0.0,
              0.0,
              0.0,
              0.0,
              0.0,
              0.0,
              0.0,
              0.0,
              0.0
            ],
            "aperture": "None",
            "semi_diameter_solve": "Automatic",
            "asphere_coefficients": []
          },
          {
            "index": 2,
            "is_image": false,
            "is_stop": false,
            "type": "Standard",
            "radius_mm": -50.0,
            "thickness_mm": 47.5,
            "material": "",
            "conic": 0.0,
            "coating": "",
            "tilts": [
              0.0,
              0.0,
              0.0,
              0.0,
              0.0,
              0.0,
              0.0,
              0.0,
              0.0,
              0.0
            ],
            "aperture": "None",
            "semi_diameter_solve": "Automatic",
            "asphere_coefficients": []
          },
          {
            "index": 3,
            "is_image": true,
            "is_stop": false,
            "type": "Standard",
            "radius_mm": "Infinity",
            "thickness_mm": "Infinity",
            "material": "",
            "conic": 0.0,
            "coating": "",
            "tilts": [
              0.0,
              0.0,
              0.0,
              0.0,
              0.0,
              0.0,
              0.0,
              0.0,
              0.0,
              0.0
            ],
            "aperture": "None",
            "semi_diameter_solve": "Automatic",
            "asphere_coefficients": []
          }
        ],
        "invariants": {
          "surfaces": [
            {
              "index": 0,
              "is_image": false,
              "is_stop": false,
              "type": "Standard",
              "radius_mm": "Infinity",
              "thickness_mm": "Infinity",
              "material": "",
              "conic": 0.0,
              "coating": "",
              "tilts": [
                0.0,
                0.0,
                0.0,
                0.0,
                0.0,
                0.0,
                0.0,
                0.0,
                0.0,
                0.0
              ],
              "aperture": "None",
              "semi_diameter_solve": "Automatic",
              "asphere_coefficients": []
            },
            {
              "index": 1,
              "is_image": false,
              "is_stop": true,
              "type": "Standard",
              "radius_mm": 51.99609375,
              "thickness_mm": 5.0,
              "material": "N-BK7",
              "conic": 0.0,
              "coating": "",
              "tilts": [
                0.0,
                0.0,
                0.0,
                0.0,
                0.0,
                0.0,
                0.0,
                0.0,
                0.0,
                0.0
              ],
              "aperture": "None",
              "semi_diameter_solve": "Automatic",
              "asphere_coefficients": []
            },
            {
              "index": 2,
              "is_image": false,
              "is_stop": false,
              "type": "Standard",
              "radius_mm": -50.0,
              "material": "",
              "conic": 0.0,
              "coating": "",
              "tilts": [
                0.0,
                0.0,
                0.0,
                0.0,
                0.0,
                0.0,
                0.0,
                0.0,
                0.0,
                0.0
              ],
              "aperture": "None",
              "semi_diameter_solve": "Automatic",
              "asphere_coefficients": []
            },
            {
              "index": 3,
              "is_image": true,
              "is_stop": false,
              "type": "Standard",
              "radius_mm": "Infinity",
              "thickness_mm": "Infinity",
              "material": "",
              "conic": 0.0,
              "coating": "",
              "tilts": [
                0.0,
                0.0,
                0.0,
                0.0,
                0.0,
                0.0,
                0.0,
                0.0,
                0.0,
                0.0
              ],
              "aperture": "None",
              "semi_diameter_solve": "Automatic",
              "asphere_coefficients": []
            }
          ],
          "fields": [
            {
              "index": 1,
              "x_deg": 0.0,
              "y_deg": 0.0,
              "weight": 1.0
            },
            {
              "index": 2,
              "x_deg": 0.0,
              "y_deg": 3.0,
              "weight": 1.0
            },
            {
              "index": 3,
              "x_deg": 0.0,
              "y_deg": 6.0,
              "weight": 1.0
            }
          ],
          "wavelengths": [
            {
              "index": 1,
              "um": 0.4861327,
              "weight": 1.0,
              "primary": false
            },
            {
              "index": 2,
              "um": 0.55,
              "weight": 1.0,
              "primary": true
            },
            {
              "index": 3,
              "um": 0.6562725,
              "weight": 1.0,
              "primary": false
            }
          ],
          "aperture_type": "EntrancePupilDiameter",
          "aperture_mm": 10.0,
          "lens_units": "mm"
        },
        "limits": [
          "Sequential centered Standard conic/EvenAspheric refractive systems; fixed shape coefficients; angle fields; mm; EPD.",
          "Geometric centroid RMS spot and scalar FFT MTF are distinct metrics.",
          "A sparse pupil ray check detects gross failures; it is not a full vignetting analysis."
        ]
      },
      "measurements": [
        {
          "metric": "efl_mm",
          "unit": "mm",
          "value": 49.994348450946276,
          "settings": {
            "wavelength": 2,
            "wavelength_um": 0.55
          }
        },
        {
          "metric": "f_number",
          "unit": "1",
          "value": 4.999435,
          "settings": {
            "wavelength": 2,
            "wavelength_um": 0.55
          }
        },
        {
          "metric": "total_track_mm",
          "unit": "mm",
          "value": 52.5
        },
        {
          "metric": "image_distance_mm",
          "unit": "mm",
          "value": 47.5
        },
        {
          "metric": "rms_spot_um",
          "field": 1,
          "wavelength": 1,
          "unit": "um",
          "value": 17.392133473980973,
          "settings": {
            "reference": "centroid",
            "ray_density": 8,
            "native_analysis": "StandardSpot",
            "ray_check_count": 17,
            "field": 1,
            "field_xy_deg": [
              0.0,
              0.0
            ],
            "wavelength": 1,
            "wavelength_um": 0.4861327,
            "spectral_mode": "monochromatic"
          }
        },
        {
          "metric": "rms_spot_um",
          "field": 1,
          "wavelength": 2,
          "unit": "um",
          "value": 25.119042021197046,
          "settings": {
            "reference": "centroid",
            "ray_density": 8,
            "native_analysis": "StandardSpot",
            "ray_check_count": 17,
            "field": 1,
            "field_xy_deg": [
              0.0,
              0.0
            ],
            "wavelength": 2,
            "wavelength_um": 0.55,
            "spectral_mode": "monochromatic"
          }
        },
        {
          "metric": "rms_spot_um",
          "field": 1,
          "wavelength": 3,
          "unit": "um",
          "value": 51.908406811783536,
          "settings": {
            "reference": "centroid",
            "ray_density": 8,
            "native_analysis": "StandardSpot",
            "ray_check_count": 17,
            "field": 1,
            "field_xy_deg": [
              0.0,
              0.0
            ],
            "wavelength": 3,
            "wavelength_um": 0.6562725,
            "spectral_mode": "monochromatic"
          }
        },
        {
          "metric": "rms_spot_um",
          "field": 2,
          "wavelength": 1,
          "unit": "um",
          "value": 29.340090157162155,
          "settings": {
            "reference": "centroid",
            "ray_density": 8,
            "native_analysis": "StandardSpot",
            "ray_check_count": 17,
            "field": 2,
            "field_xy_deg": [
              0.0,
              3.0
            ],
            "wavelength": 1,
            "wavelength_um": 0.4861327,
            "spectral_mode": "monochromatic"
          }
        },
        {
          "metric": "rms_spot_um",
          "field": 2,
          "wavelength": 2,
          "unit": "um",
          "value": 22.70817106870764,
          "settings": {
            "reference": "centroid",
            "ray_density": 8,
            "native_analysis": "StandardSpot",
            "ray_check_count": 17,
            "field": 2,
            "field_xy_deg": [
              0.0,
              3.0
            ],
            "wavelength": 2,
            "wavelength_um": 0.55,
            "spectral_mode": "monochromatic"
          }
        },
        {
          "metric": "rms_spot_um",
          "field": 2,
          "wavelength": 3,
          "unit": "um",
          "value": 43.07315508082553,
          "settings": {
            "reference": "centroid",
            "ray_density": 8,
            "native_analysis": "StandardSpot",
            "ray_check_count": 17,
            "field": 2,
            "field_xy_deg": [
              0.0,
              3.0
            ],
            "wavelength": 3,
            "wavelength_um": 0.6562725,
            "spectral_mode": "monochromatic"
          }
        },
        {
          "metric": "rms_spot_um",
          "field": 3,
          "wavelength": 1,
          "unit": "um",
          "value": 68.052437664445,
          "settings": {
            "reference": "centroid",
            "ray_density": 8,
            "native_analysis": "StandardSpot",
            "ray_check_count": 17,
            "field": 3,
            "field_xy_deg": [
              0.0,
              6.0
            ],
            "wavelength": 1,
            "wavelength_um": 0.4861327,
            "spectral_mode": "monochromatic"
          }
        },
        {
          "metric": "rms_spot_um",
          "field": 3,
          "wavelength": 2,
          "unit": "um",
          "value": 47.11332420589085,
          "settings": {
            "reference": "centroid",
            "ray_density": 8,
            "native_analysis": "StandardSpot",
            "ray_check_count": 17,
            "field": 3,
            "field_xy_deg": [
              0.0,
              6.0
            ],
            "wavelength": 2,
            "wavelength_um": 0.55,
            "spectral_mode": "monochromatic"
          }
        },
        {
          "metric": "rms_spot_um",
          "field": 3,
          "wavelength": 3,
          "unit": "um",
          "value": 36.58884102923008,
          "settings": {
            "reference": "centroid",
            "ray_density": 8,
            "native_analysis": "StandardSpot",
            "ray_check_count": 17,
            "field": 3,
            "field_xy_deg": [
              0.0,
              6.0
            ],
            "wavelength": 3,
            "wavelength_um": 0.6562725,
            "spectral_mode": "monochromatic"
          }
        }
      ],
      "assessment": {
        "passes": true,
        "requirements": [
          {
            "id": "focal-length",
            "key": "efl_mm",
            "requirement": {
              "id": "focal-length",
              "metric": "efl_mm",
              "unit": "mm",
              "min": 48,
              "max": 52
            },
            "status": "pass",
            "value": 49.994348450946276,
            "unit": "mm"
          },
          {
            "id": "track",
            "key": "total_track_mm",
            "requirement": {
              "id": "track",
              "metric": "total_track_mm",
              "unit": "mm",
              "max": 65
            },
            "status": "pass",
            "value": 52.5,
            "unit": "mm"
          },
          {
            "id": "spot-1-1",
            "key": "rms_spot_um|f=1|w=1",
            "requirement": {
              "metric": "rms_spot_um",
              "field": 1,
              "wavelength": 1,
              "unit": "um",
              "id": "spot-1-1",
              "max": 120
            },
            "status": "pass",
            "value": 17.392133473980973,
            "unit": "um"
          },
          {
            "id": "spot-1-2",
            "key": "rms_spot_um|f=1|w=2",
            "requirement": {
              "metric": "rms_spot_um",
              "field": 1,
              "wavelength": 2,
              "unit": "um",
              "id": "spot-1-2",
              "max": 120
            },
            "status": "pass",
            "value": 25.119042021197046,
            "unit": "um"
          },
          {
            "id": "spot-1-3",
            "key": "rms_spot_um|f=1|w=3",
            "requirement": {
              "metric": "rms_spot_um",
              "field": 1,
              "wavelength": 3,
              "unit": "um",
              "id": "spot-1-3",
              "max": 120
            },
            "status": "pass",
            "value": 51.908406811783536,
            "unit": "um"
          },
          {
            "id": "spot-2-1",
            "key": "rms_spot_um|f=2|w=1",
            "requirement": {
              "metric": "rms_spot_um",
              "field": 2,
              "wavelength": 1,
              "unit": "um",
              "id": "spot-2-1",
              "max": 120
            },
            "status": "pass",
            "value": 29.340090157162155,
            "unit": "um"
          },
          {
            "id": "spot-2-2",
            "key": "rms_spot_um|f=2|w=2",
            "requirement": {
              "metric": "rms_spot_um",
              "field": 2,
              "wavelength": 2,
              "unit": "um",
              "id": "spot-2-2",
              "max": 120
            },
            "status": "pass",
            "value": 22.70817106870764,
            "unit": "um"
          },
          {
            "id": "spot-2-3",
            "key": "rms_spot_um|f=2|w=3",
            "requirement": {
              "metric": "rms_spot_um",
              "field": 2,
              "wavelength": 3,
              "unit": "um",
              "id": "spot-2-3",
              "max": 120
            },
            "status": "pass",
            "value": 43.07315508082553,
            "unit": "um"
          },
          {
            "id": "spot-3-1",
            "key": "rms_spot_um|f=3|w=1",
            "requirement": {
              "metric": "rms_spot_um",
              "field": 3,
              "wavelength": 1,
              "unit": "um",
              "id": "spot-3-1",
              "max": 120
            },
            "status": "pass",
            "value": 68.052437664445,
            "unit": "um"
          },
          {
            "id": "spot-3-2",
            "key": "rms_spot_um|f=3|w=2",
            "requirement": {
              "metric": "rms_spot_um",
              "field": 3,
              "wavelength": 2,
              "unit": "um",
              "id": "spot-3-2",
              "max": 120
            },
            "status": "pass",
            "value": 47.11332420589085,
            "unit": "um"
          },
          {
            "id": "spot-3-3",
            "key": "rms_spot_um|f=3|w=3",
            "requirement": {
              "metric": "rms_spot_um",
              "field": 3,
              "wavelength": 3,
              "unit": "um",
              "id": "spot-3-3",
              "max": 120
            },
            "status": "pass",
            "value": 36.58884102923008,
            "unit": "um"
          }
        ]
      },
      "objective_breakdown": {
        "aggregation": "weighted_rms",
        "direction": "minimize",
        "value": 1.3630610416561837,
        "unit": "1",
        "terms": [
          {
            "metric": "rms_spot_um",
            "field": 1,
            "wavelength": 1,
            "key": "rms_spot_um|f=1|w=1",
            "unit": "um",
            "value": 17.392133473980973,
            "target": 0,
            "scale": 30,
            "weight": 1,
            "normalized_residual": 0.5797377824660325,
            "weighted_residual": 0.19324592748867747
          },
          {
            "metric": "rms_spot_um",
            "field": 1,
            "wavelength": 2,
            "key": "rms_spot_um|f=1|w=2",
            "unit": "um",
            "value": 25.119042021197046,
            "target": 0,
            "scale": 30,
            "weight": 1,
            "normalized_residual": 0.8373014007065682,
            "weighted_residual": 0.27910046690218937
          },
          {
            "metric": "rms_spot_um",
            "field": 1,
            "wavelength": 3,
            "key": "rms_spot_um|f=1|w=3",
            "unit": "um",
            "value": 51.908406811783536,
            "target": 0,
            "scale": 30,
            "weight": 1,
            "normalized_residual": 1.7302802270594513,
            "weighted_residual": 0.5767600756864837
          },
          {
            "metric": "rms_spot_um",
            "field": 2,
            "wavelength": 1,
            "key": "rms_spot_um|f=2|w=1",
            "unit": "um",
            "value": 29.340090157162155,
            "target": 0,
            "scale": 30,
            "weight": 1,
            "normalized_residual": 0.9780030052387385,
            "weighted_residual": 0.32600100174624613
          },
          {
            "metric": "rms_spot_um",
            "field": 2,
            "wavelength": 2,
            "key": "rms_spot_um|f=2|w=2",
            "unit": "um",
            "value": 22.70817106870764,
            "target": 0,
            "scale": 30,
            "weight": 1,
            "normalized_residual": 0.756939035623588,
            "weighted_residual": 0.2523130118745293
          },
          {
            "metric": "rms_spot_um",
            "field": 2,
            "wavelength": 3,
            "key": "rms_spot_um|f=2|w=3",
            "unit": "um",
            "value": 43.07315508082553,
            "target": 0,
            "scale": 30,
            "weight": 1,
            "normalized_residual": 1.4357718360275176,
            "weighted_residual": 0.4785906120091725
          },
          {
            "metric": "rms_spot_um",
            "field": 3,
            "wavelength": 1,
            "key": "rms_spot_um|f=3|w=1",
            "unit": "um",
            "value": 68.052437664445,
            "target": 0,
            "scale": 30,
            "weight": 1,
            "normalized_residual": 2.2684145888148333,
            "weighted_residual": 0.756138196271611
          },
          {
            "metric": "rms_spot_um",
            "field": 3,
            "wavelength": 2,
            "key": "rms_spot_um|f=3|w=2",
            "unit": "um",
            "value": 47.11332420589085,
            "target": 0,
            "scale": 30,
            "weight": 1,
            "normalized_residual": 1.5704441401963616,
            "weighted_residual": 0.5234813800654539
          },
          {
            "metric": "rms_spot_um",
            "field": 3,
            "wavelength": 3,
            "key": "rms_spot_um|f=3|w=3",
            "unit": "um",
            "value": 36.58884102923008,
            "target": 0,
            "scale": 30,
            "weight": 1,
            "normalized_residual": 1.2196280343076693,
            "weighted_residual": 0.4065426781025564
          }
        ]
      },
      "objective_value": 1.3630610416561837
    },
    {
      "kind": "search",
      "parameters_mm": [
        52.0,
        47.5068359375
      ],
      "inspection": {
        "engine": {
          "name": "OpticStudio",
          "version": "24.1.0",
          "zospy_version": "2.1.5",
          "pythonnet_version": "3.1.0",
          "license": "PremiumEdition"
        },
        "focus_mm": 47.5068359375,
        "image_surface": 3,
        "surfaces": [
          {
            "index": 0,
            "is_image": false,
            "is_stop": false,
            "type": "Standard",
            "radius_mm": "Infinity",
            "thickness_mm": "Infinity",
            "material": "",
            "conic": 0.0,
            "coating": "",
            "tilts": [
              0.0,
              0.0,
              0.0,
              0.0,
              0.0,
              0.0,
              0.0,
              0.0,
              0.0,
              0.0
            ],
            "aperture": "None",
            "semi_diameter_solve": "Automatic",
            "asphere_coefficients": []
          },
          {
            "index": 1,
            "is_image": false,
            "is_stop": true,
            "type": "Standard",
            "radius_mm": 52.0,
            "thickness_mm": 5.0,
            "material": "N-BK7",
            "conic": 0.0,
            "coating": "",
            "tilts": [
              0.0,
              0.0,
              0.0,
              0.0,
              0.0,
              0.0,
              0.0,
              0.0,
              0.0,
              0.0
            ],
            "aperture": "None",
            "semi_diameter_solve": "Automatic",
            "asphere_coefficients": []
          },
          {
            "index": 2,
            "is_image": false,
            "is_stop": false,
            "type": "Standard",
            "radius_mm": -50.0,
            "thickness_mm": 47.5068359375,
            "material": "",
            "conic": 0.0,
            "coating": "",
            "tilts": [
              0.0,
              0.0,
              0.0,
              0.0,
              0.0,
              0.0,
              0.0,
              0.0,
              0.0,
              0.0
            ],
            "aperture": "None",
            "semi_diameter_solve": "Automatic",
            "asphere_coefficients": []
          },
          {
            "index": 3,
            "is_image": true,
            "is_stop": false,
            "type": "Standard",
            "radius_mm": "Infinity",
            "thickness_mm": "Infinity",
            "material": "",
            "conic": 0.0,
            "coating": "",
            "tilts": [
              0.0,
              0.0,
              0.0,
              0.0,
              0.0,
              0.0,
              0.0,
              0.0,
              0.0,
              0.0
            ],
            "aperture": "None",
            "semi_diameter_solve": "Automatic",
            "asphere_coefficients": []
          }
        ],
        "invariants": {
          "surfaces": [
            {
              "index": 0,
              "is_image": false,
              "is_stop": false,
              "type": "Standard",
              "radius_mm": "Infinity",
              "thickness_mm": "Infinity",
              "material": "",
              "conic": 0.0,
              "coating": "",
              "tilts": [
                0.0,
                0.0,
                0.0,
                0.0,
                0.0,
                0.0,
                0.0,
                0.0,
                0.0,
                0.0
              ],
              "aperture": "None",
              "semi_diameter_solve": "Automatic",
              "asphere_coefficients": []
            },
            {
              "index": 1,
              "is_image": false,
              "is_stop": true,
              "type": "Standard",
              "radius_mm": 52.0,
              "thickness_mm": 5.0,
              "material": "N-BK7",
              "conic": 0.0,
              "coating": "",
              "tilts": [
                0.0,
                0.0,
                0.0,
                0.0,
                0.0,
                0.0,
                0.0,
                0.0,
                0.0,
                0.0
              ],
              "aperture": "None",
              "semi_diameter_solve": "Automatic",
              "asphere_coefficients": []
            },
            {
              "index": 2,
              "is_image": false,
              "is_stop": false,
              "type": "Standard",
              "radius_mm": -50.0,
              "material": "",
              "conic": 0.0,
              "coating": "",
              "tilts": [
                0.0,
                0.0,
                0.0,
                0.0,
                0.0,
                0.0,
                0.0,
                0.0,
                0.0,
                0.0
              ],
              "aperture": "None",
              "semi_diameter_solve": "Automatic",
              "asphere_coefficients": []
            },
            {
              "index": 3,
              "is_image": true,
              "is_stop": false,
              "type": "Standard",
              "radius_mm": "Infinity",
              "thickness_mm": "Infinity",
              "material": "",
              "conic": 0.0,
              "coating": "",
              "tilts": [
                0.0,
                0.0,
                0.0,
                0.0,
                0.0,
                0.0,
                0.0,
                0.0,
                0.0,
                0.0
              ],
              "aperture": "None",
              "semi_diameter_solve": "Automatic",
              "asphere_coefficients": []
            }
          ],
          "fields": [
            {
              "index": 1,
              "x_deg": 0.0,
              "y_deg": 0.0,
              "weight": 1.0
            },
            {
              "index": 2,
              "x_deg": 0.0,
              "y_deg": 3.0,
              "weight": 1.0
            },
            {
              "index": 3,
              "x_deg": 0.0,
              "y_deg": 6.0,
              "weight": 1.0
            }
          ],
          "wavelengths": [
            {
              "index": 1,
              "um": 0.4861327,
              "weight": 1.0,
              "primary": false
            },
            {
              "index": 2,
              "um": 0.55,
              "weight": 1.0,
              "primary": true
            },
            {
              "index": 3,
              "um": 0.6562725,
              "weight": 1.0,
              "primary": false
            }
          ],
          "aperture_type": "EntrancePupilDiameter",
          "aperture_mm": 10.0,
          "lens_units": "mm"
        },
        "limits": [
          "Sequential centered Standard conic/EvenAspheric refractive systems; fixed shape coefficients; angle fields; mm; EPD.",
          "Geometric centroid RMS spot and scalar FFT MTF are distinct metrics.",
          "A sparse pupil ray check detects gross failures; it is not a full vignetting analysis."
        ]
      },
      "measurements": [
        {
          "metric": "efl_mm",
          "unit": "mm",
          "value": 49.99615696660989,
          "settings": {
            "wavelength": 2,
            "wavelength_um": 0.55
          }
        },
        {
          "metric": "f_number",
          "unit": "1",
          "value": 4.999616,
          "settings": {
            "wavelength": 2,
            "wavelength_um": 0.55
          }
        },
        {
          "metric": "total_track_mm",
          "unit": "mm",
          "value": 52.50684
        },
        {
          "metric": "image_distance_mm",
          "unit": "mm",
          "value": 47.5068359375
        },
        {
          "metric": "rms_spot_um",
          "field": 1,
          "wavelength": 1,
          "unit": "um",
          "value": 17.560940919207116,
          "settings": {
            "reference": "centroid",
            "ray_density": 8,
            "native_analysis": "StandardSpot",
            "ray_check_count": 17,
            "field": 1,
            "field_xy_deg": [
              0.0,
              0.0
            ],
            "wavelength": 1,
            "wavelength_um": 0.4861327,
            "spectral_mode": "monochromatic"
          }
        },
        {
          "metric": "rms_spot_um",
          "field": 1,
          "wavelength": 2,
          "unit": "um",
          "value": 24.823797565768796,
          "settings": {
            "reference": "centroid",
            "ray_density": 8,
            "native_analysis": "StandardSpot",
            "ray_check_count": 17,
            "field": 1,
            "field_xy_deg": [
              0.0,
              0.0
            ],
            "wavelength": 2,
            "wavelength_um": 0.55,
            "spectral_mode": "monochromatic"
          }
        },
        {
          "metric": "rms_spot_um",
          "field": 1,
          "wavelength": 3,
          "unit": "um",
          "value": 51.551801449306886,
          "settings": {
            "reference": "centroid",
            "ray_density": 8,
            "native_analysis": "StandardSpot",
            "ray_check_count": 17,
            "field": 1,
            "field_xy_deg": [
              0.0,
              0.0
            ],
            "wavelength": 3,
            "wavelength_um": 0.6562725,
            "spectral_mode": "monochromatic"
          }
        },
        {
          "metric": "rms_spot_um",
          "field": 2,
          "wavelength": 1,
          "unit": "um",
          "value": 29.5992005732787,
          "settings": {
            "reference": "centroid",
            "ray_density": 8,
            "native_analysis": "StandardSpot",
            "ray_check_count": 17,
            "field": 2,
            "field_xy_deg": [
              0.0,
              3.0
            ],
            "wavelength": 1,
            "wavelength_um": 0.4861327,
            "spectral_mode": "monochromatic"
          }
        },
        {
          "metric": "rms_spot_um",
          "field": 2,
          "wavelength": 2,
          "unit": "um",
          "value": 22.585114477455047,
          "settings": {
            "reference": "centroid",
            "ray_density": 8,
            "native_analysis": "StandardSpot",
            "ray_check_count": 17,
            "field": 2,
            "field_xy_deg": [
              0.0,
              3.0
            ],
            "wavelength": 2,
            "wavelength_um": 0.55,
            "spectral_mode": "monochromatic"
          }
        },
        {
          "metric": "rms_spot_um",
          "field": 2,
          "wavelength": 3,
          "unit": "um",
          "value": 42.747612306591364,
          "settings": {
            "reference": "centroid",
            "ray_density": 8,
            "native_analysis": "StandardSpot",
            "ray_check_count": 17,
            "field": 2,
            "field_xy_deg": [
              0.0,
              3.0
            ],
            "wavelength": 3,
            "wavelength_um": 0.6562725,
            "spectral_mode": "monochromatic"
          }
        },
        {
          "metric": "rms_spot_um",
          "field": 3,
          "wavelength": 1,
          "unit": "um",
          "value": 68.37532253170886,
          "settings": {
            "reference": "centroid",
            "ray_density": 8,
            "native_analysis": "StandardSpot",
            "ray_check_count": 17,
            "field": 3,
            "field_xy_deg": [
              0.0,
              6.0
            ],
            "wavelength": 1,
            "wavelength_um": 0.4861327,
            "spectral_mode": "monochromatic"
          }
        },
        {
          "metric": "rms_spot_um",
          "field": 3,
          "wavelength": 2,
          "unit": "um",
          "value": 47.35251136268865,
          "settings": {
            "reference": "centroid",
            "ray_density": 8,
            "native_analysis": "StandardSpot",
            "ray_check_count": 17,
            "field": 3,
            "field_xy_deg": [
              0.0,
              6.0
            ],
            "wavelength": 2,
            "wavelength_um": 0.55,
            "spectral_mode": "monochromatic"
          }
        },
        {
          "metric": "rms_spot_um",
          "field": 3,
          "wavelength": 3,
          "unit": "um",
          "value": 36.58299048799429,
          "settings": {
            "reference": "centroid",
            "ray_density": 8,
            "native_analysis": "StandardSpot",
            "ray_check_count": 17,
            "field": 3,
            "field_xy_deg": [
              0.0,
              6.0
            ],
            "wavelength": 3,
            "wavelength_um": 0.6562725,
            "spectral_mode": "monochromatic"
          }
        }
      ],
      "assessment": {
        "passes": true,
        "requirements": [
          {
            "id": "focal-length",
            "key": "efl_mm",
            "requirement": {
              "id": "focal-length",
              "metric": "efl_mm",
              "unit": "mm",
              "min": 48,
              "max": 52
            },
            "status": "pass",
            "value": 49.99615696660989,
            "unit": "mm"
          },
          {
            "id": "track",
            "key": "total_track_mm",
            "requirement": {
              "id": "track",
              "metric": "total_track_mm",
              "unit": "mm",
              "max": 65
            },
            "status": "pass",
            "value": 52.50684,
            "unit": "mm"
          },
          {
            "id": "spot-1-1",
            "key": "rms_spot_um|f=1|w=1",
            "requirement": {
              "metric": "rms_spot_um",
              "field": 1,
              "wavelength": 1,
              "unit": "um",
              "id": "spot-1-1",
              "max": 120
            },
            "status": "pass",
            "value": 17.560940919207116,
            "unit": "um"
          },
          {
            "id": "spot-1-2",
            "key": "rms_spot_um|f=1|w=2",
            "requirement": {
              "metric": "rms_spot_um",
              "field": 1,
              "wavelength": 2,
              "unit": "um",
              "id": "spot-1-2",
              "max": 120
            },
            "status": "pass",
            "value": 24.823797565768796,
            "unit": "um"
          },
          {
            "id": "spot-1-3",
            "key": "rms_spot_um|f=1|w=3",
            "requirement": {
              "metric": "rms_spot_um",
              "field": 1,
              "wavelength": 3,
              "unit": "um",
              "id": "spot-1-3",
              "max": 120
            },
            "status": "pass",
            "value": 51.551801449306886,
            "unit": "um"
          },
          {
            "id": "spot-2-1",
            "key": "rms_spot_um|f=2|w=1",
            "requirement": {
              "metric": "rms_spot_um",
              "field": 2,
              "wavelength": 1,
              "unit": "um",
              "id": "spot-2-1",
              "max": 120
            },
            "status": "pass",
            "value": 29.5992005732787,
            "unit": "um"
          },
          {
            "id": "spot-2-2",
            "key": "rms_spot_um|f=2|w=2",
            "requirement": {
              "metric": "rms_spot_um",
              "field": 2,
              "wavelength": 2,
              "unit": "um",
              "id": "spot-2-2",
              "max": 120
            },
            "status": "pass",
            "value": 22.585114477455047,
            "unit": "um"
          },
          {
            "id": "spot-2-3",
            "key": "rms_spot_um|f=2|w=3",
            "requirement": {
              "metric": "rms_spot_um",
              "field": 2,
              "wavelength": 3,
              "unit": "um",
              "id": "spot-2-3",
              "max": 120
            },
            "status": "pass",
            "value": 42.747612306591364,
            "unit": "um"
          },
          {
            "id": "spot-3-1",
            "key": "rms_spot_um|f=3|w=1",
            "requirement": {
              "metric": "rms_spot_um",
              "field": 3,
              "wavelength": 1,
              "unit": "um",
              "id": "spot-3-1",
              "max": 120
            },
            "status": "pass",
            "value": 68.37532253170886,
            "unit": "um"
          },
          {
            "id": "spot-3-2",
            "key": "rms_spot_um|f=3|w=2",
            "requirement": {
              "metric": "rms_spot_um",
              "field": 3,
              "wavelength": 2,
              "unit": "um",
              "id": "spot-3-2",
              "max": 120
            },
            "status": "pass",
            "value": 47.35251136268865,
            "unit": "um"
          },
          {
            "id": "spot-3-3",
            "key": "rms_spot_um|f=3|w=3",
            "requirement": {
              "metric": "rms_spot_um",
              "field": 3,
              "wavelength": 3,
              "unit": "um",
              "id": "spot-3-3",
              "max": 120
            },
            "status": "pass",
            "value": 36.58299048799429,
            "unit": "um"
          }
        ]
      },
      "objective_breakdown": {
        "aggregation": "weighted_rms",
        "direction": "minimize",
        "value": 1.3631623767389325,
        "unit": "1",
        "terms": [
          {
            "metric": "rms_spot_um",
            "field": 1,
            "wavelength": 1,
            "key": "rms_spot_um|f=1|w=1",
            "unit": "um",
            "value": 17.560940919207116,
            "target": 0,
            "scale": 30,
            "weight": 1,
            "normalized_residual": 0.5853646973069039,
            "weighted_residual": 0.19512156576896794
          },
          {
            "metric": "rms_spot_um",
            "field": 1,
            "wavelength": 2,
            "key": "rms_spot_um|f=1|w=2",
            "unit": "um",
            "value": 24.823797565768796,
            "target": 0,
            "scale": 30,
            "weight": 1,
            "normalized_residual": 0.8274599188589599,
            "weighted_residual": 0.2758199729529866
          },
          {
            "metric": "rms_spot_um",
            "field": 1,
            "wavelength": 3,
            "key": "rms_spot_um|f=1|w=3",
            "unit": "um",
            "value": 51.551801449306886,
            "target": 0,
            "scale": 30,
            "weight": 1,
            "normalized_residual": 1.7183933816435628,
            "weighted_residual": 0.5727977938811876
          },
          {
            "metric": "rms_spot_um",
            "field": 2,
            "wavelength": 1,
            "key": "rms_spot_um|f=2|w=1",
            "unit": "um",
            "value": 29.5992005732787,
            "target": 0,
            "scale": 30,
            "weight": 1,
            "normalized_residual": 0.98664001910929,
            "weighted_residual": 0.32888000636976333
          },
          {
            "metric": "rms_spot_um",
            "field": 2,
            "wavelength": 2,
            "key": "rms_spot_um|f=2|w=2",
            "unit": "um",
            "value": 22.585114477455047,
            "target": 0,
            "scale": 30,
            "weight": 1,
            "normalized_residual": 0.7528371492485015,
            "weighted_residual": 0.25094571641616714
          },
          {
            "metric": "rms_spot_um",
            "field": 2,
            "wavelength": 3,
            "key": "rms_spot_um|f=2|w=3",
            "unit": "um",
            "value": 42.747612306591364,
            "target": 0,
            "scale": 30,
            "weight": 1,
            "normalized_residual": 1.4249204102197122,
            "weighted_residual": 0.47497347007323737
          },
          {
            "metric": "rms_spot_um",
            "field": 3,
            "wavelength": 1,
            "key": "rms_spot_um|f=3|w=1",
            "unit": "um",
            "value": 68.37532253170886,
            "target": 0,
            "scale": 30,
            "weight": 1,
            "normalized_residual": 2.279177417723629,
            "weighted_residual": 0.7597258059078762
          },
          {
            "metric": "rms_spot_um",
            "field": 3,
            "wavelength": 2,
            "key": "rms_spot_um|f=3|w=2",
            "unit": "um",
            "value": 47.35251136268865,
            "target": 0,
            "scale": 30,
            "weight": 1,
            "normalized_residual": 1.5784170454229551,
            "weighted_residual": 0.526139015140985
          },
          {
            "metric": "rms_spot_um",
            "field": 3,
            "wavelength": 3,
            "key": "rms_spot_um|f=3|w=3",
            "unit": "um",
            "value": 36.58299048799429,
            "target": 0,
            "scale": 30,
            "weight": 1,
            "normalized_residual": 1.2194330162664762,
            "weighted_residual": 0.40647767208882535
          }
        ]
      },
      "objective_value": 1.3631623767389325
    },
    {
      "kind": "search",
      "parameters_mm": [
        52.0,
        47.4931640625
      ],
      "inspection": {
        "engine": {
          "name": "OpticStudio",
          "version": "24.1.0",
          "zospy_version": "2.1.5",
          "pythonnet_version": "3.1.0",
          "license": "PremiumEdition"
        },
        "focus_mm": 47.4931640625,
        "image_surface": 3,
        "surfaces": [
          {
            "index": 0,
            "is_image": false,
            "is_stop": false,
            "type": "Standard",
            "radius_mm": "Infinity",
            "thickness_mm": "Infinity",
            "material": "",
            "conic": 0.0,
            "coating": "",
            "tilts": [
              0.0,
              0.0,
              0.0,
              0.0,
              0.0,
              0.0,
              0.0,
              0.0,
              0.0,
              0.0
            ],
            "aperture": "None",
            "semi_diameter_solve": "Automatic",
            "asphere_coefficients": []
          },
          {
            "index": 1,
            "is_image": false,
            "is_stop": true,
            "type": "Standard",
            "radius_mm": 52.0,
            "thickness_mm": 5.0,
            "material": "N-BK7",
            "conic": 0.0,
            "coating": "",
            "tilts": [
              0.0,
              0.0,
              0.0,
              0.0,
              0.0,
              0.0,
              0.0,
              0.0,
              0.0,
              0.0
            ],
            "aperture": "None",
            "semi_diameter_solve": "Automatic",
            "asphere_coefficients": []
          },
          {
            "index": 2,
            "is_image": false,
            "is_stop": false,
            "type": "Standard",
            "radius_mm": -50.0,
            "thickness_mm": 47.4931640625,
            "material": "",
            "conic": 0.0,
            "coating": "",
            "tilts": [
              0.0,
              0.0,
              0.0,
              0.0,
              0.0,
              0.0,
              0.0,
              0.0,
              0.0,
              0.0
            ],
            "aperture": "None",
            "semi_diameter_solve": "Automatic",
            "asphere_coefficients": []
          },
          {
            "index": 3,
            "is_image": true,
            "is_stop": false,
            "type": "Standard",
            "radius_mm": "Infinity",
            "thickness_mm": "Infinity",
            "material": "",
            "conic": 0.0,
            "coating": "",
            "tilts": [
              0.0,
              0.0,
              0.0,
              0.0,
              0.0,
              0.0,
              0.0,
              0.0,
              0.0,
              0.0
            ],
            "aperture": "None",
            "semi_diameter_solve": "Automatic",
            "asphere_coefficients": []
          }
        ],
        "invariants": {
          "surfaces": [
            {
              "index": 0,
              "is_image": false,
              "is_stop": false,
              "type": "Standard",
              "radius_mm": "Infinity",
              "thickness_mm": "Infinity",
              "material": "",
              "conic": 0.0,
              "coating": "",
              "tilts": [
                0.0,
                0.0,
                0.0,
                0.0,
                0.0,
                0.0,
                0.0,
                0.0,
                0.0,
                0.0
              ],
              "aperture": "None",
              "semi_diameter_solve": "Automatic",
              "asphere_coefficients": []
            },
            {
              "index": 1,
              "is_image": false,
              "is_stop": true,
              "type": "Standard",
              "radius_mm": 52.0,
              "thickness_mm": 5.0,
              "material": "N-BK7",
              "conic": 0.0,
              "coating": "",
              "tilts": [
                0.0,
                0.0,
                0.0,
                0.0,
                0.0,
                0.0,
                0.0,
                0.0,
                0.0,
                0.0
              ],
              "aperture": "None",
              "semi_diameter_solve": "Automatic",
              "asphere_coefficients": []
            },
            {
              "index": 2,
              "is_image": false,
              "is_stop": false,
              "type": "Standard",
              "radius_mm": -50.0,
              "material": "",
              "conic": 0.0,
              "coating": "",
              "tilts": [
                0.0,
                0.0,
                0.0,
                0.0,
                0.0,
                0.0,
                0.0,
                0.0,
                0.0,
                0.0
              ],
              "aperture": "None",
              "semi_diameter_solve": "Automatic",
              "asphere_coefficients": []
            },
            {
              "index": 3,
              "is_image": true,
              "is_stop": false,
              "type": "Standard",
              "radius_mm": "Infinity",
              "thickness_mm": "Infinity",
              "material": "",
              "conic": 0.0,
              "coating": "",
              "tilts": [
                0.0,
                0.0,
                0.0,
                0.0,
                0.0,
                0.0,
                0.0,
                0.0,
                0.0,
                0.0
              ],
              "aperture": "None",
              "semi_diameter_solve": "Automatic",
              "asphere_coefficients": []
            }
          ],
          "fields": [
            {
              "index": 1,
              "x_deg": 0.0,
              "y_deg": 0.0,
              "weight": 1.0
            },
            {
              "index": 2,
              "x_deg": 0.0,
              "y_deg": 3.0,
              "weight": 1.0
            },
            {
              "index": 3,
              "x_deg": 0.0,
              "y_deg": 6.0,
              "weight": 1.0
            }
          ],
          "wavelengths": [
            {
              "index": 1,
              "um": 0.4861327,
              "weight": 1.0,
              "primary": false
            },
            {
              "index": 2,
              "um": 0.55,
              "weight": 1.0,
              "primary": true
            },
            {
              "index": 3,
              "um": 0.6562725,
              "weight": 1.0,
              "primary": false
            }
          ],
          "aperture_type": "EntrancePupilDiameter",
          "aperture_mm": 10.0,
          "lens_units": "mm"
        },
        "limits": [
          "Sequential centered Standard conic/EvenAspheric refractive systems; fixed shape coefficients; angle fields; mm; EPD.",
          "Geometric centroid RMS spot and scalar FFT MTF are distinct metrics.",
          "A sparse pupil ray check detects gross failures; it is not a full vignetting analysis."
        ]
      },
      "measurements": [
        {
          "metric": "efl_mm",
          "unit": "mm",
          "value": 49.99615696660989,
          "settings": {
            "wavelength": 2,
            "wavelength_um": 0.55
          }
        },
        {
          "metric": "f_number",
          "unit": "1",
          "value": 4.999616,
          "settings": {
            "wavelength": 2,
            "wavelength_um": 0.55
          }
        },
        {
          "metric": "total_track_mm",
          "unit": "mm",
          "value": 52.49316
        },
        {
          "metric": "image_distance_mm",
          "unit": "mm",
          "value": 47.4931640625
        },
        {
          "metric": "rms_spot_um",
          "field": 1,
          "wavelength": 1,
          "unit": "um",
          "value": 17.111966872145445,
          "settings": {
            "reference": "centroid",
            "ray_density": 8,
            "native_analysis": "StandardSpot",
            "ray_check_count": 17,
            "field": 1,
            "field_xy_deg": [
              0.0,
              0.0
            ],
            "wavelength": 1,
            "wavelength_um": 0.4861327,
            "spectral_mode": "monochromatic"
          }
        },
        {
          "metric": "rms_spot_um",
          "field": 1,
          "wavelength": 2,
          "unit": "um",
          "value": 25.63937400715002,
          "settings": {
            "reference": "centroid",
            "ray_density": 8,
            "native_analysis": "StandardSpot",
            "ray_check_count": 17,
            "field": 1,
            "field_xy_deg": [
              0.0,
              0.0
            ],
            "wavelength": 2,
            "wavelength_um": 0.55,
            "spectral_mode": "monochromatic"
          }
        },
        {
          "metric": "rms_spot_um",
          "field": 1,
          "wavelength": 3,
          "unit": "um",
          "value": 52.5319416713619,
          "settings": {
            "reference": "centroid",
            "ray_density": 8,
            "native_analysis": "StandardSpot",
            "ray_check_count": 17,
            "field": 1,
            "field_xy_deg": [
              0.0,
              0.0
            ],
            "wavelength": 3,
            "wavelength_um": 0.6562725,
            "spectral_mode": "monochromatic"
          }
        },
        {
          "metric": "rms_spot_um",
          "field": 2,
          "wavelength": 1,
          "unit": "um",
          "value": 28.893133940767708,
          "settings": {
            "reference": "centroid",
            "ray_density": 8,
            "native_analysis": "StandardSpot",
            "ray_check_count": 17,
            "field": 2,
            "field_xy_deg": [
              0.0,
              3.0
            ],
            "wavelength": 1,
            "wavelength_um": 0.4861327,
            "spectral_mode": "monochromatic"
          }
        },
        {
          "metric": "rms_spot_um",
          "field": 2,
          "wavelength": 2,
          "unit": "um",
          "value": 22.936014711647786,
          "settings": {
            "reference": "centroid",
            "ray_density": 8,
            "native_analysis": "StandardSpot",
            "ray_check_count": 17,
            "field": 2,
            "field_xy_deg": [
              0.0,
              3.0
            ],
            "wavelength": 2,
            "wavelength_um": 0.55,
            "spectral_mode": "monochromatic"
          }
        },
        {
          "metric": "rms_spot_um",
          "field": 2,
          "wavelength": 3,
          "unit": "um",
          "value": 43.64383603106719,
          "settings": {
            "reference": "centroid",
            "ray_density": 8,
            "native_analysis": "StandardSpot",
            "ray_check_count": 17,
            "field": 2,
            "field_xy_deg": [
              0.0,
              3.0
            ],
            "wavelength": 3,
            "wavelength_um": 0.6562725,
            "spectral_mode": "monochromatic"
          }
        },
        {
          "metric": "rms_spot_um",
          "field": 3,
          "wavelength": 1,
          "unit": "um",
          "value": 67.48967205531477,
          "settings": {
            "reference": "centroid",
            "ray_density": 8,
            "native_analysis": "StandardSpot",
            "ray_check_count": 17,
            "field": 3,
            "field_xy_deg": [
              0.0,
              6.0
            ],
            "wavelength": 1,
            "wavelength_um": 0.4861327,
            "spectral_mode": "monochromatic"
          }
        },
        {
          "metric": "rms_spot_um",
          "field": 3,
          "wavelength": 2,
          "unit": "um",
          "value": 46.69990694997198,
          "settings": {
            "reference": "centroid",
            "ray_density": 8,
            "native_analysis": "StandardSpot",
            "ray_check_count": 17,
            "field": 3,
            "field_xy_deg": [
              0.0,
              6.0
            ],
            "wavelength": 2,
            "wavelength_um": 0.55,
            "spectral_mode": "monochromatic"
          }
        },
        {
          "metric": "rms_spot_um",
          "field": 3,
          "wavelength": 3,
          "unit": "um",
          "value": 36.60872763997184,
          "settings": {
            "reference": "centroid",
            "ray_density": 8,
            "native_analysis": "StandardSpot",
            "ray_check_count": 17,
            "field": 3,
            "field_xy_deg": [
              0.0,
              6.0
            ],
            "wavelength": 3,
            "wavelength_um": 0.6562725,
            "spectral_mode": "monochromatic"
          }
        }
      ],
      "assessment": {
        "passes": true,
        "requirements": [
          {
            "id": "focal-length",
            "key": "efl_mm",
            "requirement": {
              "id": "focal-length",
              "metric": "efl_mm",
              "unit": "mm",
              "min": 48,
              "max": 52
            },
            "status": "pass",
            "value": 49.99615696660989,
            "unit": "mm"
          },
          {
            "id": "track",
            "key": "total_track_mm",
            "requirement": {
              "id": "track",
              "metric": "total_track_mm",
              "unit": "mm",
              "max": 65
            },
            "status": "pass",
            "value": 52.49316,
            "unit": "mm"
          },
          {
            "id": "spot-1-1",
            "key": "rms_spot_um|f=1|w=1",
            "requirement": {
              "metric": "rms_spot_um",
              "field": 1,
              "wavelength": 1,
              "unit": "um",
              "id": "spot-1-1",
              "max": 120
            },
            "status": "pass",
            "value": 17.111966872145445,
            "unit": "um"
          },
          {
            "id": "spot-1-2",
            "key": "rms_spot_um|f=1|w=2",
            "requirement": {
              "metric": "rms_spot_um",
              "field": 1,
              "wavelength": 2,
              "unit": "um",
              "id": "spot-1-2",
              "max": 120
            },
            "status": "pass",
            "value": 25.63937400715002,
            "unit": "um"
          },
          {
            "id": "spot-1-3",
            "key": "rms_spot_um|f=1|w=3",
            "requirement": {
              "metric": "rms_spot_um",
              "field": 1,
              "wavelength": 3,
              "unit": "um",
              "id": "spot-1-3",
              "max": 120
            },
            "status": "pass",
            "value": 52.5319416713619,
            "unit": "um"
          },
          {
            "id": "spot-2-1",
            "key": "rms_spot_um|f=2|w=1",
            "requirement": {
              "metric": "rms_spot_um",
              "field": 2,
              "wavelength": 1,
              "unit": "um",
              "id": "spot-2-1",
              "max": 120
            },
            "status": "pass",
            "value": 28.893133940767708,
            "unit": "um"
          },
          {
            "id": "spot-2-2",
            "key": "rms_spot_um|f=2|w=2",
            "requirement": {
              "metric": "rms_spot_um",
              "field": 2,
              "wavelength": 2,
              "unit": "um",
              "id": "spot-2-2",
              "max": 120
            },
            "status": "pass",
            "value": 22.936014711647786,
            "unit": "um"
          },
          {
            "id": "spot-2-3",
            "key": "rms_spot_um|f=2|w=3",
            "requirement": {
              "metric": "rms_spot_um",
              "field": 2,
              "wavelength": 3,
              "unit": "um",
              "id": "spot-2-3",
              "max": 120
            },
            "status": "pass",
            "value": 43.64383603106719,
            "unit": "um"
          },
          {
            "id": "spot-3-1",
            "key": "rms_spot_um|f=3|w=1",
            "requirement": {
              "metric": "rms_spot_um",
              "field": 3,
              "wavelength": 1,
              "unit": "um",
              "id": "spot-3-1",
              "max": 120
            },
            "status": "pass",
            "value": 67.48967205531477,
            "unit": "um"
          },
          {
            "id": "spot-3-2",
            "key": "rms_spot_um|f=3|w=2",
            "requirement": {
              "metric": "rms_spot_um",
              "field": 3,
              "wavelength": 2,
              "unit": "um",
              "id": "spot-3-2",
              "max": 120
            },
            "status": "pass",
            "value": 46.69990694997198,
            "unit": "um"
          },
          {
            "id": "spot-3-3",
            "key": "rms_spot_um|f=3|w=3",
            "requirement": {
              "metric": "rms_spot_um",
              "field": 3,
              "wavelength": 3,
              "unit": "um",
              "id": "spot-3-3",
              "max": 120
            },
            "status": "pass",
            "value": 36.60872763997184,
            "unit": "um"
          }
        ]
      },
      "objective_breakdown": {
        "aggregation": "weighted_rms",
        "direction": "minimize",
        "value": 1.3631570234380015,
        "unit": "1",
        "terms": [
          {
            "metric": "rms_spot_um",
            "field": 1,
            "wavelength": 1,
            "key": "rms_spot_um|f=1|w=1",
            "unit": "um",
            "value": 17.111966872145445,
            "target": 0,
            "scale": 30,
            "weight": 1,
            "normalized_residual": 0.5703988957381815,
            "weighted_residual": 0.1901329652460605
          },
          {
            "metric": "rms_spot_um",
            "field": 1,
            "wavelength": 2,
            "key": "rms_spot_um|f=1|w=2",
            "unit": "um",
            "value": 25.63937400715002,
            "target": 0,
            "scale": 30,
            "weight": 1,
            "normalized_residual": 0.854645800238334,
            "weighted_residual": 0.284881933412778
          },
          {
            "metric": "rms_spot_um",
            "field": 1,
            "wavelength": 3,
            "key": "rms_spot_um|f=1|w=3",
            "unit": "um",
            "value": 52.5319416713619,
            "target": 0,
            "scale": 30,
            "weight": 1,
            "normalized_residual": 1.75106472237873,
            "weighted_residual": 0.5836882407929099
          },
          {
            "metric": "rms_spot_um",
            "field": 2,
            "wavelength": 1,
            "key": "rms_spot_um|f=2|w=1",
            "unit": "um",
            "value": 28.893133940767708,
            "target": 0,
            "scale": 30,
            "weight": 1,
            "normalized_residual": 0.963104464692257,
            "weighted_residual": 0.32103482156408564
          },
          {
            "metric": "rms_spot_um",
            "field": 2,
            "wavelength": 2,
            "key": "rms_spot_um|f=2|w=2",
            "unit": "um",
            "value": 22.936014711647786,
            "target": 0,
            "scale": 30,
            "weight": 1,
            "normalized_residual": 0.7645338237215928,
            "weighted_residual": 0.2548446079071976
          },
          {
            "metric": "rms_spot_um",
            "field": 2,
            "wavelength": 3,
            "key": "rms_spot_um|f=2|w=3",
            "unit": "um",
            "value": 43.64383603106719,
            "target": 0,
            "scale": 30,
            "weight": 1,
            "normalized_residual": 1.4547945343689064,
            "weighted_residual": 0.4849315114563021
          },
          {
            "metric": "rms_spot_um",
            "field": 3,
            "wavelength": 1,
            "key": "rms_spot_um|f=3|w=1",
            "unit": "um",
            "value": 67.48967205531477,
            "target": 0,
            "scale": 30,
            "weight": 1,
            "normalized_residual": 2.249655735177159,
            "weighted_residual": 0.749885245059053
          },
          {
            "metric": "rms_spot_um",
            "field": 3,
            "wavelength": 2,
            "key": "rms_spot_um|f=3|w=2",
            "unit": "um",
            "value": 46.69990694997198,
            "target": 0,
            "scale": 30,
            "weight": 1,
            "normalized_residual": 1.556663564999066,
            "weighted_residual": 0.5188878549996887
          },
          {
            "metric": "rms_spot_um",
            "field": 3,
            "wavelength": 3,
            "key": "rms_spot_um|f=3|w=3",
            "unit": "um",
            "value": 36.60872763997184,
            "target": 0,
            "scale": 30,
            "weight": 1,
            "normalized_residual": 1.2202909213323947,
            "weighted_residual": 0.40676364044413155
          }
        ]
      },
      "objective_value": 1.3631570234380015
    },
    {
      "kind": "search",
      "parameters_mm": [
        51.99804687499999,
        47.5
      ],
      "inspection": {
        "engine": {
          "name": "OpticStudio",
          "version": "24.1.0",
          "zospy_version": "2.1.5",
          "pythonnet_version": "3.1.0",
          "license": "PremiumEdition"
        },
        "focus_mm": 47.5,
        "image_surface": 3,
        "surfaces": [
          {
            "index": 0,
            "is_image": false,
            "is_stop": false,
            "type": "Standard",
            "radius_mm": "Infinity",
            "thickness_mm": "Infinity",
            "material": "",
            "conic": 0.0,
            "coating": "",
            "tilts": [
              0.0,
              0.0,
              0.0,
              0.0,
              0.0,
              0.0,
              0.0,
              0.0,
              0.0,
              0.0
            ],
            "aperture": "None",
            "semi_diameter_solve": "Automatic",
            "asphere_coefficients": []
          },
          {
            "index": 1,
            "is_image": false,
            "is_stop": true,
            "type": "Standard",
            "radius_mm": 51.99804687499999,
            "thickness_mm": 5.0,
            "material": "N-BK7",
            "conic": 0.0,
            "coating": "",
            "tilts": [
              0.0,
              0.0,
              0.0,
              0.0,
              0.0,
              0.0,
              0.0,
              0.0,
              0.0,
              0.0
            ],
            "aperture": "None",
            "semi_diameter_solve": "Automatic",
            "asphere_coefficients": []
          },
          {
            "index": 2,
            "is_image": false,
            "is_stop": false,
            "type": "Standard",
            "radius_mm": -50.0,
            "thickness_mm": 47.5,
            "material": "",
            "conic": 0.0,
            "coating": "",
            "tilts": [
              0.0,
              0.0,
              0.0,
              0.0,
              0.0,
              0.0,
              0.0,
              0.0,
              0.0,
              0.0
            ],
            "aperture": "None",
            "semi_diameter_solve": "Automatic",
            "asphere_coefficients": []
          },
          {
            "index": 3,
            "is_image": true,
            "is_stop": false,
            "type": "Standard",
            "radius_mm": "Infinity",
            "thickness_mm": "Infinity",
            "material": "",
            "conic": 0.0,
            "coating": "",
            "tilts": [
              0.0,
              0.0,
              0.0,
              0.0,
              0.0,
              0.0,
              0.0,
              0.0,
              0.0,
              0.0
            ],
            "aperture": "None",
            "semi_diameter_solve": "Automatic",
            "asphere_coefficients": []
          }
        ],
        "invariants": {
          "surfaces": [
            {
              "index": 0,
              "is_image": false,
              "is_stop": false,
              "type": "Standard",
              "radius_mm": "Infinity",
              "thickness_mm": "Infinity",
              "material": "",
              "conic": 0.0,
              "coating": "",
              "tilts": [
                0.0,
                0.0,
                0.0,
                0.0,
                0.0,
                0.0,
                0.0,
                0.0,
                0.0,
                0.0
              ],
              "aperture": "None",
              "semi_diameter_solve": "Automatic",
              "asphere_coefficients": []
            },
            {
              "index": 1,
              "is_image": false,
              "is_stop": true,
              "type": "Standard",
              "radius_mm": 51.99804687499999,
              "thickness_mm": 5.0,
              "material": "N-BK7",
              "conic": 0.0,
              "coating": "",
              "tilts": [
                0.0,
                0.0,
                0.0,
                0.0,
                0.0,
                0.0,
                0.0,
                0.0,
                0.0,
                0.0
              ],
              "aperture": "None",
              "semi_diameter_solve": "Automatic",
              "asphere_coefficients": []
            },
            {
              "index": 2,
              "is_image": false,
              "is_stop": false,
              "type": "Standard",
              "radius_mm": -50.0,
              "material": "",
              "conic": 0.0,
              "coating": "",
              "tilts": [
                0.0,
                0.0,
                0.0,
                0.0,
                0.0,
                0.0,
                0.0,
                0.0,
                0.0,
                0.0
              ],
              "aperture": "None",
              "semi_diameter_solve": "Automatic",
              "asphere_coefficients": []
            },
            {
              "index": 3,
              "is_image": true,
              "is_stop": false,
              "type": "Standard",
              "radius_mm": "Infinity",
              "thickness_mm": "Infinity",
              "material": "",
              "conic": 0.0,
              "coating": "",
              "tilts": [
                0.0,
                0.0,
                0.0,
                0.0,
                0.0,
                0.0,
                0.0,
                0.0,
                0.0,
                0.0
              ],
              "aperture": "None",
              "semi_diameter_solve": "Automatic",
              "asphere_coefficients": []
            }
          ],
          "fields": [
            {
              "index": 1,
              "x_deg": 0.0,
              "y_deg": 0.0,
              "weight": 1.0
            },
            {
              "index": 2,
              "x_deg": 0.0,
              "y_deg": 3.0,
              "weight": 1.0
            },
            {
              "index": 3,
              "x_deg": 0.0,
              "y_deg": 6.0,
              "weight": 1.0
            }
          ],
          "wavelengths": [
            {
              "index": 1,
              "um": 0.4861327,
              "weight": 1.0,
              "primary": false
            },
            {
              "index": 2,
              "um": 0.55,
              "weight": 1.0,
              "primary": true
            },
            {
              "index": 3,
              "um": 0.6562725,
              "weight": 1.0,
              "primary": false
            }
          ],
          "aperture_type": "EntrancePupilDiameter",
          "aperture_mm": 10.0,
          "lens_units": "mm"
        },
        "limits": [
          "Sequential centered Standard conic/EvenAspheric refractive systems; fixed shape coefficients; angle fields; mm; EPD.",
          "Geometric centroid RMS spot and scalar FFT MTF are distinct metrics.",
          "A sparse pupil ray check detects gross failures; it is not a full vignetting analysis."
        ]
      },
      "measurements": [
        {
          "metric": "efl_mm",
          "unit": "mm",
          "value": 49.99525272638817,
          "settings": {
            "wavelength": 2,
            "wavelength_um": 0.55
          }
        },
        {
          "metric": "f_number",
          "unit": "1",
          "value": 4.999525,
          "settings": {
            "wavelength": 2,
            "wavelength_um": 0.55
          }
        },
        {
          "metric": "total_track_mm",
          "unit": "mm",
          "value": 52.5
        },
        {
          "metric": "image_distance_mm",
          "unit": "mm",
          "value": 47.5
        },
        {
          "metric": "rms_spot_um",
          "field": 1,
          "wavelength": 1,
          "unit": "um",
          "value": 17.360986812156003,
          "settings": {
            "reference": "centroid",
            "ray_density": 8,
            "native_analysis": "StandardSpot",
            "ray_check_count": 17,
            "field": 1,
            "field_xy_deg": [
              0.0,
              0.0
            ],
            "wavelength": 1,
            "wavelength_um": 0.4861327,
            "spectral_mode": "monochromatic"
          }
        },
        {
          "metric": "rms_spot_um",
          "field": 1,
          "wavelength": 2,
          "unit": "um",
          "value": 25.174275613500193,
          "settings": {
            "reference": "centroid",
            "ray_density": 8,
            "native_analysis": "StandardSpot",
            "ray_check_count": 17,
            "field": 1,
            "field_xy_deg": [
              0.0,
              0.0
            ],
            "wavelength": 2,
            "wavelength_um": 0.55,
            "spectral_mode": "monochromatic"
          }
        },
        {
          "metric": "rms_spot_um",
          "field": 1,
          "wavelength": 3,
          "unit": "um",
          "value": 51.97502703047902,
          "settings": {
            "reference": "centroid",
            "ray_density": 8,
            "native_analysis": "StandardSpot",
            "ray_check_count": 17,
            "field": 1,
            "field_xy_deg": [
              0.0,
              0.0
            ],
            "wavelength": 3,
            "wavelength_um": 0.6562725,
            "spectral_mode": "monochromatic"
          }
        },
        {
          "metric": "rms_spot_um",
          "field": 2,
          "wavelength": 1,
          "unit": "um",
          "value": 29.291809437687906,
          "settings": {
            "reference": "centroid",
            "ray_density": 8,
            "native_analysis": "StandardSpot",
            "ray_check_count": 17,
            "field": 2,
            "field_xy_deg": [
              0.0,
              3.0
            ],
            "wavelength": 1,
            "wavelength_um": 0.4861327,
            "spectral_mode": "monochromatic"
          }
        },
        {
          "metric": "rms_spot_um",
          "field": 2,
          "wavelength": 2,
          "unit": "um",
          "value": 22.731651430807126,
          "settings": {
            "reference": "centroid",
            "ray_density": 8,
            "native_analysis": "StandardSpot",
            "ray_check_count": 17,
            "field": 2,
            "field_xy_deg": [
              0.0,
              3.0
            ],
            "wavelength": 2,
            "wavelength_um": 0.55,
            "spectral_mode": "monochromatic"
          }
        },
        {
          "metric": "rms_spot_um",
          "field": 2,
          "wavelength": 3,
          "unit": "um",
          "value": 43.13405693218459,
          "settings": {
            "reference": "centroid",
            "ray_density": 8,
            "native_analysis": "StandardSpot",
            "ray_check_count": 17,
            "field": 2,
            "field_xy_deg": [
              0.0,
              3.0
            ],
            "wavelength": 3,
            "wavelength_um": 0.6562725,
            "spectral_mode": "monochromatic"
          }
        },
        {
          "metric": "rms_spot_um",
          "field": 3,
          "wavelength": 1,
          "unit": "um",
          "value": 67.99214951714418,
          "settings": {
            "reference": "centroid",
            "ray_density": 8,
            "native_analysis": "StandardSpot",
            "ray_check_count": 17,
            "field": 3,
            "field_xy_deg": [
              0.0,
              6.0
            ],
            "wavelength": 1,
            "wavelength_um": 0.4861327,
            "spectral_mode": "monochromatic"
          }
        },
        {
          "metric": "rms_spot_um",
          "field": 3,
          "wavelength": 2,
          "unit": "um",
          "value": 47.068837481841676,
          "settings": {
            "reference": "centroid",
            "ray_density": 8,
            "native_analysis": "StandardSpot",
            "ray_check_count": 17,
            "field": 3,
            "field_xy_deg": [
              0.0,
              6.0
            ],
            "wavelength": 2,
            "wavelength_um": 0.55,
            "spectral_mode": "monochromatic"
          }
        },
        {
          "metric": "rms_spot_um",
          "field": 3,
          "wavelength": 3,
          "unit": "um",
          "value": 36.59043628327278,
          "settings": {
            "reference": "centroid",
            "ray_density": 8,
            "native_analysis": "StandardSpot",
            "ray_check_count": 17,
            "field": 3,
            "field_xy_deg": [
              0.0,
              6.0
            ],
            "wavelength": 3,
            "wavelength_um": 0.6562725,
            "spectral_mode": "monochromatic"
          }
        }
      ],
      "assessment": {
        "passes": true,
        "requirements": [
          {
            "id": "focal-length",
            "key": "efl_mm",
            "requirement": {
              "id": "focal-length",
              "metric": "efl_mm",
              "unit": "mm",
              "min": 48,
              "max": 52
            },
            "status": "pass",
            "value": 49.99525272638817,
            "unit": "mm"
          },
          {
            "id": "track",
            "key": "total_track_mm",
            "requirement": {
              "id": "track",
              "metric": "total_track_mm",
              "unit": "mm",
              "max": 65
            },
            "status": "pass",
            "value": 52.5,
            "unit": "mm"
          },
          {
            "id": "spot-1-1",
            "key": "rms_spot_um|f=1|w=1",
            "requirement": {
              "metric": "rms_spot_um",
              "field": 1,
              "wavelength": 1,
              "unit": "um",
              "id": "spot-1-1",
              "max": 120
            },
            "status": "pass",
            "value": 17.360986812156003,
            "unit": "um"
          },
          {
            "id": "spot-1-2",
            "key": "rms_spot_um|f=1|w=2",
            "requirement": {
              "metric": "rms_spot_um",
              "field": 1,
              "wavelength": 2,
              "unit": "um",
              "id": "spot-1-2",
              "max": 120
            },
            "status": "pass",
            "value": 25.174275613500193,
            "unit": "um"
          },
          {
            "id": "spot-1-3",
            "key": "rms_spot_um|f=1|w=3",
            "requirement": {
              "metric": "rms_spot_um",
              "field": 1,
              "wavelength": 3,
              "unit": "um",
              "id": "spot-1-3",
              "max": 120
            },
            "status": "pass",
            "value": 51.97502703047902,
            "unit": "um"
          },
          {
            "id": "spot-2-1",
            "key": "rms_spot_um|f=2|w=1",
            "requirement": {
              "metric": "rms_spot_um",
              "field": 2,
              "wavelength": 1,
              "unit": "um",
              "id": "spot-2-1",
              "max": 120
            },
            "status": "pass",
            "value": 29.291809437687906,
            "unit": "um"
          },
          {
            "id": "spot-2-2",
            "key": "rms_spot_um|f=2|w=2",
            "requirement": {
              "metric": "rms_spot_um",
              "field": 2,
              "wavelength": 2,
              "unit": "um",
              "id": "spot-2-2",
              "max": 120
            },
            "status": "pass",
            "value": 22.731651430807126,
            "unit": "um"
          },
          {
            "id": "spot-2-3",
            "key": "rms_spot_um|f=2|w=3",
            "requirement": {
              "metric": "rms_spot_um",
              "field": 2,
              "wavelength": 3,
              "unit": "um",
              "id": "spot-2-3",
              "max": 120
            },
            "status": "pass",
            "value": 43.13405693218459,
            "unit": "um"
          },
          {
            "id": "spot-3-1",
            "key": "rms_spot_um|f=3|w=1",
            "requirement": {
              "metric": "rms_spot_um",
              "field": 3,
              "wavelength": 1,
              "unit": "um",
              "id": "spot-3-1",
              "max": 120
            },
            "status": "pass",
            "value": 67.99214951714418,
            "unit": "um"
          },
          {
            "id": "spot-3-2",
            "key": "rms_spot_um|f=3|w=2",
            "requirement": {
              "metric": "rms_spot_um",
              "field": 3,
              "wavelength": 2,
              "unit": "um",
              "id": "spot-3-2",
              "max": 120
            },
            "status": "pass",
            "value": 47.068837481841676,
            "unit": "um"
          },
          {
            "id": "spot-3-3",
            "key": "rms_spot_um|f=3|w=3",
            "requirement": {
              "metric": "rms_spot_um",
              "field": 3,
              "wavelength": 3,
              "unit": "um",
              "id": "spot-3-3",
              "max": 120
            },
            "status": "pass",
            "value": 36.59043628327278,
            "unit": "um"
          }
        ]
      },
      "objective_breakdown": {
        "aggregation": "weighted_rms",
        "direction": "minimize",
        "value": 1.3630532303113463,
        "unit": "1",
        "terms": [
          {
            "metric": "rms_spot_um",
            "field": 1,
            "wavelength": 1,
            "key": "rms_spot_um|f=1|w=1",
            "unit": "um",
            "value": 17.360986812156003,
            "target": 0,
            "scale": 30,
            "weight": 1,
            "normalized_residual": 0.5786995604052001,
            "weighted_residual": 0.19289985346840002
          },
          {
            "metric": "rms_spot_um",
            "field": 1,
            "wavelength": 2,
            "key": "rms_spot_um|f=1|w=2",
            "unit": "um",
            "value": 25.174275613500193,
            "target": 0,
            "scale": 30,
            "weight": 1,
            "normalized_residual": 0.8391425204500064,
            "weighted_residual": 0.27971417348333544
          },
          {
            "metric": "rms_spot_um",
            "field": 1,
            "wavelength": 3,
            "key": "rms_spot_um|f=1|w=3",
            "unit": "um",
            "value": 51.97502703047902,
            "target": 0,
            "scale": 30,
            "weight": 1,
            "normalized_residual": 1.7325009010159673,
            "weighted_residual": 0.5775003003386557
          },
          {
            "metric": "rms_spot_um",
            "field": 2,
            "wavelength": 1,
            "key": "rms_spot_um|f=2|w=1",
            "unit": "um",
            "value": 29.291809437687906,
            "target": 0,
            "scale": 30,
            "weight": 1,
            "normalized_residual": 0.9763936479229302,
            "weighted_residual": 0.32546454930764335
          },
          {
            "metric": "rms_spot_um",
            "field": 2,
            "wavelength": 2,
            "key": "rms_spot_um|f=2|w=2",
            "unit": "um",
            "value": 22.731651430807126,
            "target": 0,
            "scale": 30,
            "weight": 1,
            "normalized_residual": 0.7577217143602375,
            "weighted_residual": 0.2525739047867458
          },
          {
            "metric": "rms_spot_um",
            "field": 2,
            "wavelength": 3,
            "key": "rms_spot_um|f=2|w=3",
            "unit": "um",
            "value": 43.13405693218459,
            "target": 0,
            "scale": 30,
            "weight": 1,
            "normalized_residual": 1.4378018977394864,
            "weighted_residual": 0.47926729924649547
          },
          {
            "metric": "rms_spot_um",
            "field": 3,
            "wavelength": 1,
            "key": "rms_spot_um|f=3|w=1",
            "unit": "um",
            "value": 67.99214951714418,
            "target": 0,
            "scale": 30,
            "weight": 1,
            "normalized_residual": 2.266404983904806,
            "weighted_residual": 0.7554683279682687
          },
          {
            "metric": "rms_spot_um",
            "field": 3,
            "wavelength": 2,
            "key": "rms_spot_um|f=3|w=2",
            "unit": "um",
            "value": 47.068837481841676,
            "target": 0,
            "scale": 30,
            "weight": 1,
            "normalized_residual": 1.5689612493947225,
            "weighted_residual": 0.5229870831315742
          },
          {
            "metric": "rms_spot_um",
            "field": 3,
            "wavelength": 3,
            "key": "rms_spot_um|f=3|w=3",
            "unit": "um",
            "value": 36.59043628327278,
            "target": 0,
            "scale": 30,
            "weight": 1,
            "normalized_residual": 1.219681209442426,
            "weighted_residual": 0.4065604031474753
          }
        ]
      },
      "objective_value": 1.3630532303113463
    },
    {
      "kind": "search",
      "parameters_mm": [
        52.0,
        47.50341796875
      ],
      "inspection": {
        "engine": {
          "name": "OpticStudio",
          "version": "24.1.0",
          "zospy_version": "2.1.5",
          "pythonnet_version": "3.1.0",
          "license": "PremiumEdition"
        },
        "focus_mm": 47.50341796875,
        "image_surface": 3,
        "surfaces": [
          {
            "index": 0,
            "is_image": false,
            "is_stop": false,
            "type": "Standard",
            "radius_mm": "Infinity",
            "thickness_mm": "Infinity",
            "material": "",
            "conic": 0.0,
            "coating": "",
            "tilts": [
              0.0,
              0.0,
              0.0,
              0.0,
              0.0,
              0.0,
              0.0,
              0.0,
              0.0,
              0.0
            ],
            "aperture": "None",
            "semi_diameter_solve": "Automatic",
            "asphere_coefficients": []
          },
          {
            "index": 1,
            "is_image": false,
            "is_stop": true,
            "type": "Standard",
            "radius_mm": 52.0,
            "thickness_mm": 5.0,
            "material": "N-BK7",
            "conic": 0.0,
            "coating": "",
            "tilts": [
              0.0,
              0.0,
              0.0,
              0.0,
              0.0,
              0.0,
              0.0,
              0.0,
              0.0,
              0.0
            ],
            "aperture": "None",
            "semi_diameter_solve": "Automatic",
            "asphere_coefficients": []
          },
          {
            "index": 2,
            "is_image": false,
            "is_stop": false,
            "type": "Standard",
            "radius_mm": -50.0,
            "thickness_mm": 47.50341796875,
            "material": "",
            "conic": 0.0,
            "coating": "",
            "tilts": [
              0.0,
              0.0,
              0.0,
              0.0,
              0.0,
              0.0,
              0.0,
              0.0,
              0.0,
              0.0
            ],
            "aperture": "None",
            "semi_diameter_solve": "Automatic",
            "asphere_coefficients": []
          },
          {
            "index": 3,
            "is_image": true,
            "is_stop": false,
            "type": "Standard",
            "radius_mm": "Infinity",
            "thickness_mm": "Infinity",
            "material": "",
            "conic": 0.0,
            "coating": "",
            "tilts": [
              0.0,
              0.0,
              0.0,
              0.0,
              0.0,
              0.0,
              0.0,
              0.0,
              0.0,
              0.0
            ],
            "aperture": "None",
            "semi_diameter_solve": "Automatic",
            "asphere_coefficients": []
          }
        ],
        "invariants": {
          "surfaces": [
            {
              "index": 0,
              "is_image": false,
              "is_stop": false,
              "type": "Standard",
              "radius_mm": "Infinity",
              "thickness_mm": "Infinity",
              "material": "",
              "conic": 0.0,
              "coating": "",
              "tilts": [
                0.0,
                0.0,
                0.0,
                0.0,
                0.0,
                0.0,
                0.0,
                0.0,
                0.0,
                0.0
              ],
              "aperture": "None",
              "semi_diameter_solve": "Automatic",
              "asphere_coefficients": []
            },
            {
              "index": 1,
              "is_image": false,
              "is_stop": true,
              "type": "Standard",
              "radius_mm": 52.0,
              "thickness_mm": 5.0,
              "material": "N-BK7",
              "conic": 0.0,
              "coating": "",
              "tilts": [
                0.0,
                0.0,
                0.0,
                0.0,
                0.0,
                0.0,
                0.0,
                0.0,
                0.0,
                0.0
              ],
              "aperture": "None",
              "semi_diameter_solve": "Automatic",
              "asphere_coefficients": []
            },
            {
              "index": 2,
              "is_image": false,
              "is_stop": false,
              "type": "Standard",
              "radius_mm": -50.0,
              "material": "",
              "conic": 0.0,
              "coating": "",
              "tilts": [
                0.0,
                0.0,
                0.0,
                0.0,
                0.0,
                0.0,
                0.0,
                0.0,
                0.0,
                0.0
              ],
              "aperture": "None",
              "semi_diameter_solve": "Automatic",
              "asphere_coefficients": []
            },
            {
              "index": 3,
              "is_image": true,
              "is_stop": false,
              "type": "Standard",
              "radius_mm": "Infinity",
              "thickness_mm": "Infinity",
              "material": "",
              "conic": 0.0,
              "coating": "",
              "tilts": [
                0.0,
                0.0,
                0.0,
                0.0,
                0.0,
                0.0,
                0.0,
                0.0,
                0.0,
                0.0
              ],
              "aperture": "None",
              "semi_diameter_solve": "Automatic",
              "asphere_coefficients": []
            }
          ],
          "fields": [
            {
              "index": 1,
              "x_deg": 0.0,
              "y_deg": 0.0,
              "weight": 1.0
            },
            {
              "index": 2,
              "x_deg": 0.0,
              "y_deg": 3.0,
              "weight": 1.0
            },
            {
              "index": 3,
              "x_deg": 0.0,
              "y_deg": 6.0,
              "weight": 1.0
            }
          ],
          "wavelengths": [
            {
              "index": 1,
              "um": 0.4861327,
              "weight": 1.0,
              "primary": false
            },
            {
              "index": 2,
              "um": 0.55,
              "weight": 1.0,
              "primary": true
            },
            {
              "index": 3,
              "um": 0.6562725,
              "weight": 1.0,
              "primary": false
            }
          ],
          "aperture_type": "EntrancePupilDiameter",
          "aperture_mm": 10.0,
          "lens_units": "mm"
        },
        "limits": [
          "Sequential centered Standard conic/EvenAspheric refractive systems; fixed shape coefficients; angle fields; mm; EPD.",
          "Geometric centroid RMS spot and scalar FFT MTF are distinct metrics.",
          "A sparse pupil ray check detects gross failures; it is not a full vignetting analysis."
        ]
      },
      "measurements": [
        {
          "metric": "efl_mm",
          "unit": "mm",
          "value": 49.99615696660989,
          "settings": {
            "wavelength": 2,
            "wavelength_um": 0.55
          }
        },
        {
          "metric": "f_number",
          "unit": "1",
          "value": 4.999616,
          "settings": {
            "wavelength": 2,
            "wavelength_um": 0.55
          }
        },
        {
          "metric": "total_track_mm",
          "unit": "mm",
          "value": 52.50342
        },
        {
          "metric": "image_distance_mm",
          "unit": "mm",
          "value": 47.50341796875
        },
        {
          "metric": "rms_spot_um",
          "field": 1,
          "wavelength": 1,
          "unit": "um",
          "value": 17.443945447800584,
          "settings": {
            "reference": "centroid",
            "ray_density": 8,
            "native_analysis": "StandardSpot",
            "ray_check_count": 17,
            "field": 1,
            "field_xy_deg": [
              0.0,
              0.0
            ],
            "wavelength": 1,
            "wavelength_um": 0.4861327,
            "spectral_mode": "monochromatic"
          }
        },
        {
          "metric": "rms_spot_um",
          "field": 1,
          "wavelength": 2,
          "unit": "um",
          "value": 25.026175453350938,
          "settings": {
            "reference": "centroid",
            "ray_density": 8,
            "native_analysis": "StandardSpot",
            "ray_check_count": 17,
            "field": 1,
            "field_xy_deg": [
              0.0,
              0.0
            ],
            "wavelength": 2,
            "wavelength_um": 0.55,
            "spectral_mode": "monochromatic"
          }
        },
        {
          "metric": "rms_spot_um",
          "field": 1,
          "wavelength": 3,
          "unit": "um",
          "value": 51.79667000321436,
          "settings": {
            "reference": "centroid",
            "ray_density": 8,
            "native_analysis": "StandardSpot",
            "ray_check_count": 17,
            "field": 1,
            "field_xy_deg": [
              0.0,
              0.0
            ],
            "wavelength": 3,
            "wavelength_um": 0.6562725,
            "spectral_mode": "monochromatic"
          }
        },
        {
          "metric": "rms_spot_um",
          "field": 2,
          "wavelength": 1,
          "unit": "um",
          "value": 29.420789245107507,
          "settings": {
            "reference": "centroid",
            "ray_density": 8,
            "native_analysis": "StandardSpot",
            "ray_check_count": 17,
            "field": 2,
            "field_xy_deg": [
              0.0,
              3.0
            ],
            "wavelength": 1,
            "wavelength_um": 0.4861327,
            "spectral_mode": "monochromatic"
          }
        },
        {
          "metric": "rms_spot_um",
          "field": 2,
          "wavelength": 2,
          "unit": "um",
          "value": 22.668894734463013,
          "settings": {
            "reference": "centroid",
            "ray_density": 8,
            "native_analysis": "StandardSpot",
            "ray_check_count": 17,
            "field": 2,
            "field_xy_deg": [
              0.0,
              3.0
            ],
            "wavelength": 2,
            "wavelength_um": 0.55,
            "spectral_mode": "monochromatic"
          }
        },
        {
          "metric": "rms_spot_um",
          "field": 2,
          "wavelength": 3,
          "unit": "um",
          "value": 42.971108666661415,
          "settings": {
            "reference": "centroid",
            "ray_density": 8,
            "native_analysis": "StandardSpot",
            "ray_check_count": 17,
            "field": 2,
            "field_xy_deg": [
              0.0,
              3.0
            ],
            "wavelength": 3,
            "wavelength_um": 0.6562725,
            "spectral_mode": "monochromatic"
          }
        },
        {
          "metric": "rms_spot_um",
          "field": 3,
          "wavelength": 1,
          "unit": "um",
          "value": 68.15345479236363,
          "settings": {
            "reference": "centroid",
            "ray_density": 8,
            "native_analysis": "StandardSpot",
            "ray_check_count": 17,
            "field": 3,
            "field_xy_deg": [
              0.0,
              6.0
            ],
            "wavelength": 1,
            "wavelength_um": 0.4861327,
            "spectral_mode": "monochromatic"
          }
        },
        {
          "metric": "rms_spot_um",
          "field": 3,
          "wavelength": 2,
          "unit": "um",
          "value": 47.18802327039259,
          "settings": {
            "reference": "centroid",
            "ray_density": 8,
            "native_analysis": "StandardSpot",
            "ray_check_count": 17,
            "field": 3,
            "field_xy_deg": [
              0.0,
              6.0
            ],
            "wavelength": 2,
            "wavelength_um": 0.55,
            "spectral_mode": "monochromatic"
          }
        },
        {
          "metric": "rms_spot_um",
          "field": 3,
          "wavelength": 3,
          "unit": "um",
          "value": 36.58665621930413,
          "settings": {
            "reference": "centroid",
            "ray_density": 8,
            "native_analysis": "StandardSpot",
            "ray_check_count": 17,
            "field": 3,
            "field_xy_deg": [
              0.0,
              6.0
            ],
            "wavelength": 3,
            "wavelength_um": 0.6562725,
            "spectral_mode": "monochromatic"
          }
        }
      ],
      "assessment": {
        "passes": true,
        "requirements": [
          {
            "id": "focal-length",
            "key": "efl_mm",
            "requirement": {
              "id": "focal-length",
              "metric": "efl_mm",
              "unit": "mm",
              "min": 48,
              "max": 52
            },
            "status": "pass",
            "value": 49.99615696660989,
            "unit": "mm"
          },
          {
            "id": "track",
            "key": "total_track_mm",
            "requirement": {
              "id": "track",
              "metric": "total_track_mm",
              "unit": "mm",
              "max": 65
            },
            "status": "pass",
            "value": 52.50342,
            "unit": "mm"
          },
          {
            "id": "spot-1-1",
            "key": "rms_spot_um|f=1|w=1",
            "requirement": {
              "metric": "rms_spot_um",
              "field": 1,
              "wavelength": 1,
              "unit": "um",
              "id": "spot-1-1",
              "max": 120
            },
            "status": "pass",
            "value": 17.443945447800584,
            "unit": "um"
          },
          {
            "id": "spot-1-2",
            "key": "rms_spot_um|f=1|w=2",
            "requirement": {
              "metric": "rms_spot_um",
              "field": 1,
              "wavelength": 2,
              "unit": "um",
              "id": "spot-1-2",
              "max": 120
            },
            "status": "pass",
            "value": 25.026175453350938,
            "unit": "um"
          },
          {
            "id": "spot-1-3",
            "key": "rms_spot_um|f=1|w=3",
            "requirement": {
              "metric": "rms_spot_um",
              "field": 1,
              "wavelength": 3,
              "unit": "um",
              "id": "spot-1-3",
              "max": 120
            },
            "status": "pass",
            "value": 51.79667000321436,
            "unit": "um"
          },
          {
            "id": "spot-2-1",
            "key": "rms_spot_um|f=2|w=1",
            "requirement": {
              "metric": "rms_spot_um",
              "field": 2,
              "wavelength": 1,
              "unit": "um",
              "id": "spot-2-1",
              "max": 120
            },
            "status": "pass",
            "value": 29.420789245107507,
            "unit": "um"
          },
          {
            "id": "spot-2-2",
            "key": "rms_spot_um|f=2|w=2",
            "requirement": {
              "metric": "rms_spot_um",
              "field": 2,
              "wavelength": 2,
              "unit": "um",
              "id": "spot-2-2",
              "max": 120
            },
            "status": "pass",
            "value": 22.668894734463013,
            "unit": "um"
          },
          {
            "id": "spot-2-3",
            "key": "rms_spot_um|f=2|w=3",
            "requirement": {
              "metric": "rms_spot_um",
              "field": 2,
              "wavelength": 3,
              "unit": "um",
              "id": "spot-2-3",
              "max": 120
            },
            "status": "pass",
            "value": 42.971108666661415,
            "unit": "um"
          },
          {
            "id": "spot-3-1",
            "key": "rms_spot_um|f=3|w=1",
            "requirement": {
              "metric": "rms_spot_um",
              "field": 3,
              "wavelength": 1,
              "unit": "um",
              "id": "spot-3-1",
              "max": 120
            },
            "status": "pass",
            "value": 68.15345479236363,
            "unit": "um"
          },
          {
            "id": "spot-3-2",
            "key": "rms_spot_um|f=3|w=2",
            "requirement": {
              "metric": "rms_spot_um",
              "field": 3,
              "wavelength": 2,
              "unit": "um",
              "id": "spot-3-2",
              "max": 120
            },
            "status": "pass",
            "value": 47.18802327039259,
            "unit": "um"
          },
          {
            "id": "spot-3-3",
            "key": "rms_spot_um|f=3|w=3",
            "requirement": {
              "metric": "rms_spot_um",
              "field": 3,
              "wavelength": 3,
              "unit": "um",
              "id": "spot-3-3",
              "max": 120
            },
            "status": "pass",
            "value": 36.58665621930413,
            "unit": "um"
          }
        ]
      },
      "objective_breakdown": {
        "aggregation": "weighted_rms",
        "direction": "minimize",
        "value": 1.36307839126628,
        "unit": "1",
        "terms": [
          {
            "metric": "rms_spot_um",
            "field": 1,
            "wavelength": 1,
            "key": "rms_spot_um|f=1|w=1",
            "unit": "um",
            "value": 17.443945447800584,
            "target": 0,
            "scale": 30,
            "weight": 1,
            "normalized_residual": 0.5814648482600194,
            "weighted_residual": 0.19382161608667314
          },
          {
            "metric": "rms_spot_um",
            "field": 1,
            "wavelength": 2,
            "key": "rms_spot_um|f=1|w=2",
            "unit": "um",
            "value": 25.026175453350938,
            "target": 0,
            "scale": 30,
            "weight": 1,
            "normalized_residual": 0.8342058484450312,
            "weighted_residual": 0.2780686161483437
          },
          {
            "metric": "rms_spot_um",
            "field": 1,
            "wavelength": 3,
            "key": "rms_spot_um|f=1|w=3",
            "unit": "um",
            "value": 51.79667000321436,
            "target": 0,
            "scale": 30,
            "weight": 1,
            "normalized_residual": 1.726555666773812,
            "weighted_residual": 0.5755185555912706
          },
          {
            "metric": "rms_spot_um",
            "field": 2,
            "wavelength": 1,
            "key": "rms_spot_um|f=2|w=1",
            "unit": "um",
            "value": 29.420789245107507,
            "target": 0,
            "scale": 30,
            "weight": 1,
            "normalized_residual": 0.9806929748369169,
            "weighted_residual": 0.32689765827897227
          },
          {
            "metric": "rms_spot_um",
            "field": 2,
            "wavelength": 2,
            "key": "rms_spot_um|f=2|w=2",
            "unit": "um",
            "value": 22.668894734463013,
            "target": 0,
            "scale": 30,
            "weight": 1,
            "normalized_residual": 0.7556298244821005,
            "weighted_residual": 0.2518766081607001
          },
          {
            "metric": "rms_spot_um",
            "field": 2,
            "wavelength": 3,
            "key": "rms_spot_um|f=2|w=3",
            "unit": "um",
            "value": 42.971108666661415,
            "target": 0,
            "scale": 30,
            "weight": 1,
            "normalized_residual": 1.4323702888887138,
            "weighted_residual": 0.47745676296290457
          },
          {
            "metric": "rms_spot_um",
            "field": 3,
            "wavelength": 1,
            "key": "rms_spot_um|f=3|w=1",
            "unit": "um",
            "value": 68.15345479236363,
            "target": 0,
            "scale": 30,
            "weight": 1,
            "normalized_residual": 2.2717818264121212,
            "weighted_residual": 0.7572606088040403
          },
          {
            "metric": "rms_spot_um",
            "field": 3,
            "wavelength": 2,
            "key": "rms_spot_um|f=3|w=2",
            "unit": "um",
            "value": 47.18802327039259,
            "target": 0,
            "scale": 30,
            "weight": 1,
            "normalized_residual": 1.5729341090130864,
            "weighted_residual": 0.5243113696710288
          },
          {
            "metric": "rms_spot_um",
            "field": 3,
            "wavelength": 3,
            "key": "rms_spot_um|f=3|w=3",
            "unit": "um",
            "value": 36.58665621930413,
            "target": 0,
            "scale": 30,
            "weight": 1,
            "normalized_residual": 1.2195552073101377,
            "weighted_residual": 0.40651840243671256
          }
        ]
      },
      "objective_value": 1.36307839126628
    },
    {
      "kind": "search",
      "parameters_mm": [
        52.0,
        47.49658203125
      ],
      "inspection": {
        "engine": {
          "name": "OpticStudio",
          "version": "24.1.0",
          "zospy_version": "2.1.5",
          "pythonnet_version": "3.1.0",
          "license": "PremiumEdition"
        },
        "focus_mm": 47.49658203125,
        "image_surface": 3,
        "surfaces": [
          {
            "index": 0,
            "is_image": false,
            "is_stop": false,
            "type": "Standard",
            "radius_mm": "Infinity",
            "thickness_mm": "Infinity",
            "material": "",
            "conic": 0.0,
            "coating": "",
            "tilts": [
              0.0,
              0.0,
              0.0,
              0.0,
              0.0,
              0.0,
              0.0,
              0.0,
              0.0,
              0.0
            ],
            "aperture": "None",
            "semi_diameter_solve": "Automatic",
            "asphere_coefficients": []
          },
          {
            "index": 1,
            "is_image": false,
            "is_stop": true,
            "type": "Standard",
            "radius_mm": 52.0,
            "thickness_mm": 5.0,
            "material": "N-BK7",
            "conic": 0.0,
            "coating": "",
            "tilts": [
              0.0,
              0.0,
              0.0,
              0.0,
              0.0,
              0.0,
              0.0,
              0.0,
              0.0,
              0.0
            ],
            "aperture": "None",
            "semi_diameter_solve": "Automatic",
            "asphere_coefficients": []
          },
          {
            "index": 2,
            "is_image": false,
            "is_stop": false,
            "type": "Standard",
            "radius_mm": -50.0,
            "thickness_mm": 47.49658203125,
            "material": "",
            "conic": 0.0,
            "coating": "",
            "tilts": [
              0.0,
              0.0,
              0.0,
              0.0,
              0.0,
              0.0,
              0.0,
              0.0,
              0.0,
              0.0
            ],
            "aperture": "None",
            "semi_diameter_solve": "Automatic",
            "asphere_coefficients": []
          },
          {
            "index": 3,
            "is_image": true,
            "is_stop": false,
            "type": "Standard",
            "radius_mm": "Infinity",
            "thickness_mm": "Infinity",
            "material": "",
            "conic": 0.0,
            "coating": "",
            "tilts": [
              0.0,
              0.0,
              0.0,
              0.0,
              0.0,
              0.0,
              0.0,
              0.0,
              0.0,
              0.0
            ],
            "aperture": "None",
            "semi_diameter_solve": "Automatic",
            "asphere_coefficients": []
          }
        ],
        "invariants": {
          "surfaces": [
            {
              "index": 0,
              "is_image": false,
              "is_stop": false,
              "type": "Standard",
              "radius_mm": "Infinity",
              "thickness_mm": "Infinity",
              "material": "",
              "conic": 0.0,
              "coating": "",
              "tilts": [
                0.0,
                0.0,
                0.0,
                0.0,
                0.0,
                0.0,
                0.0,
                0.0,
                0.0,
                0.0
              ],
              "aperture": "None",
              "semi_diameter_solve": "Automatic",
              "asphere_coefficients": []
            },
            {
              "index": 1,
              "is_image": false,
              "is_stop": true,
              "type": "Standard",
              "radius_mm": 52.0,
              "thickness_mm": 5.0,
              "material": "N-BK7",
              "conic": 0.0,
              "coating": "",
              "tilts": [
                0.0,
                0.0,
                0.0,
                0.0,
                0.0,
                0.0,
                0.0,
                0.0,
                0.0,
                0.0
              ],
              "aperture": "None",
              "semi_diameter_solve": "Automatic",
              "asphere_coefficients": []
            },
            {
              "index": 2,
              "is_image": false,
              "is_stop": false,
              "type": "Standard",
              "radius_mm": -50.0,
              "material": "",
              "conic": 0.0,
              "coating": "",
              "tilts": [
                0.0,
                0.0,
                0.0,
                0.0,
                0.0,
                0.0,
                0.0,
                0.0,
                0.0,
                0.0
              ],
              "aperture": "None",
              "semi_diameter_solve": "Automatic",
              "asphere_coefficients": []
            },
            {
              "index": 3,
              "is_image": true,
              "is_stop": false,
              "type": "Standard",
              "radius_mm": "Infinity",
              "thickness_mm": "Infinity",
              "material": "",
              "conic": 0.0,
              "coating": "",
              "tilts": [
                0.0,
                0.0,
                0.0,
                0.0,
                0.0,
                0.0,
                0.0,
                0.0,
                0.0,
                0.0
              ],
              "aperture": "None",
              "semi_diameter_solve": "Automatic",
              "asphere_coefficients": []
            }
          ],
          "fields": [
            {
              "index": 1,
              "x_deg": 0.0,
              "y_deg": 0.0,
              "weight": 1.0
            },
            {
              "index": 2,
              "x_deg": 0.0,
              "y_deg": 3.0,
              "weight": 1.0
            },
            {
              "index": 3,
              "x_deg": 0.0,
              "y_deg": 6.0,
              "weight": 1.0
            }
          ],
          "wavelengths": [
            {
              "index": 1,
              "um": 0.4861327,
              "weight": 1.0,
              "primary": false
            },
            {
              "index": 2,
              "um": 0.55,
              "weight": 1.0,
              "primary": true
            },
            {
              "index": 3,
              "um": 0.6562725,
              "weight": 1.0,
              "primary": false
            }
          ],
          "aperture_type": "EntrancePupilDiameter",
          "aperture_mm": 10.0,
          "lens_units": "mm"
        },
        "limits": [
          "Sequential centered Standard conic/EvenAspheric refractive systems; fixed shape coefficients; angle fields; mm; EPD.",
          "Geometric centroid RMS spot and scalar FFT MTF are distinct metrics.",
          "A sparse pupil ray check detects gross failures; it is not a full vignetting analysis."
        ]
      },
      "measurements": [
        {
          "metric": "efl_mm",
          "unit": "mm",
          "value": 49.99615696660989,
          "settings": {
            "wavelength": 2,
            "wavelength_um": 0.55
          }
        },
        {
          "metric": "f_number",
          "unit": "1",
          "value": 4.999616,
          "settings": {
            "wavelength": 2,
            "wavelength_um": 0.55
          }
        },
        {
          "metric": "total_track_mm",
          "unit": "mm",
          "value": 52.49658
        },
        {
          "metric": "image_distance_mm",
          "unit": "mm",
          "value": 47.49658203125
        },
        {
          "metric": "rms_spot_um",
          "field": 1,
          "wavelength": 1,
          "unit": "um",
          "value": 17.219396473703856,
          "settings": {
            "reference": "centroid",
            "ray_density": 8,
            "native_analysis": "StandardSpot",
            "ray_check_count": 17,
            "field": 1,
            "field_xy_deg": [
              0.0,
              0.0
            ],
            "wavelength": 1,
            "wavelength_um": 0.4861327,
            "spectral_mode": "monochromatic"
          }
        },
        {
          "metric": "rms_spot_um",
          "field": 1,
          "wavelength": 2,
          "unit": "um",
          "value": 25.43398798395626,
          "settings": {
            "reference": "centroid",
            "ray_density": 8,
            "native_analysis": "StandardSpot",
            "ray_check_count": 17,
            "field": 1,
            "field_xy_deg": [
              0.0,
              0.0
            ],
            "wavelength": 2,
            "wavelength_um": 0.55,
            "spectral_mode": "monochromatic"
          }
        },
        {
          "metric": "rms_spot_um",
          "field": 1,
          "wavelength": 3,
          "unit": "um",
          "value": 52.28674167481829,
          "settings": {
            "reference": "centroid",
            "ray_density": 8,
            "native_analysis": "StandardSpot",
            "ray_check_count": 17,
            "field": 1,
            "field_xy_deg": [
              0.0,
              0.0
            ],
            "wavelength": 3,
            "wavelength_um": 0.6562725,
            "spectral_mode": "monochromatic"
          }
        },
        {
          "metric": "rms_spot_um",
          "field": 2,
          "wavelength": 1,
          "unit": "um",
          "value": 29.067732917721756,
          "settings": {
            "reference": "centroid",
            "ray_density": 8,
            "native_analysis": "StandardSpot",
            "ray_check_count": 17,
            "field": 2,
            "field_xy_deg": [
              0.0,
              3.0
            ],
            "wavelength": 1,
            "wavelength_um": 0.4861327,
            "spectral_mode": "monochromatic"
          }
        },
        {
          "metric": "rms_spot_um",
          "field": 2,
          "wavelength": 2,
          "unit": "um",
          "value": 22.844375148573267,
          "settings": {
            "reference": "centroid",
            "ray_density": 8,
            "native_analysis": "StandardSpot",
            "ray_check_count": 17,
            "field": 2,
            "field_xy_deg": [
              0.0,
              3.0
            ],
            "wavelength": 2,
            "wavelength_um": 0.55,
            "spectral_mode": "monochromatic"
          }
        },
        {
          "metric": "rms_spot_um",
          "field": 2,
          "wavelength": 3,
          "unit": "um",
          "value": 43.41922630400092,
          "settings": {
            "reference": "centroid",
            "ray_density": 8,
            "native_analysis": "StandardSpot",
            "ray_check_count": 17,
            "field": 2,
            "field_xy_deg": [
              0.0,
              3.0
            ],
            "wavelength": 3,
            "wavelength_um": 0.6562725,
            "spectral_mode": "monochromatic"
          }
        },
        {
          "metric": "rms_spot_um",
          "field": 3,
          "wavelength": 1,
          "unit": "um",
          "value": 67.71062657769562,
          "settings": {
            "reference": "centroid",
            "ray_density": 8,
            "native_analysis": "StandardSpot",
            "ray_check_count": 17,
            "field": 3,
            "field_xy_deg": [
              0.0,
              6.0
            ],
            "wavelength": 1,
            "wavelength_um": 0.4861327,
            "spectral_mode": "monochromatic"
          }
        },
        {
          "metric": "rms_spot_um",
          "field": 3,
          "wavelength": 2,
          "unit": "um",
          "value": 46.86171175446266,
          "settings": {
            "reference": "centroid",
            "ray_density": 8,
            "native_analysis": "StandardSpot",
            "ray_check_count": 17,
            "field": 3,
            "field_xy_deg": [
              0.0,
              6.0
            ],
            "wavelength": 2,
            "wavelength_um": 0.55,
            "spectral_mode": "monochromatic"
          }
        },
        {
          "metric": "rms_spot_um",
          "field": 3,
          "wavelength": 3,
          "unit": "um",
          "value": 36.59952576873131,
          "settings": {
            "reference": "centroid",
            "ray_density": 8,
            "native_analysis": "StandardSpot",
            "ray_check_count": 17,
            "field": 3,
            "field_xy_deg": [
              0.0,
              6.0
            ],
            "wavelength": 3,
            "wavelength_um": 0.6562725,
            "spectral_mode": "monochromatic"
          }
        }
      ],
      "assessment": {
        "passes": true,
        "requirements": [
          {
            "id": "focal-length",
            "key": "efl_mm",
            "requirement": {
              "id": "focal-length",
              "metric": "efl_mm",
              "unit": "mm",
              "min": 48,
              "max": 52
            },
            "status": "pass",
            "value": 49.99615696660989,
            "unit": "mm"
          },
          {
            "id": "track",
            "key": "total_track_mm",
            "requirement": {
              "id": "track",
              "metric": "total_track_mm",
              "unit": "mm",
              "max": 65
            },
            "status": "pass",
            "value": 52.49658,
            "unit": "mm"
          },
          {
            "id": "spot-1-1",
            "key": "rms_spot_um|f=1|w=1",
            "requirement": {
              "metric": "rms_spot_um",
              "field": 1,
              "wavelength": 1,
              "unit": "um",
              "id": "spot-1-1",
              "max": 120
            },
            "status": "pass",
            "value": 17.219396473703856,
            "unit": "um"
          },
          {
            "id": "spot-1-2",
            "key": "rms_spot_um|f=1|w=2",
            "requirement": {
              "metric": "rms_spot_um",
              "field": 1,
              "wavelength": 2,
              "unit": "um",
              "id": "spot-1-2",
              "max": 120
            },
            "status": "pass",
            "value": 25.43398798395626,
            "unit": "um"
          },
          {
            "id": "spot-1-3",
            "key": "rms_spot_um|f=1|w=3",
            "requirement": {
              "metric": "rms_spot_um",
              "field": 1,
              "wavelength": 3,
              "unit": "um",
              "id": "spot-1-3",
              "max": 120
            },
            "status": "pass",
            "value": 52.28674167481829,
            "unit": "um"
          },
          {
            "id": "spot-2-1",
            "key": "rms_spot_um|f=2|w=1",
            "requirement": {
              "metric": "rms_spot_um",
              "field": 2,
              "wavelength": 1,
              "unit": "um",
              "id": "spot-2-1",
              "max": 120
            },
            "status": "pass",
            "value": 29.067732917721756,
            "unit": "um"
          },
          {
            "id": "spot-2-2",
            "key": "rms_spot_um|f=2|w=2",
            "requirement": {
              "metric": "rms_spot_um",
              "field": 2,
              "wavelength": 2,
              "unit": "um",
              "id": "spot-2-2",
              "max": 120
            },
            "status": "pass",
            "value": 22.844375148573267,
            "unit": "um"
          },
          {
            "id": "spot-2-3",
            "key": "rms_spot_um|f=2|w=3",
            "requirement": {
              "metric": "rms_spot_um",
              "field": 2,
              "wavelength": 3,
              "unit": "um",
              "id": "spot-2-3",
              "max": 120
            },
            "status": "pass",
            "value": 43.41922630400092,
            "unit": "um"
          },
          {
            "id": "spot-3-1",
            "key": "rms_spot_um|f=3|w=1",
            "requirement": {
              "metric": "rms_spot_um",
              "field": 3,
              "wavelength": 1,
              "unit": "um",
              "id": "spot-3-1",
              "max": 120
            },
            "status": "pass",
            "value": 67.71062657769562,
            "unit": "um"
          },
          {
            "id": "spot-3-2",
            "key": "rms_spot_um|f=3|w=2",
            "requirement": {
              "metric": "rms_spot_um",
              "field": 3,
              "wavelength": 2,
              "unit": "um",
              "id": "spot-3-2",
              "max": 120
            },
            "status": "pass",
            "value": 46.86171175446266,
            "unit": "um"
          },
          {
            "id": "spot-3-3",
            "key": "rms_spot_um|f=3|w=3",
            "requirement": {
              "metric": "rms_spot_um",
              "field": 3,
              "wavelength": 3,
              "unit": "um",
              "id": "spot-3-3",
              "max": 120
            },
            "status": "pass",
            "value": 36.59952576873131,
            "unit": "um"
          }
        ]
      },
      "objective_breakdown": {
        "aggregation": "weighted_rms",
        "direction": "minimize",
        "value": 1.3630757144535217,
        "unit": "1",
        "terms": [
          {
            "metric": "rms_spot_um",
            "field": 1,
            "wavelength": 1,
            "key": "rms_spot_um|f=1|w=1",
            "unit": "um",
            "value": 17.219396473703856,
            "target": 0,
            "scale": 30,
            "weight": 1,
            "normalized_residual": 0.5739798824567952,
            "weighted_residual": 0.1913266274855984
          },
          {
            "metric": "rms_spot_um",
            "field": 1,
            "wavelength": 2,
            "key": "rms_spot_um|f=1|w=2",
            "unit": "um",
            "value": 25.43398798395626,
            "target": 0,
            "scale": 30,
            "weight": 1,
            "normalized_residual": 0.8477995994652087,
            "weighted_residual": 0.28259986648840285
          },
          {
            "metric": "rms_spot_um",
            "field": 1,
            "wavelength": 3,
            "key": "rms_spot_um|f=1|w=3",
            "unit": "um",
            "value": 52.28674167481829,
            "target": 0,
            "scale": 30,
            "weight": 1,
            "normalized_residual": 1.7428913891606095,
            "weighted_residual": 0.5809637963868698
          },
          {
            "metric": "rms_spot_um",
            "field": 2,
            "wavelength": 1,
            "key": "rms_spot_um|f=2|w=1",
            "unit": "um",
            "value": 29.067732917721756,
            "target": 0,
            "scale": 30,
            "weight": 1,
            "normalized_residual": 0.9689244305907252,
            "weighted_residual": 0.3229748101969084
          },
          {
            "metric": "rms_spot_um",
            "field": 2,
            "wavelength": 2,
            "key": "rms_spot_um|f=2|w=2",
            "unit": "um",
            "value": 22.844375148573267,
            "target": 0,
            "scale": 30,
            "weight": 1,
            "normalized_residual": 0.7614791716191089,
            "weighted_residual": 0.25382639053970296
          },
          {
            "metric": "rms_spot_um",
            "field": 2,
            "wavelength": 3,
            "key": "rms_spot_um|f=2|w=3",
            "unit": "um",
            "value": 43.41922630400092,
            "target": 0,
            "scale": 30,
            "weight": 1,
            "normalized_residual": 1.4473075434666973,
            "weighted_residual": 0.4824358478222324
          },
          {
            "metric": "rms_spot_um",
            "field": 3,
            "wavelength": 1,
            "key": "rms_spot_um|f=3|w=1",
            "unit": "um",
            "value": 67.71062657769562,
            "target": 0,
            "scale": 30,
            "weight": 1,
            "normalized_residual": 2.2570208859231875,
            "weighted_residual": 0.7523402953077292
          },
          {
            "metric": "rms_spot_um",
            "field": 3,
            "wavelength": 2,
            "key": "rms_spot_um|f=3|w=2",
            "unit": "um",
            "value": 46.86171175446266,
            "target": 0,
            "scale": 30,
            "weight": 1,
            "normalized_residual": 1.5620570584820888,
            "weighted_residual": 0.5206856861606962
          },
          {
            "metric": "rms_spot_um",
            "field": 3,
            "wavelength": 3,
            "key": "rms_spot_um|f=3|w=3",
            "unit": "um",
            "value": 36.59952576873131,
            "target": 0,
            "scale": 30,
            "weight": 1,
            "normalized_residual": 1.2199841922910437,
            "weighted_residual": 0.4066613974303479
          }
        ]
      },
      "objective_value": 1.3630757144535217
    },
    {
      "kind": "search",
      "parameters_mm": [
        51.9990234375,
        47.5
      ],
      "inspection": {
        "engine": {
          "name": "OpticStudio",
          "version": "24.1.0",
          "zospy_version": "2.1.5",
          "pythonnet_version": "3.1.0",
          "license": "PremiumEdition"
        },
        "focus_mm": 47.5,
        "image_surface": 3,
        "surfaces": [
          {
            "index": 0,
            "is_image": false,
            "is_stop": false,
            "type": "Standard",
            "radius_mm": "Infinity",
            "thickness_mm": "Infinity",
            "material": "",
            "conic": 0.0,
            "coating": "",
            "tilts": [
              0.0,
              0.0,
              0.0,
              0.0,
              0.0,
              0.0,
              0.0,
              0.0,
              0.0,
              0.0
            ],
            "aperture": "None",
            "semi_diameter_solve": "Automatic",
            "asphere_coefficients": []
          },
          {
            "index": 1,
            "is_image": false,
            "is_stop": true,
            "type": "Standard",
            "radius_mm": 51.9990234375,
            "thickness_mm": 5.0,
            "material": "N-BK7",
            "conic": 0.0,
            "coating": "",
            "tilts": [
              0.0,
              0.0,
              0.0,
              0.0,
              0.0,
              0.0,
              0.0,
              0.0,
              0.0,
              0.0
            ],
            "aperture": "None",
            "semi_diameter_solve": "Automatic",
            "asphere_coefficients": []
          },
          {
            "index": 2,
            "is_image": false,
            "is_stop": false,
            "type": "Standard",
            "radius_mm": -50.0,
            "thickness_mm": 47.5,
            "material": "",
            "conic": 0.0,
            "coating": "",
            "tilts": [
              0.0,
              0.0,
              0.0,
              0.0,
              0.0,
              0.0,
              0.0,
              0.0,
              0.0,
              0.0
            ],
            "aperture": "None",
            "semi_diameter_solve": "Automatic",
            "asphere_coefficients": []
          },
          {
            "index": 3,
            "is_image": true,
            "is_stop": false,
            "type": "Standard",
            "radius_mm": "Infinity",
            "thickness_mm": "Infinity",
            "material": "",
            "conic": 0.0,
            "coating": "",
            "tilts": [
              0.0,
              0.0,
              0.0,
              0.0,
              0.0,
              0.0,
              0.0,
              0.0,
              0.0,
              0.0
            ],
            "aperture": "None",
            "semi_diameter_solve": "Automatic",
            "asphere_coefficients": []
          }
        ],
        "invariants": {
          "surfaces": [
            {
              "index": 0,
              "is_image": false,
              "is_stop": false,
              "type": "Standard",
              "radius_mm": "Infinity",
              "thickness_mm": "Infinity",
              "material": "",
              "conic": 0.0,
              "coating": "",
              "tilts": [
                0.0,
                0.0,
                0.0,
                0.0,
                0.0,
                0.0,
                0.0,
                0.0,
                0.0,
                0.0
              ],
              "aperture": "None",
              "semi_diameter_solve": "Automatic",
              "asphere_coefficients": []
            },
            {
              "index": 1,
              "is_image": false,
              "is_stop": true,
              "type": "Standard",
              "radius_mm": 51.9990234375,
              "thickness_mm": 5.0,
              "material": "N-BK7",
              "conic": 0.0,
              "coating": "",
              "tilts": [
                0.0,
                0.0,
                0.0,
                0.0,
                0.0,
                0.0,
                0.0,
                0.0,
                0.0,
                0.0
              ],
              "aperture": "None",
              "semi_diameter_solve": "Automatic",
              "asphere_coefficients": []
            },
            {
              "index": 2,
              "is_image": false,
              "is_stop": false,
              "type": "Standard",
              "radius_mm": -50.0,
              "material": "",
              "conic": 0.0,
              "coating": "",
              "tilts": [
                0.0,
                0.0,
                0.0,
                0.0,
                0.0,
                0.0,
                0.0,
                0.0,
                0.0,
                0.0
              ],
              "aperture": "None",
              "semi_diameter_solve": "Automatic",
              "asphere_coefficients": []
            },
            {
              "index": 3,
              "is_image": true,
              "is_stop": false,
              "type": "Standard",
              "radius_mm": "Infinity",
              "thickness_mm": "Infinity",
              "material": "",
              "conic": 0.0,
              "coating": "",
              "tilts": [
                0.0,
                0.0,
                0.0,
                0.0,
                0.0,
                0.0,
                0.0,
                0.0,
                0.0,
                0.0
              ],
              "aperture": "None",
              "semi_diameter_solve": "Automatic",
              "asphere_coefficients": []
            }
          ],
          "fields": [
            {
              "index": 1,
              "x_deg": 0.0,
              "y_deg": 0.0,
              "weight": 1.0
            },
            {
              "index": 2,
              "x_deg": 0.0,
              "y_deg": 3.0,
              "weight": 1.0
            },
            {
              "index": 3,
              "x_deg": 0.0,
              "y_deg": 6.0,
              "weight": 1.0
            }
          ],
          "wavelengths": [
            {
              "index": 1,
              "um": 0.4861327,
              "weight": 1.0,
              "primary": false
            },
            {
              "index": 2,
              "um": 0.55,
              "weight": 1.0,
              "primary": true
            },
            {
              "index": 3,
              "um": 0.6562725,
              "weight": 1.0,
              "primary": false
            }
          ],
          "aperture_type": "EntrancePupilDiameter",
          "aperture_mm": 10.0,
          "lens_units": "mm"
        },
        "limits": [
          "Sequential centered Standard conic/EvenAspheric refractive systems; fixed shape coefficients; angle fields; mm; EPD.",
          "Geometric centroid RMS spot and scalar FFT MTF are distinct metrics.",
          "A sparse pupil ray check detects gross failures; it is not a full vignetting analysis."
        ]
      },
      "measurements": [
        {
          "metric": "efl_mm",
          "unit": "mm",
          "value": 49.99570485090143,
          "settings": {
            "wavelength": 2,
            "wavelength_um": 0.55
          }
        },
        {
          "metric": "f_number",
          "unit": "1",
          "value": 4.99957,
          "settings": {
            "wavelength": 2,
            "wavelength_um": 0.55
          }
        },
        {
          "metric": "total_track_mm",
          "unit": "mm",
          "value": 52.5
        },
        {
          "metric": "image_distance_mm",
          "unit": "mm",
          "value": 47.5
        },
        {
          "metric": "rms_spot_um",
          "field": 1,
          "wavelength": 1,
          "unit": "um",
          "value": 17.345502083512475,
          "settings": {
            "reference": "centroid",
            "ray_density": 8,
            "native_analysis": "StandardSpot",
            "ray_check_count": 17,
            "field": 1,
            "field_xy_deg": [
              0.0,
              0.0
            ],
            "wavelength": 1,
            "wavelength_um": 0.4861327,
            "spectral_mode": "monochromatic"
          }
        },
        {
          "metric": "rms_spot_um",
          "field": 1,
          "wavelength": 2,
          "unit": "um",
          "value": 25.20191916722051,
          "settings": {
            "reference": "centroid",
            "ray_density": 8,
            "native_analysis": "StandardSpot",
            "ray_check_count": 17,
            "field": 1,
            "field_xy_deg": [
              0.0,
              0.0
            ],
            "wavelength": 2,
            "wavelength_um": 0.55,
            "spectral_mode": "monochromatic"
          }
        },
        {
          "metric": "rms_spot_um",
          "field": 1,
          "wavelength": 3,
          "unit": "um",
          "value": 52.00833839975086,
          "settings": {
            "reference": "centroid",
            "ray_density": 8,
            "native_analysis": "StandardSpot",
            "ray_check_count": 17,
            "field": 1,
            "field_xy_deg": [
              0.0,
              0.0
            ],
            "wavelength": 3,
            "wavelength_um": 0.6562725,
            "spectral_mode": "monochromatic"
          }
        },
        {
          "metric": "rms_spot_um",
          "field": 2,
          "wavelength": 1,
          "unit": "um",
          "value": 29.267705439084843,
          "settings": {
            "reference": "centroid",
            "ray_density": 8,
            "native_analysis": "StandardSpot",
            "ray_check_count": 17,
            "field": 2,
            "field_xy_deg": [
              0.0,
              3.0
            ],
            "wavelength": 1,
            "wavelength_um": 0.4861327,
            "spectral_mode": "monochromatic"
          }
        },
        {
          "metric": "rms_spot_um",
          "field": 2,
          "wavelength": 2,
          "unit": "um",
          "value": 22.74346409930861,
          "settings": {
            "reference": "centroid",
            "ray_density": 8,
            "native_analysis": "StandardSpot",
            "ray_check_count": 17,
            "field": 2,
            "field_xy_deg": [
              0.0,
              3.0
            ],
            "wavelength": 2,
            "wavelength_um": 0.55,
            "spectral_mode": "monochromatic"
          }
        },
        {
          "metric": "rms_spot_um",
          "field": 2,
          "wavelength": 3,
          "unit": "um",
          "value": 43.16451655020327,
          "settings": {
            "reference": "centroid",
            "ray_density": 8,
            "native_analysis": "StandardSpot",
            "ray_check_count": 17,
            "field": 2,
            "field_xy_deg": [
              0.0,
              3.0
            ],
            "wavelength": 3,
            "wavelength_um": 0.6562725,
            "spectral_mode": "monochromatic"
          }
        },
        {
          "metric": "rms_spot_um",
          "field": 3,
          "wavelength": 1,
          "unit": "um",
          "value": 67.96201560940447,
          "settings": {
            "reference": "centroid",
            "ray_density": 8,
            "native_analysis": "StandardSpot",
            "ray_check_count": 17,
            "field": 3,
            "field_xy_deg": [
              0.0,
              6.0
            ],
            "wavelength": 1,
            "wavelength_um": 0.4861327,
            "spectral_mode": "monochromatic"
          }
        },
        {
          "metric": "rms_spot_um",
          "field": 3,
          "wavelength": 2,
          "unit": "um",
          "value": 47.04662019144877,
          "settings": {
            "reference": "centroid",
            "ray_density": 8,
            "native_analysis": "StandardSpot",
            "ray_check_count": 17,
            "field": 3,
            "field_xy_deg": [
              0.0,
              6.0
            ],
            "wavelength": 2,
            "wavelength_um": 0.55,
            "spectral_mode": "monochromatic"
          }
        },
        {
          "metric": "rms_spot_um",
          "field": 3,
          "wavelength": 3,
          "unit": "um",
          "value": 36.591285183532364,
          "settings": {
            "reference": "centroid",
            "ray_density": 8,
            "native_analysis": "StandardSpot",
            "ray_check_count": 17,
            "field": 3,
            "field_xy_deg": [
              0.0,
              6.0
            ],
            "wavelength": 3,
            "wavelength_um": 0.6562725,
            "spectral_mode": "monochromatic"
          }
        }
      ],
      "assessment": {
        "passes": true,
        "requirements": [
          {
            "id": "focal-length",
            "key": "efl_mm",
            "requirement": {
              "id": "focal-length",
              "metric": "efl_mm",
              "unit": "mm",
              "min": 48,
              "max": 52
            },
            "status": "pass",
            "value": 49.99570485090143,
            "unit": "mm"
          },
          {
            "id": "track",
            "key": "total_track_mm",
            "requirement": {
              "id": "track",
              "metric": "total_track_mm",
              "unit": "mm",
              "max": 65
            },
            "status": "pass",
            "value": 52.5,
            "unit": "mm"
          },
          {
            "id": "spot-1-1",
            "key": "rms_spot_um|f=1|w=1",
            "requirement": {
              "metric": "rms_spot_um",
              "field": 1,
              "wavelength": 1,
              "unit": "um",
              "id": "spot-1-1",
              "max": 120
            },
            "status": "pass",
            "value": 17.345502083512475,
            "unit": "um"
          },
          {
            "id": "spot-1-2",
            "key": "rms_spot_um|f=1|w=2",
            "requirement": {
              "metric": "rms_spot_um",
              "field": 1,
              "wavelength": 2,
              "unit": "um",
              "id": "spot-1-2",
              "max": 120
            },
            "status": "pass",
            "value": 25.20191916722051,
            "unit": "um"
          },
          {
            "id": "spot-1-3",
            "key": "rms_spot_um|f=1|w=3",
            "requirement": {
              "metric": "rms_spot_um",
              "field": 1,
              "wavelength": 3,
              "unit": "um",
              "id": "spot-1-3",
              "max": 120
            },
            "status": "pass",
            "value": 52.00833839975086,
            "unit": "um"
          },
          {
            "id": "spot-2-1",
            "key": "rms_spot_um|f=2|w=1",
            "requirement": {
              "metric": "rms_spot_um",
              "field": 2,
              "wavelength": 1,
              "unit": "um",
              "id": "spot-2-1",
              "max": 120
            },
            "status": "pass",
            "value": 29.267705439084843,
            "unit": "um"
          },
          {
            "id": "spot-2-2",
            "key": "rms_spot_um|f=2|w=2",
            "requirement": {
              "metric": "rms_spot_um",
              "field": 2,
              "wavelength": 2,
              "unit": "um",
              "id": "spot-2-2",
              "max": 120
            },
            "status": "pass",
            "value": 22.74346409930861,
            "unit": "um"
          },
          {
            "id": "spot-2-3",
            "key": "rms_spot_um|f=2|w=3",
            "requirement": {
              "metric": "rms_spot_um",
              "field": 2,
              "wavelength": 3,
              "unit": "um",
              "id": "spot-2-3",
              "max": 120
            },
            "status": "pass",
            "value": 43.16451655020327,
            "unit": "um"
          },
          {
            "id": "spot-3-1",
            "key": "rms_spot_um|f=3|w=1",
            "requirement": {
              "metric": "rms_spot_um",
              "field": 3,
              "wavelength": 1,
              "unit": "um",
              "id": "spot-3-1",
              "max": 120
            },
            "status": "pass",
            "value": 67.96201560940447,
            "unit": "um"
          },
          {
            "id": "spot-3-2",
            "key": "rms_spot_um|f=3|w=2",
            "requirement": {
              "metric": "rms_spot_um",
              "field": 3,
              "wavelength": 2,
              "unit": "um",
              "id": "spot-3-2",
              "max": 120
            },
            "status": "pass",
            "value": 47.04662019144877,
            "unit": "um"
          },
          {
            "id": "spot-3-3",
            "key": "rms_spot_um|f=3|w=3",
            "requirement": {
              "metric": "rms_spot_um",
              "field": 3,
              "wavelength": 3,
              "unit": "um",
              "id": "spot-3-3",
              "max": 120
            },
            "status": "pass",
            "value": 36.591285183532364,
            "unit": "um"
          }
        ]
      },
      "objective_breakdown": {
        "aggregation": "weighted_rms",
        "direction": "minimize",
        "value": 1.3630508560829961,
        "unit": "1",
        "terms": [
          {
            "metric": "rms_spot_um",
            "field": 1,
            "wavelength": 1,
            "key": "rms_spot_um|f=1|w=1",
            "unit": "um",
            "value": 17.345502083512475,
            "target": 0,
            "scale": 30,
            "weight": 1,
            "normalized_residual": 0.5781834027837491,
            "weighted_residual": 0.19272780092791636
          },
          {
            "metric": "rms_spot_um",
            "field": 1,
            "wavelength": 2,
            "key": "rms_spot_um|f=1|w=2",
            "unit": "um",
            "value": 25.20191916722051,
            "target": 0,
            "scale": 30,
            "weight": 1,
            "normalized_residual": 0.8400639722406836,
            "weighted_residual": 0.28002132408022784
          },
          {
            "metric": "rms_spot_um",
            "field": 1,
            "wavelength": 3,
            "key": "rms_spot_um|f=1|w=3",
            "unit": "um",
            "value": 52.00833839975086,
            "target": 0,
            "scale": 30,
            "weight": 1,
            "normalized_residual": 1.7336112799916954,
            "weighted_residual": 0.5778704266638984
          },
          {
            "metric": "rms_spot_um",
            "field": 2,
            "wavelength": 1,
            "key": "rms_spot_um|f=2|w=1",
            "unit": "um",
            "value": 29.267705439084843,
            "target": 0,
            "scale": 30,
            "weight": 1,
            "normalized_residual": 0.975590181302828,
            "weighted_residual": 0.32519672710094266
          },
          {
            "metric": "rms_spot_um",
            "field": 2,
            "wavelength": 2,
            "key": "rms_spot_um|f=2|w=2",
            "unit": "um",
            "value": 22.74346409930861,
            "target": 0,
            "scale": 30,
            "weight": 1,
            "normalized_residual": 0.7581154699769537,
            "weighted_residual": 0.2527051566589845
          },
          {
            "metric": "rms_spot_um",
            "field": 2,
            "wavelength": 3,
            "key": "rms_spot_um|f=2|w=3",
            "unit": "um",
            "value": 43.16451655020327,
            "target": 0,
            "scale": 30,
            "weight": 1,
            "normalized_residual": 1.438817218340109,
            "weighted_residual": 0.47960573944670293
          },
          {
            "metric": "rms_spot_um",
            "field": 3,
            "wavelength": 1,
            "key": "rms_spot_um|f=3|w=1",
            "unit": "um",
            "value": 67.96201560940447,
            "target": 0,
            "scale": 30,
            "weight": 1,
            "normalized_residual": 2.2654005203134826,
            "weighted_residual": 0.7551335067711609
          },
          {
            "metric": "rms_spot_um",
            "field": 3,
            "wavelength": 2,
            "key": "rms_spot_um|f=3|w=2",
            "unit": "um",
            "value": 47.04662019144877,
            "target": 0,
            "scale": 30,
            "weight": 1,
            "normalized_residual": 1.5682206730482922,
            "weighted_residual": 0.5227402243494307
          },
          {
            "metric": "rms_spot_um",
            "field": 3,
            "wavelength": 3,
            "key": "rms_spot_um|f=3|w=3",
            "unit": "um",
            "value": 36.591285183532364,
            "target": 0,
            "scale": 30,
            "weight": 1,
            "normalized_residual": 1.2197095061177454,
            "weighted_residual": 0.4065698353725818
          }
        ]
      },
      "objective_value": 1.3630508560829961
    },
    {
      "kind": "search",
      "parameters_mm": [
        52.0,
        47.501708984375
      ],
      "inspection": {
        "engine": {
          "name": "OpticStudio",
          "version": "24.1.0",
          "zospy_version": "2.1.5",
          "pythonnet_version": "3.1.0",
          "license": "PremiumEdition"
        },
        "focus_mm": 47.501708984375,
        "image_surface": 3,
        "surfaces": [
          {
            "index": 0,
            "is_image": false,
            "is_stop": false,
            "type": "Standard",
            "radius_mm": "Infinity",
            "thickness_mm": "Infinity",
            "material": "",
            "conic": 0.0,
            "coating": "",
            "tilts": [
              0.0,
              0.0,
              0.0,
              0.0,
              0.0,
              0.0,
              0.0,
              0.0,
              0.0,
              0.0
            ],
            "aperture": "None",
            "semi_diameter_solve": "Automatic",
            "asphere_coefficients": []
          },
          {
            "index": 1,
            "is_image": false,
            "is_stop": true,
            "type": "Standard",
            "radius_mm": 52.0,
            "thickness_mm": 5.0,
            "material": "N-BK7",
            "conic": 0.0,
            "coating": "",
            "tilts": [
              0.0,
              0.0,
              0.0,
              0.0,
              0.0,
              0.0,
              0.0,
              0.0,
              0.0,
              0.0
            ],
            "aperture": "None",
            "semi_diameter_solve": "Automatic",
            "asphere_coefficients": []
          },
          {
            "index": 2,
            "is_image": false,
            "is_stop": false,
            "type": "Standard",
            "radius_mm": -50.0,
            "thickness_mm": 47.501708984375,
            "material": "",
            "conic": 0.0,
            "coating": "",
            "tilts": [
              0.0,
              0.0,
              0.0,
              0.0,
              0.0,
              0.0,
              0.0,
              0.0,
              0.0,
              0.0
            ],
            "aperture": "None",
            "semi_diameter_solve": "Automatic",
            "asphere_coefficients": []
          },
          {
            "index": 3,
            "is_image": true,
            "is_stop": false,
            "type": "Standard",
            "radius_mm": "Infinity",
            "thickness_mm": "Infinity",
            "material": "",
            "conic": 0.0,
            "coating": "",
            "tilts": [
              0.0,
              0.0,
              0.0,
              0.0,
              0.0,
              0.0,
              0.0,
              0.0,
              0.0,
              0.0
            ],
            "aperture": "None",
            "semi_diameter_solve": "Automatic",
            "asphere_coefficients": []
          }
        ],
        "invariants": {
          "surfaces": [
            {
              "index": 0,
              "is_image": false,
              "is_stop": false,
              "type": "Standard",
              "radius_mm": "Infinity",
              "thickness_mm": "Infinity",
              "material": "",
              "conic": 0.0,
              "coating": "",
              "tilts": [
                0.0,
                0.0,
                0.0,
                0.0,
                0.0,
                0.0,
                0.0,
                0.0,
                0.0,
                0.0
              ],
              "aperture": "None",
              "semi_diameter_solve": "Automatic",
              "asphere_coefficients": []
            },
            {
              "index": 1,
              "is_image": false,
              "is_stop": true,
              "type": "Standard",
              "radius_mm": 52.0,
              "thickness_mm": 5.0,
              "material": "N-BK7",
              "conic": 0.0,
              "coating": "",
              "tilts": [
                0.0,
                0.0,
                0.0,
                0.0,
                0.0,
                0.0,
                0.0,
                0.0,
                0.0,
                0.0
              ],
              "aperture": "None",
              "semi_diameter_solve": "Automatic",
              "asphere_coefficients": []
            },
            {
              "index": 2,
              "is_image": false,
              "is_stop": false,
              "type": "Standard",
              "radius_mm": -50.0,
              "material": "",
              "conic": 0.0,
              "coating": "",
              "tilts": [
                0.0,
                0.0,
                0.0,
                0.0,
                0.0,
                0.0,
                0.0,
                0.0,
                0.0,
                0.0
              ],
              "aperture": "None",
              "semi_diameter_solve": "Automatic",
              "asphere_coefficients": []
            },
            {
              "index": 3,
              "is_image": true,
              "is_stop": false,
              "type": "Standard",
              "radius_mm": "Infinity",
              "thickness_mm": "Infinity",
              "material": "",
              "conic": 0.0,
              "coating": "",
              "tilts": [
                0.0,
                0.0,
                0.0,
                0.0,
                0.0,
                0.0,
                0.0,
                0.0,
                0.0,
                0.0
              ],
              "aperture": "None",
              "semi_diameter_solve": "Automatic",
              "asphere_coefficients": []
            }
          ],
          "fields": [
            {
              "index": 1,
              "x_deg": 0.0,
              "y_deg": 0.0,
              "weight": 1.0
            },
            {
              "index": 2,
              "x_deg": 0.0,
              "y_deg": 3.0,
              "weight": 1.0
            },
            {
              "index": 3,
              "x_deg": 0.0,
              "y_deg": 6.0,
              "weight": 1.0
            }
          ],
          "wavelengths": [
            {
              "index": 1,
              "um": 0.4861327,
              "weight": 1.0,
              "primary": false
            },
            {
              "index": 2,
              "um": 0.55,
              "weight": 1.0,
              "primary": true
            },
            {
              "index": 3,
              "um": 0.6562725,
              "weight": 1.0,
              "primary": false
            }
          ],
          "aperture_type": "EntrancePupilDiameter",
          "aperture_mm": 10.0,
          "lens_units": "mm"
        },
        "limits": [
          "Sequential centered Standard conic/EvenAspheric refractive systems; fixed shape coefficients; angle fields; mm; EPD.",
          "Geometric centroid RMS spot and scalar FFT MTF are distinct metrics.",
          "A sparse pupil ray check detects gross failures; it is not a full vignetting analysis."
        ]
      },
      "measurements": [
        {
          "metric": "efl_mm",
          "unit": "mm",
          "value": 49.99615696660989,
          "settings": {
            "wavelength": 2,
            "wavelength_um": 0.55
          }
        },
        {
          "metric": "f_number",
          "unit": "1",
          "value": 4.999616,
          "settings": {
            "wavelength": 2,
            "wavelength_um": 0.55
          }
        },
        {
          "metric": "total_track_mm",
          "unit": "mm",
          "value": 52.50171
        },
        {
          "metric": "image_distance_mm",
          "unit": "mm",
          "value": 47.501708984375
        },
        {
          "metric": "rms_spot_um",
          "field": 1,
          "wavelength": 1,
          "unit": "um",
          "value": 17.38661632569509,
          "settings": {
            "reference": "centroid",
            "ray_density": 8,
            "native_analysis": "StandardSpot",
            "ray_check_count": 17,
            "field": 1,
            "field_xy_deg": [
              0.0,
              0.0
            ],
            "wavelength": 1,
            "wavelength_um": 0.4861327,
            "spectral_mode": "monochromatic"
          }
        },
        {
          "metric": "rms_spot_um",
          "field": 1,
          "wavelength": 2,
          "unit": "um",
          "value": 25.127751127967628,
          "settings": {
            "reference": "centroid",
            "ray_density": 8,
            "native_analysis": "StandardSpot",
            "ray_check_count": 17,
            "field": 1,
            "field_xy_deg": [
              0.0,
              0.0
            ],
            "wavelength": 2,
            "wavelength_um": 0.55,
            "spectral_mode": "monochromatic"
          }
        },
        {
          "metric": "rms_spot_um",
          "field": 1,
          "wavelength": 3,
          "unit": "um",
          "value": 51.91914639661929,
          "settings": {
            "reference": "centroid",
            "ray_density": 8,
            "native_analysis": "StandardSpot",
            "ray_check_count": 17,
            "field": 1,
            "field_xy_deg": [
              0.0,
              0.0
            ],
            "wavelength": 3,
            "wavelength_um": 0.6562725,
            "spectral_mode": "monochromatic"
          }
        },
        {
          "metric": "rms_spot_um",
          "field": 2,
          "wavelength": 1,
          "unit": "um",
          "value": 29.332050103229456,
          "settings": {
            "reference": "centroid",
            "ray_density": 8,
            "native_analysis": "StandardSpot",
            "ray_check_count": 17,
            "field": 2,
            "field_xy_deg": [
              0.0,
              3.0
            ],
            "wavelength": 1,
            "wavelength_um": 0.4861327,
            "spectral_mode": "monochromatic"
          }
        },
        {
          "metric": "rms_spot_um",
          "field": 2,
          "wavelength": 2,
          "unit": "um",
          "value": 22.711780479380955,
          "settings": {
            "reference": "centroid",
            "ray_density": 8,
            "native_analysis": "StandardSpot",
            "ray_check_count": 17,
            "field": 2,
            "field_xy_deg": [
              0.0,
              3.0
            ],
            "wavelength": 2,
            "wavelength_um": 0.55,
            "spectral_mode": "monochromatic"
          }
        },
        {
          "metric": "rms_spot_um",
          "field": 2,
          "wavelength": 3,
          "unit": "um",
          "value": 43.08299855712656,
          "settings": {
            "reference": "centroid",
            "ray_density": 8,
            "native_analysis": "StandardSpot",
            "ray_check_count": 17,
            "field": 2,
            "field_xy_deg": [
              0.0,
              3.0
            ],
            "wavelength": 3,
            "wavelength_um": 0.6562725,
            "spectral_mode": "monochromatic"
          }
        },
        {
          "metric": "rms_spot_um",
          "field": 3,
          "wavelength": 1,
          "unit": "um",
          "value": 68.04263377666841,
          "settings": {
            "reference": "centroid",
            "ray_density": 8,
            "native_analysis": "StandardSpot",
            "ray_check_count": 17,
            "field": 3,
            "field_xy_deg": [
              0.0,
              6.0
            ],
            "wavelength": 1,
            "wavelength_um": 0.4861327,
            "spectral_mode": "monochromatic"
          }
        },
        {
          "metric": "rms_spot_um",
          "field": 3,
          "wavelength": 2,
          "unit": "um",
          "value": 47.10611057144701,
          "settings": {
            "reference": "centroid",
            "ray_density": 8,
            "native_analysis": "StandardSpot",
            "ray_check_count": 17,
            "field": 3,
            "field_xy_deg": [
              0.0,
              6.0
            ],
            "wavelength": 2,
            "wavelength_um": 0.55,
            "spectral_mode": "monochromatic"
          }
        },
        {
          "metric": "rms_spot_um",
          "field": 3,
          "wavelength": 3,
          "unit": "um",
          "value": 36.589181495683526,
          "settings": {
            "reference": "centroid",
            "ray_density": 8,
            "native_analysis": "StandardSpot",
            "ray_check_count": 17,
            "field": 3,
            "field_xy_deg": [
              0.0,
              6.0
            ],
            "wavelength": 3,
            "wavelength_um": 0.6562725,
            "spectral_mode": "monochromatic"
          }
        }
      ],
      "assessment": {
        "passes": true,
        "requirements": [
          {
            "id": "focal-length",
            "key": "efl_mm",
            "requirement": {
              "id": "focal-length",
              "metric": "efl_mm",
              "unit": "mm",
              "min": 48,
              "max": 52
            },
            "status": "pass",
            "value": 49.99615696660989,
            "unit": "mm"
          },
          {
            "id": "track",
            "key": "total_track_mm",
            "requirement": {
              "id": "track",
              "metric": "total_track_mm",
              "unit": "mm",
              "max": 65
            },
            "status": "pass",
            "value": 52.50171,
            "unit": "mm"
          },
          {
            "id": "spot-1-1",
            "key": "rms_spot_um|f=1|w=1",
            "requirement": {
              "metric": "rms_spot_um",
              "field": 1,
              "wavelength": 1,
              "unit": "um",
              "id": "spot-1-1",
              "max": 120
            },
            "status": "pass",
            "value": 17.38661632569509,
            "unit": "um"
          },
          {
            "id": "spot-1-2",
            "key": "rms_spot_um|f=1|w=2",
            "requirement": {
              "metric": "rms_spot_um",
              "field": 1,
              "wavelength": 2,
              "unit": "um",
              "id": "spot-1-2",
              "max": 120
            },
            "status": "pass",
            "value": 25.127751127967628,
            "unit": "um"
          },
          {
            "id": "spot-1-3",
            "key": "rms_spot_um|f=1|w=3",
            "requirement": {
              "metric": "rms_spot_um",
              "field": 1,
              "wavelength": 3,
              "unit": "um",
              "id": "spot-1-3",
              "max": 120
            },
            "status": "pass",
            "value": 51.91914639661929,
            "unit": "um"
          },
          {
            "id": "spot-2-1",
            "key": "rms_spot_um|f=2|w=1",
            "requirement": {
              "metric": "rms_spot_um",
              "field": 2,
              "wavelength": 1,
              "unit": "um",
              "id": "spot-2-1",
              "max": 120
            },
            "status": "pass",
            "value": 29.332050103229456,
            "unit": "um"
          },
          {
            "id": "spot-2-2",
            "key": "rms_spot_um|f=2|w=2",
            "requirement": {
              "metric": "rms_spot_um",
              "field": 2,
              "wavelength": 2,
              "unit": "um",
              "id": "spot-2-2",
              "max": 120
            },
            "status": "pass",
            "value": 22.711780479380955,
            "unit": "um"
          },
          {
            "id": "spot-2-3",
            "key": "rms_spot_um|f=2|w=3",
            "requirement": {
              "metric": "rms_spot_um",
              "field": 2,
              "wavelength": 3,
              "unit": "um",
              "id": "spot-2-3",
              "max": 120
            },
            "status": "pass",
            "value": 43.08299855712656,
            "unit": "um"
          },
          {
            "id": "spot-3-1",
            "key": "rms_spot_um|f=3|w=1",
            "requirement": {
              "metric": "rms_spot_um",
              "field": 3,
              "wavelength": 1,
              "unit": "um",
              "id": "spot-3-1",
              "max": 120
            },
            "status": "pass",
            "value": 68.04263377666841,
            "unit": "um"
          },
          {
            "id": "spot-3-2",
            "key": "rms_spot_um|f=3|w=2",
            "requirement": {
              "metric": "rms_spot_um",
              "field": 3,
              "wavelength": 2,
              "unit": "um",
              "id": "spot-3-2",
              "max": 120
            },
            "status": "pass",
            "value": 47.10611057144701,
            "unit": "um"
          },
          {
            "id": "spot-3-3",
            "key": "rms_spot_um|f=3|w=3",
            "requirement": {
              "metric": "rms_spot_um",
              "field": 3,
              "wavelength": 3,
              "unit": "um",
              "id": "spot-3-3",
              "max": 120
            },
            "status": "pass",
            "value": 36.589181495683526,
            "unit": "um"
          }
        ]
      },
      "objective_breakdown": {
        "aggregation": "weighted_rms",
        "direction": "minimize",
        "value": 1.3630570594830909,
        "unit": "1",
        "terms": [
          {
            "metric": "rms_spot_um",
            "field": 1,
            "wavelength": 1,
            "key": "rms_spot_um|f=1|w=1",
            "unit": "um",
            "value": 17.38661632569509,
            "target": 0,
            "scale": 30,
            "weight": 1,
            "normalized_residual": 0.5795538775231697,
            "weighted_residual": 0.19318462584105656
          },
          {
            "metric": "rms_spot_um",
            "field": 1,
            "wavelength": 2,
            "key": "rms_spot_um|f=1|w=2",
            "unit": "um",
            "value": 25.127751127967628,
            "target": 0,
            "scale": 30,
            "weight": 1,
            "normalized_residual": 0.8375917042655876,
            "weighted_residual": 0.27919723475519587
          },
          {
            "metric": "rms_spot_um",
            "field": 1,
            "wavelength": 3,
            "key": "rms_spot_um|f=1|w=3",
            "unit": "um",
            "value": 51.91914639661929,
            "target": 0,
            "scale": 30,
            "weight": 1,
            "normalized_residual": 1.730638213220643,
            "weighted_residual": 0.576879404406881
          },
          {
            "metric": "rms_spot_um",
            "field": 2,
            "wavelength": 1,
            "key": "rms_spot_um|f=2|w=1",
            "unit": "um",
            "value": 29.332050103229456,
            "target": 0,
            "scale": 30,
            "weight": 1,
            "normalized_residual": 0.9777350034409819,
            "weighted_residual": 0.3259116678136606
          },
          {
            "metric": "rms_spot_um",
            "field": 2,
            "wavelength": 2,
            "key": "rms_spot_um|f=2|w=2",
            "unit": "um",
            "value": 22.711780479380955,
            "target": 0,
            "scale": 30,
            "weight": 1,
            "normalized_residual": 0.7570593493126985,
            "weighted_residual": 0.25235311643756614
          },
          {
            "metric": "rms_spot_um",
            "field": 2,
            "wavelength": 3,
            "key": "rms_spot_um|f=2|w=3",
            "unit": "um",
            "value": 43.08299855712656,
            "target": 0,
            "scale": 30,
            "weight": 1,
            "normalized_residual": 1.4360999519042186,
            "weighted_residual": 0.47869998396807284
          },
          {
            "metric": "rms_spot_um",
            "field": 3,
            "wavelength": 1,
            "key": "rms_spot_um|f=3|w=1",
            "unit": "um",
            "value": 68.04263377666841,
            "target": 0,
            "scale": 30,
            "weight": 1,
            "normalized_residual": 2.2680877925556135,
            "weighted_residual": 0.7560292641852044
          },
          {
            "metric": "rms_spot_um",
            "field": 3,
            "wavelength": 2,
            "key": "rms_spot_um|f=3|w=2",
            "unit": "um",
            "value": 47.10611057144701,
            "target": 0,
            "scale": 30,
            "weight": 1,
            "normalized_residual": 1.5702036857149004,
            "weighted_residual": 0.5234012285716334
          },
          {
            "metric": "rms_spot_um",
            "field": 3,
            "wavelength": 3,
            "key": "rms_spot_um|f=3|w=3",
            "unit": "um",
            "value": 36.589181495683526,
            "target": 0,
            "scale": 30,
            "weight": 1,
            "normalized_residual": 1.219639383189451,
            "weighted_residual": 0.4065464610631503
          }
        ]
      },
      "objective_value": 1.3630570594830909
    },
    {
      "kind": "search",
      "parameters_mm": [
        52.0,
        47.498291015625
      ],
      "inspection": {
        "engine": {
          "name": "OpticStudio",
          "version": "24.1.0",
          "zospy_version": "2.1.5",
          "pythonnet_version": "3.1.0",
          "license": "PremiumEdition"
        },
        "focus_mm": 47.498291015625,
        "image_surface": 3,
        "surfaces": [
          {
            "index": 0,
            "is_image": false,
            "is_stop": false,
            "type": "Standard",
            "radius_mm": "Infinity",
            "thickness_mm": "Infinity",
            "material": "",
            "conic": 0.0,
            "coating": "",
            "tilts": [
              0.0,
              0.0,
              0.0,
              0.0,
              0.0,
              0.0,
              0.0,
              0.0,
              0.0,
              0.0
            ],
            "aperture": "None",
            "semi_diameter_solve": "Automatic",
            "asphere_coefficients": []
          },
          {
            "index": 1,
            "is_image": false,
            "is_stop": true,
            "type": "Standard",
            "radius_mm": 52.0,
            "thickness_mm": 5.0,
            "material": "N-BK7",
            "conic": 0.0,
            "coating": "",
            "tilts": [
              0.0,
              0.0,
              0.0,
              0.0,
              0.0,
              0.0,
              0.0,
              0.0,
              0.0,
              0.0
            ],
            "aperture": "None",
            "semi_diameter_solve": "Automatic",
            "asphere_coefficients": []
          },
          {
            "index": 2,
            "is_image": false,
            "is_stop": false,
            "type": "Standard",
            "radius_mm": -50.0,
            "thickness_mm": 47.498291015625,
            "material": "",
            "conic": 0.0,
            "coating": "",
            "tilts": [
              0.0,
              0.0,
              0.0,
              0.0,
              0.0,
              0.0,
              0.0,
              0.0,
              0.0,
              0.0
            ],
            "aperture": "None",
            "semi_diameter_solve": "Automatic",
            "asphere_coefficients": []
          },
          {
            "index": 3,
            "is_image": true,
            "is_stop": false,
            "type": "Standard",
            "radius_mm": "Infinity",
            "thickness_mm": "Infinity",
            "material": "",
            "conic": 0.0,
            "coating": "",
            "tilts": [
              0.0,
              0.0,
              0.0,
              0.0,
              0.0,
              0.0,
              0.0,
              0.0,
              0.0,
              0.0
            ],
            "aperture": "None",
            "semi_diameter_solve": "Automatic",
            "asphere_coefficients": []
          }
        ],
        "invariants": {
          "surfaces": [
            {
              "index": 0,
              "is_image": false,
              "is_stop": false,
              "type": "Standard",
              "radius_mm": "Infinity",
              "thickness_mm": "Infinity",
              "material": "",
              "conic": 0.0,
              "coating": "",
              "tilts": [
                0.0,
                0.0,
                0.0,
                0.0,
                0.0,
                0.0,
                0.0,
                0.0,
                0.0,
                0.0
              ],
              "aperture": "None",
              "semi_diameter_solve": "Automatic",
              "asphere_coefficients": []
            },
            {
              "index": 1,
              "is_image": false,
              "is_stop": true,
              "type": "Standard",
              "radius_mm": 52.0,
              "thickness_mm": 5.0,
              "material": "N-BK7",
              "conic": 0.0,
              "coating": "",
              "tilts": [
                0.0,
                0.0,
                0.0,
                0.0,
                0.0,
                0.0,
                0.0,
                0.0,
                0.0,
                0.0
              ],
              "aperture": "None",
              "semi_diameter_solve": "Automatic",
              "asphere_coefficients": []
            },
            {
              "index": 2,
              "is_image": false,
              "is_stop": false,
              "type": "Standard",
              "radius_mm": -50.0,
              "material": "",
              "conic": 0.0,
              "coating": "",
              "tilts": [
                0.0,
                0.0,
                0.0,
                0.0,
                0.0,
                0.0,
                0.0,
                0.0,
                0.0,
                0.0
              ],
              "aperture": "None",
              "semi_diameter_solve": "Automatic",
              "asphere_coefficients": []
            },
            {
              "index": 3,
              "is_image": true,
              "is_stop": false,
              "type": "Standard",
              "radius_mm": "Infinity",
              "thickness_mm": "Infinity",
              "material": "",
              "conic": 0.0,
              "coating": "",
              "tilts": [
                0.0,
                0.0,
                0.0,
                0.0,
                0.0,
                0.0,
                0.0,
                0.0,
                0.0,
                0.0
              ],
              "aperture": "None",
              "semi_diameter_solve": "Automatic",
              "asphere_coefficients": []
            }
          ],
          "fields": [
            {
              "index": 1,
              "x_deg": 0.0,
              "y_deg": 0.0,
              "weight": 1.0
            },
            {
              "index": 2,
              "x_deg": 0.0,
              "y_deg": 3.0,
              "weight": 1.0
            },
            {
              "index": 3,
              "x_deg": 0.0,
              "y_deg": 6.0,
              "weight": 1.0
            }
          ],
          "wavelengths": [
            {
              "index": 1,
              "um": 0.4861327,
              "weight": 1.0,
              "primary": false
            },
            {
              "index": 2,
              "um": 0.55,
              "weight": 1.0,
              "primary": true
            },
            {
              "index": 3,
              "um": 0.6562725,
              "weight": 1.0,
              "primary": false
            }
          ],
          "aperture_type": "EntrancePupilDiameter",
          "aperture_mm": 10.0,
          "lens_units": "mm"
        },
        "limits": [
          "Sequential centered Standard conic/EvenAspheric refractive systems; fixed shape coefficients; angle fields; mm; EPD.",
          "Geometric centroid RMS spot and scalar FFT MTF are distinct metrics.",
          "A sparse pupil ray check detects gross failures; it is not a full vignetting analysis."
        ]
      },
      "measurements": [
        {
          "metric": "efl_mm",
          "unit": "mm",
          "value": 49.99615696660989,
          "settings": {
            "wavelength": 2,
            "wavelength_um": 0.55
          }
        },
        {
          "metric": "f_number",
          "unit": "1",
          "value": 4.999616,
          "settings": {
            "wavelength": 2,
            "wavelength_um": 0.55
          }
        },
        {
          "metric": "total_track_mm",
          "unit": "mm",
          "value": 52.49829
        },
        {
          "metric": "image_distance_mm",
          "unit": "mm",
          "value": 47.498291015625
        },
        {
          "metric": "rms_spot_um",
          "field": 1,
          "wavelength": 1,
          "unit": "um",
          "value": 17.27433409203698,
          "settings": {
            "reference": "centroid",
            "ray_density": 8,
            "native_analysis": "StandardSpot",
            "ray_check_count": 17,
            "field": 1,
            "field_xy_deg": [
              0.0,
              0.0
            ],
            "wavelength": 1,
            "wavelength_um": 0.4861327,
            "spectral_mode": "monochromatic"
          }
        },
        {
          "metric": "rms_spot_um",
          "field": 1,
          "wavelength": 2,
          "unit": "um",
          "value": 25.331660431604938,
          "settings": {
            "reference": "centroid",
            "ray_density": 8,
            "native_analysis": "StandardSpot",
            "ray_check_count": 17,
            "field": 1,
            "field_xy_deg": [
              0.0,
              0.0
            ],
            "wavelength": 2,
            "wavelength_um": 0.55,
            "spectral_mode": "monochromatic"
          }
        },
        {
          "metric": "rms_spot_um",
          "field": 1,
          "wavelength": 3,
          "unit": "um",
          "value": 52.164182427478174,
          "settings": {
            "reference": "centroid",
            "ray_density": 8,
            "native_analysis": "StandardSpot",
            "ray_check_count": 17,
            "field": 1,
            "field_xy_deg": [
              0.0,
              0.0
            ],
            "wavelength": 3,
            "wavelength_um": 0.6562725,
            "spectral_mode": "monochromatic"
          }
        },
        {
          "metric": "rms_spot_um",
          "field": 2,
          "wavelength": 1,
          "unit": "um",
          "value": 29.155519063186887,
          "settings": {
            "reference": "centroid",
            "ray_density": 8,
            "native_analysis": "StandardSpot",
            "ray_check_count": 17,
            "field": 2,
            "field_xy_deg": [
              0.0,
              3.0
            ],
            "wavelength": 1,
            "wavelength_um": 0.4861327,
            "spectral_mode": "monochromatic"
          }
        },
        {
          "metric": "rms_spot_um",
          "field": 2,
          "wavelength": 2,
          "unit": "um",
          "value": 22.799524474578114,
          "settings": {
            "reference": "centroid",
            "ray_density": 8,
            "native_analysis": "StandardSpot",
            "ray_check_count": 17,
            "field": 2,
            "field_xy_deg": [
              0.0,
              3.0
            ],
            "wavelength": 2,
            "wavelength_um": 0.55,
            "spectral_mode": "monochromatic"
          }
        },
        {
          "metric": "rms_spot_um",
          "field": 2,
          "wavelength": 3,
          "unit": "um",
          "value": 43.30705809762863,
          "settings": {
            "reference": "centroid",
            "ray_density": 8,
            "native_analysis": "StandardSpot",
            "ray_check_count": 17,
            "field": 2,
            "field_xy_deg": [
              0.0,
              3.0
            ],
            "wavelength": 3,
            "wavelength_um": 0.6562725,
            "spectral_mode": "monochromatic"
          }
        },
        {
          "metric": "rms_spot_um",
          "field": 3,
          "wavelength": 1,
          "unit": "um",
          "value": 67.82121929728567,
          "settings": {
            "reference": "centroid",
            "ray_density": 8,
            "native_analysis": "StandardSpot",
            "ray_check_count": 17,
            "field": 3,
            "field_xy_deg": [
              0.0,
              6.0
            ],
            "wavelength": 1,
            "wavelength_um": 0.4861327,
            "spectral_mode": "monochromatic"
          }
        },
        {
          "metric": "rms_spot_um",
          "field": 3,
          "wavelength": 2,
          "unit": "um",
          "value": 46.942953649775966,
          "settings": {
            "reference": "centroid",
            "ray_density": 8,
            "native_analysis": "StandardSpot",
            "ray_check_count": 17,
            "field": 3,
            "field_xy_deg": [
              0.0,
              6.0
            ],
            "wavelength": 2,
            "wavelength_um": 0.55,
            "spectral_mode": "monochromatic"
          }
        },
        {
          "metric": "rms_spot_um",
          "field": 3,
          "wavelength": 3,
          "unit": "um",
          "value": 36.59561639209424,
          "settings": {
            "reference": "centroid",
            "ray_density": 8,
            "native_analysis": "StandardSpot",
            "ray_check_count": 17,
            "field": 3,
            "field_xy_deg": [
              0.0,
              6.0
            ],
            "wavelength": 3,
            "wavelength_um": 0.6562725,
            "spectral_mode": "monochromatic"
          }
        }
      ],
      "assessment": {
        "passes": true,
        "requirements": [
          {
            "id": "focal-length",
            "key": "efl_mm",
            "requirement": {
              "id": "focal-length",
              "metric": "efl_mm",
              "unit": "mm",
              "min": 48,
              "max": 52
            },
            "status": "pass",
            "value": 49.99615696660989,
            "unit": "mm"
          },
          {
            "id": "track",
            "key": "total_track_mm",
            "requirement": {
              "id": "track",
              "metric": "total_track_mm",
              "unit": "mm",
              "max": 65
            },
            "status": "pass",
            "value": 52.49829,
            "unit": "mm"
          },
          {
            "id": "spot-1-1",
            "key": "rms_spot_um|f=1|w=1",
            "requirement": {
              "metric": "rms_spot_um",
              "field": 1,
              "wavelength": 1,
              "unit": "um",
              "id": "spot-1-1",
              "max": 120
            },
            "status": "pass",
            "value": 17.27433409203698,
            "unit": "um"
          },
          {
            "id": "spot-1-2",
            "key": "rms_spot_um|f=1|w=2",
            "requirement": {
              "metric": "rms_spot_um",
              "field": 1,
              "wavelength": 2,
              "unit": "um",
              "id": "spot-1-2",
              "max": 120
            },
            "status": "pass",
            "value": 25.331660431604938,
            "unit": "um"
          },
          {
            "id": "spot-1-3",
            "key": "rms_spot_um|f=1|w=3",
            "requirement": {
              "metric": "rms_spot_um",
              "field": 1,
              "wavelength": 3,
              "unit": "um",
              "id": "spot-1-3",
              "max": 120
            },
            "status": "pass",
            "value": 52.164182427478174,
            "unit": "um"
          },
          {
            "id": "spot-2-1",
            "key": "rms_spot_um|f=2|w=1",
            "requirement": {
              "metric": "rms_spot_um",
              "field": 2,
              "wavelength": 1,
              "unit": "um",
              "id": "spot-2-1",
              "max": 120
            },
            "status": "pass",
            "value": 29.155519063186887,
            "unit": "um"
          },
          {
            "id": "spot-2-2",
            "key": "rms_spot_um|f=2|w=2",
            "requirement": {
              "metric": "rms_spot_um",
              "field": 2,
              "wavelength": 2,
              "unit": "um",
              "id": "spot-2-2",
              "max": 120
            },
            "status": "pass",
            "value": 22.799524474578114,
            "unit": "um"
          },
          {
            "id": "spot-2-3",
            "key": "rms_spot_um|f=2|w=3",
            "requirement": {
              "metric": "rms_spot_um",
              "field": 2,
              "wavelength": 3,
              "unit": "um",
              "id": "spot-2-3",
              "max": 120
            },
            "status": "pass",
            "value": 43.30705809762863,
            "unit": "um"
          },
          {
            "id": "spot-3-1",
            "key": "rms_spot_um|f=3|w=1",
            "requirement": {
              "metric": "rms_spot_um",
              "field": 3,
              "wavelength": 1,
              "unit": "um",
              "id": "spot-3-1",
              "max": 120
            },
            "status": "pass",
            "value": 67.82121929728567,
            "unit": "um"
          },
          {
            "id": "spot-3-2",
            "key": "rms_spot_um|f=3|w=2",
            "requirement": {
              "metric": "rms_spot_um",
              "field": 3,
              "wavelength": 2,
              "unit": "um",
              "id": "spot-3-2",
              "max": 120
            },
            "status": "pass",
            "value": 46.942953649775966,
            "unit": "um"
          },
          {
            "id": "spot-3-3",
            "key": "rms_spot_um|f=3|w=3",
            "requirement": {
              "metric": "rms_spot_um",
              "field": 3,
              "wavelength": 3,
              "unit": "um",
              "id": "spot-3-3",
              "max": 120
            },
            "status": "pass",
            "value": 36.59561639209424,
            "unit": "um"
          }
        ]
      },
      "objective_breakdown": {
        "aggregation": "weighted_rms",
        "direction": "minimize",
        "value": 1.3630557210564236,
        "unit": "1",
        "terms": [
          {
            "metric": "rms_spot_um",
            "field": 1,
            "wavelength": 1,
            "key": "rms_spot_um|f=1|w=1",
            "unit": "um",
            "value": 17.27433409203698,
            "target": 0,
            "scale": 30,
            "weight": 1,
            "normalized_residual": 0.5758111364012327,
            "weighted_residual": 0.19193704546707757
          },
          {
            "metric": "rms_spot_um",
            "field": 1,
            "wavelength": 2,
            "key": "rms_spot_um|f=1|w=2",
            "unit": "um",
            "value": 25.331660431604938,
            "target": 0,
            "scale": 30,
            "weight": 1,
            "normalized_residual": 0.844388681053498,
            "weighted_residual": 0.2814628936844993
          },
          {
            "metric": "rms_spot_um",
            "field": 1,
            "wavelength": 3,
            "key": "rms_spot_um|f=1|w=3",
            "unit": "um",
            "value": 52.164182427478174,
            "target": 0,
            "scale": 30,
            "weight": 1,
            "normalized_residual": 1.7388060809159391,
            "weighted_residual": 0.5796020269719797
          },
          {
            "metric": "rms_spot_um",
            "field": 2,
            "wavelength": 1,
            "key": "rms_spot_um|f=2|w=1",
            "unit": "um",
            "value": 29.155519063186887,
            "target": 0,
            "scale": 30,
            "weight": 1,
            "normalized_residual": 0.9718506354395628,
            "weighted_residual": 0.3239502118131876
          },
          {
            "metric": "rms_spot_um",
            "field": 2,
            "wavelength": 2,
            "key": "rms_spot_um|f=2|w=2",
            "unit": "um",
            "value": 22.799524474578114,
            "target": 0,
            "scale": 30,
            "weight": 1,
            "normalized_residual": 0.7599841491526038,
            "weighted_residual": 0.2533280497175346
          },
          {
            "metric": "rms_spot_um",
            "field": 2,
            "wavelength": 3,
            "key": "rms_spot_um|f=2|w=3",
            "unit": "um",
            "value": 43.30705809762863,
            "target": 0,
            "scale": 30,
            "weight": 1,
            "normalized_residual": 1.4435686032542876,
            "weighted_residual": 0.48118953441809587
          },
          {
            "metric": "rms_spot_um",
            "field": 3,
            "wavelength": 1,
            "key": "rms_spot_um|f=3|w=1",
            "unit": "um",
            "value": 67.82121929728567,
            "target": 0,
            "scale": 30,
            "weight": 1,
            "normalized_residual": 2.260707309909522,
            "weighted_residual": 0.753569103303174
          },
          {
            "metric": "rms_spot_um",
            "field": 3,
            "wavelength": 2,
            "key": "rms_spot_um|f=3|w=2",
            "unit": "um",
            "value": 46.942953649775966,
            "target": 0,
            "scale": 30,
            "weight": 1,
            "normalized_residual": 1.564765121659199,
            "weighted_residual": 0.5215883738863996
          },
          {
            "metric": "rms_spot_um",
            "field": 3,
            "wavelength": 3,
            "key": "rms_spot_um|f=3|w=3",
            "unit": "um",
            "value": 36.59561639209424,
            "target": 0,
            "scale": 30,
            "weight": 1,
            "normalized_residual": 1.2198538797364749,
            "weighted_residual": 0.40661795991215827
          }
        ]
      },
      "objective_value": 1.3630557210564236
    },
    {
      "kind": "candidate_verification",
      "parameters_mm": [
        52.0,
        47.5
      ],
      "inspection": {
        "engine": {
          "name": "OpticStudio",
          "version": "24.1.0",
          "zospy_version": "2.1.5",
          "pythonnet_version": "3.1.0",
          "license": "PremiumEdition"
        },
        "focus_mm": 47.5,
        "image_surface": 3,
        "surfaces": [
          {
            "index": 0,
            "is_image": false,
            "is_stop": false,
            "type": "Standard",
            "radius_mm": "Infinity",
            "thickness_mm": "Infinity",
            "material": "",
            "conic": 0.0,
            "coating": "",
            "tilts": [
              0.0,
              0.0,
              0.0,
              0.0,
              0.0,
              0.0,
              0.0,
              0.0,
              0.0,
              0.0
            ],
            "aperture": "None",
            "semi_diameter_solve": "Automatic",
            "asphere_coefficients": []
          },
          {
            "index": 1,
            "is_image": false,
            "is_stop": true,
            "type": "Standard",
            "radius_mm": 52.0,
            "thickness_mm": 5.0,
            "material": "N-BK7",
            "conic": 0.0,
            "coating": "",
            "tilts": [
              0.0,
              0.0,
              0.0,
              0.0,
              0.0,
              0.0,
              0.0,
              0.0,
              0.0,
              0.0
            ],
            "aperture": "None",
            "semi_diameter_solve": "Automatic",
            "asphere_coefficients": []
          },
          {
            "index": 2,
            "is_image": false,
            "is_stop": false,
            "type": "Standard",
            "radius_mm": -50.0,
            "thickness_mm": 47.5,
            "material": "",
            "conic": 0.0,
            "coating": "",
            "tilts": [
              0.0,
              0.0,
              0.0,
              0.0,
              0.0,
              0.0,
              0.0,
              0.0,
              0.0,
              0.0
            ],
            "aperture": "None",
            "semi_diameter_solve": "Automatic",
            "asphere_coefficients": []
          },
          {
            "index": 3,
            "is_image": true,
            "is_stop": false,
            "type": "Standard",
            "radius_mm": "Infinity",
            "thickness_mm": "Infinity",
            "material": "",
            "conic": 0.0,
            "coating": "",
            "tilts": [
              0.0,
              0.0,
              0.0,
              0.0,
              0.0,
              0.0,
              0.0,
              0.0,
              0.0,
              0.0
            ],
            "aperture": "None",
            "semi_diameter_solve": "Automatic",
            "asphere_coefficients": []
          }
        ],
        "invariants": {
          "surfaces": [
            {
              "index": 0,
              "is_image": false,
              "is_stop": false,
              "type": "Standard",
              "radius_mm": "Infinity",
              "thickness_mm": "Infinity",
              "material": "",
              "conic": 0.0,
              "coating": "",
              "tilts": [
                0.0,
                0.0,
                0.0,
                0.0,
                0.0,
                0.0,
                0.0,
                0.0,
                0.0,
                0.0
              ],
              "aperture": "None",
              "semi_diameter_solve": "Automatic",
              "asphere_coefficients": []
            },
            {
              "index": 1,
              "is_image": false,
              "is_stop": true,
              "type": "Standard",
              "radius_mm": 52.0,
              "thickness_mm": 5.0,
              "material": "N-BK7",
              "conic": 0.0,
              "coating": "",
              "tilts": [
                0.0,
                0.0,
                0.0,
                0.0,
                0.0,
                0.0,
                0.0,
                0.0,
                0.0,
                0.0
              ],
              "aperture": "None",
              "semi_diameter_solve": "Automatic",
              "asphere_coefficients": []
            },
            {
              "index": 2,
              "is_image": false,
              "is_stop": false,
              "type": "Standard",
              "radius_mm": -50.0,
              "material": "",
              "conic": 0.0,
              "coating": "",
              "tilts": [
                0.0,
                0.0,
                0.0,
                0.0,
                0.0,
                0.0,
                0.0,
                0.0,
                0.0,
                0.0
              ],
              "aperture": "None",
              "semi_diameter_solve": "Automatic",
              "asphere_coefficients": []
            },
            {
              "index": 3,
              "is_image": true,
              "is_stop": false,
              "type": "Standard",
              "radius_mm": "Infinity",
              "thickness_mm": "Infinity",
              "material": "",
              "conic": 0.0,
              "coating": "",
              "tilts": [
                0.0,
                0.0,
                0.0,
                0.0,
                0.0,
                0.0,
                0.0,
                0.0,
                0.0,
                0.0
              ],
              "aperture": "None",
              "semi_diameter_solve": "Automatic",
              "asphere_coefficients": []
            }
          ],
          "fields": [
            {
              "index": 1,
              "x_deg": 0.0,
              "y_deg": 0.0,
              "weight": 1.0
            },
            {
              "index": 2,
              "x_deg": 0.0,
              "y_deg": 3.0,
              "weight": 1.0
            },
            {
              "index": 3,
              "x_deg": 0.0,
              "y_deg": 6.0,
              "weight": 1.0
            }
          ],
          "wavelengths": [
            {
              "index": 1,
              "um": 0.4861327,
              "weight": 1.0,
              "primary": false
            },
            {
              "index": 2,
              "um": 0.55,
              "weight": 1.0,
              "primary": true
            },
            {
              "index": 3,
              "um": 0.6562725,
              "weight": 1.0,
              "primary": false
            }
          ],
          "aperture_type": "EntrancePupilDiameter",
          "aperture_mm": 10.0,
          "lens_units": "mm"
        },
        "limits": [
          "Sequential centered Standard conic/EvenAspheric refractive systems; fixed shape coefficients; angle fields; mm; EPD.",
          "Geometric centroid RMS spot and scalar FFT MTF are distinct metrics.",
          "A sparse pupil ray check detects gross failures; it is not a full vignetting analysis."
        ]
      },
      "measurements": [
        {
          "metric": "efl_mm",
          "unit": "mm",
          "value": 49.99615696660989,
          "settings": {
            "wavelength": 2,
            "wavelength_um": 0.55
          }
        },
        {
          "metric": "f_number",
          "unit": "1",
          "value": 4.999616,
          "settings": {
            "wavelength": 2,
            "wavelength_um": 0.55
          }
        },
        {
          "metric": "total_track_mm",
          "unit": "mm",
          "value": 52.5
        },
        {
          "metric": "image_distance_mm",
          "unit": "mm",
          "value": 47.5
        },
        {
          "metric": "rms_spot_um",
          "field": 1,
          "wavelength": 1,
          "unit": "um",
          "value": 17.33007662329914,
          "settings": {
            "reference": "centroid",
            "ray_density": 8,
            "native_analysis": "StandardSpot",
            "ray_check_count": 17,
            "field": 1,
            "field_xy_deg": [
              0.0,
              0.0
            ],
            "wavelength": 1,
            "wavelength_um": 0.4861327,
            "spectral_mode": "monochromatic"
          }
        },
        {
          "metric": "rms_spot_um",
          "field": 1,
          "wavelength": 2,
          "unit": "um",
          "value": 25.229580473771126,
          "settings": {
            "reference": "centroid",
            "ray_density": 8,
            "native_analysis": "StandardSpot",
            "ray_check_count": 17,
            "field": 1,
            "field_xy_deg": [
              0.0,
              0.0
            ],
            "wavelength": 2,
            "wavelength_um": 0.55,
            "spectral_mode": "monochromatic"
          }
        },
        {
          "metric": "rms_spot_um",
          "field": 1,
          "wavelength": 3,
          "unit": "um",
          "value": 52.04165060335828,
          "settings": {
            "reference": "centroid",
            "ray_density": 8,
            "native_analysis": "StandardSpot",
            "ray_check_count": 17,
            "field": 1,
            "field_xy_deg": [
              0.0,
              0.0
            ],
            "wavelength": 3,
            "wavelength_um": 0.6562725,
            "spectral_mode": "monochromatic"
          }
        },
        {
          "metric": "rms_spot_um",
          "field": 2,
          "wavelength": 1,
          "unit": "um",
          "value": 29.24362575453508,
          "settings": {
            "reference": "centroid",
            "ray_density": 8,
            "native_analysis": "StandardSpot",
            "ray_check_count": 17,
            "field": 2,
            "field_xy_deg": [
              0.0,
              3.0
            ],
            "wavelength": 1,
            "wavelength_um": 0.4861327,
            "spectral_mode": "monochromatic"
          }
        },
        {
          "metric": "rms_spot_um",
          "field": 2,
          "wavelength": 2,
          "unit": "um",
          "value": 22.755324984242645,
          "settings": {
            "reference": "centroid",
            "ray_density": 8,
            "native_analysis": "StandardSpot",
            "ray_check_count": 17,
            "field": 2,
            "field_xy_deg": [
              0.0,
              3.0
            ],
            "wavelength": 2,
            "wavelength_um": 0.55,
            "spectral_mode": "monochromatic"
          }
        },
        {
          "metric": "rms_spot_um",
          "field": 2,
          "wavelength": 3,
          "unit": "um",
          "value": 43.194981942541574,
          "settings": {
            "reference": "centroid",
            "ray_density": 8,
            "native_analysis": "StandardSpot",
            "ray_check_count": 17,
            "field": 2,
            "field_xy_deg": [
              0.0,
              3.0
            ],
            "wavelength": 3,
            "wavelength_um": 0.6562725,
            "spectral_mode": "monochromatic"
          }
        },
        {
          "metric": "rms_spot_um",
          "field": 3,
          "wavelength": 1,
          "unit": "um",
          "value": 67.93188848798773,
          "settings": {
            "reference": "centroid",
            "ray_density": 8,
            "native_analysis": "StandardSpot",
            "ray_check_count": 17,
            "field": 3,
            "field_xy_deg": [
              0.0,
              6.0
            ],
            "wavelength": 1,
            "wavelength_um": 0.4861327,
            "spectral_mode": "monochromatic"
          }
        },
        {
          "metric": "rms_spot_um",
          "field": 3,
          "wavelength": 2,
          "unit": "um",
          "value": 47.02442031082044,
          "settings": {
            "reference": "centroid",
            "ray_density": 8,
            "native_analysis": "StandardSpot",
            "ray_check_count": 17,
            "field": 3,
            "field_xy_deg": [
              0.0,
              6.0
            ],
            "wavelength": 2,
            "wavelength_um": 0.55,
            "spectral_mode": "monochromatic"
          }
        },
        {
          "metric": "rms_spot_um",
          "field": 3,
          "wavelength": 3,
          "unit": "um",
          "value": 36.59216825761116,
          "settings": {
            "reference": "centroid",
            "ray_density": 8,
            "native_analysis": "StandardSpot",
            "ray_check_count": 17,
            "field": 3,
            "field_xy_deg": [
              0.0,
              6.0
            ],
            "wavelength": 3,
            "wavelength_um": 0.6562725,
            "spectral_mode": "monochromatic"
          }
        }
      ],
      "assessment": {
        "passes": true,
        "requirements": [
          {
            "id": "focal-length",
            "key": "efl_mm",
            "requirement": {
              "id": "focal-length",
              "metric": "efl_mm",
              "unit": "mm",
              "min": 48,
              "max": 52
            },
            "status": "pass",
            "value": 49.99615696660989,
            "unit": "mm"
          },
          {
            "id": "track",
            "key": "total_track_mm",
            "requirement": {
              "id": "track",
              "metric": "total_track_mm",
              "unit": "mm",
              "max": 65
            },
            "status": "pass",
            "value": 52.5,
            "unit": "mm"
          },
          {
            "id": "spot-1-1",
            "key": "rms_spot_um|f=1|w=1",
            "requirement": {
              "metric": "rms_spot_um",
              "field": 1,
              "wavelength": 1,
              "unit": "um",
              "id": "spot-1-1",
              "max": 120
            },
            "status": "pass",
            "value": 17.33007662329914,
            "unit": "um"
          },
          {
            "id": "spot-1-2",
            "key": "rms_spot_um|f=1|w=2",
            "requirement": {
              "metric": "rms_spot_um",
              "field": 1,
              "wavelength": 2,
              "unit": "um",
              "id": "spot-1-2",
              "max": 120
            },
            "status": "pass",
            "value": 25.229580473771126,
            "unit": "um"
          },
          {
            "id": "spot-1-3",
            "key": "rms_spot_um|f=1|w=3",
            "requirement": {
              "metric": "rms_spot_um",
              "field": 1,
              "wavelength": 3,
              "unit": "um",
              "id": "spot-1-3",
              "max": 120
            },
            "status": "pass",
            "value": 52.04165060335828,
            "unit": "um"
          },
          {
            "id": "spot-2-1",
            "key": "rms_spot_um|f=2|w=1",
            "requirement": {
              "metric": "rms_spot_um",
              "field": 2,
              "wavelength": 1,
              "unit": "um",
              "id": "spot-2-1",
              "max": 120
            },
            "status": "pass",
            "value": 29.24362575453508,
            "unit": "um"
          },
          {
            "id": "spot-2-2",
            "key": "rms_spot_um|f=2|w=2",
            "requirement": {
              "metric": "rms_spot_um",
              "field": 2,
              "wavelength": 2,
              "unit": "um",
              "id": "spot-2-2",
              "max": 120
            },
            "status": "pass",
            "value": 22.755324984242645,
            "unit": "um"
          },
          {
            "id": "spot-2-3",
            "key": "rms_spot_um|f=2|w=3",
            "requirement": {
              "metric": "rms_spot_um",
              "field": 2,
              "wavelength": 3,
              "unit": "um",
              "id": "spot-2-3",
              "max": 120
            },
            "status": "pass",
            "value": 43.194981942541574,
            "unit": "um"
          },
          {
            "id": "spot-3-1",
            "key": "rms_spot_um|f=3|w=1",
            "requirement": {
              "metric": "rms_spot_um",
              "field": 3,
              "wavelength": 1,
              "unit": "um",
              "id": "spot-3-1",
              "max": 120
            },
            "status": "pass",
            "value": 67.93188848798773,
            "unit": "um"
          },
          {
            "id": "spot-3-2",
            "key": "rms_spot_um|f=3|w=2",
            "requirement": {
              "metric": "rms_spot_um",
              "field": 3,
              "wavelength": 2,
              "unit": "um",
              "id": "spot-3-2",
              "max": 120
            },
            "status": "pass",
            "value": 47.02442031082044,
            "unit": "um"
          },
          {
            "id": "spot-3-3",
            "key": "rms_spot_um|f=3|w=3",
            "requirement": {
              "metric": "rms_spot_um",
              "field": 3,
              "wavelength": 3,
              "unit": "um",
              "id": "spot-3-3",
              "max": 120
            },
            "status": "pass",
            "value": 36.59216825761116,
            "unit": "um"
          }
        ]
      },
      "objective_breakdown": {
        "aggregation": "weighted_rms",
        "direction": "minimize",
        "value": 1.3630495026701037,
        "unit": "1",
        "terms": [
          {
            "metric": "rms_spot_um",
            "field": 1,
            "wavelength": 1,
            "key": "rms_spot_um|f=1|w=1",
            "unit": "um",
            "value": 17.33007662329914,
            "target": 0,
            "scale": 30,
            "weight": 1,
            "normalized_residual": 0.577669220776638,
            "weighted_residual": 0.192556406925546
          },
          {
            "metric": "rms_spot_um",
            "field": 1,
            "wavelength": 2,
            "key": "rms_spot_um|f=1|w=2",
            "unit": "um",
            "value": 25.229580473771126,
            "target": 0,
            "scale": 30,
            "weight": 1,
            "normalized_residual": 0.8409860157923709,
            "weighted_residual": 0.28032867193079025
          },
          {
            "metric": "rms_spot_um",
            "field": 1,
            "wavelength": 3,
            "key": "rms_spot_um|f=1|w=3",
            "unit": "um",
            "value": 52.04165060335828,
            "target": 0,
            "scale": 30,
            "weight": 1,
            "normalized_residual": 1.7347216867786093,
            "weighted_residual": 0.5782405622595364
          },
          {
            "metric": "rms_spot_um",
            "field": 2,
            "wavelength": 1,
            "key": "rms_spot_um|f=2|w=1",
            "unit": "um",
            "value": 29.24362575453508,
            "target": 0,
            "scale": 30,
            "weight": 1,
            "normalized_residual": 0.9747875251511694,
            "weighted_residual": 0.32492917505038976
          },
          {
            "metric": "rms_spot_um",
            "field": 2,
            "wavelength": 2,
            "key": "rms_spot_um|f=2|w=2",
            "unit": "um",
            "value": 22.755324984242645,
            "target": 0,
            "scale": 30,
            "weight": 1,
            "normalized_residual": 0.7585108328080882,
            "weighted_residual": 0.2528369442693627
          },
          {
            "metric": "rms_spot_um",
            "field": 2,
            "wavelength": 3,
            "key": "rms_spot_um|f=2|w=3",
            "unit": "um",
            "value": 43.194981942541574,
            "target": 0,
            "scale": 30,
            "weight": 1,
            "normalized_residual": 1.4398327314180526,
            "weighted_residual": 0.4799442438060175
          },
          {
            "metric": "rms_spot_um",
            "field": 3,
            "wavelength": 1,
            "key": "rms_spot_um|f=3|w=1",
            "unit": "um",
            "value": 67.93188848798773,
            "target": 0,
            "scale": 30,
            "weight": 1,
            "normalized_residual": 2.2643962829329243,
            "weighted_residual": 0.7547987609776414
          },
          {
            "metric": "rms_spot_um",
            "field": 3,
            "wavelength": 2,
            "key": "rms_spot_um|f=3|w=2",
            "unit": "um",
            "value": 47.02442031082044,
            "target": 0,
            "scale": 30,
            "weight": 1,
            "normalized_residual": 1.567480677027348,
            "weighted_residual": 0.522493559009116
          },
          {
            "metric": "rms_spot_um",
            "field": 3,
            "wavelength": 3,
            "key": "rms_spot_um|f=3|w=3",
            "unit": "um",
            "value": 36.59216825761116,
            "target": 0,
            "scale": 30,
            "weight": 1,
            "normalized_residual": 1.2197389419203721,
            "weighted_residual": 0.4065796473067907
          }
        ]
      },
      "objective_value": 1.3630495026701037
    },
    {
      "kind": "saved_reload_verification",
      "parameters_mm": [
        52.0,
        47.5
      ],
      "inspection": {
        "engine": {
          "name": "OpticStudio",
          "version": "24.1.0",
          "zospy_version": "2.1.5",
          "pythonnet_version": "3.1.0",
          "license": "PremiumEdition"
        },
        "focus_mm": 47.5,
        "image_surface": 3,
        "surfaces": [
          {
            "index": 0,
            "is_image": false,
            "is_stop": false,
            "type": "Standard",
            "radius_mm": "Infinity",
            "thickness_mm": "Infinity",
            "material": "",
            "conic": 0.0,
            "coating": "",
            "tilts": [
              0.0,
              0.0,
              0.0,
              0.0,
              0.0,
              0.0,
              0.0,
              0.0,
              0.0,
              0.0
            ],
            "aperture": "None",
            "semi_diameter_solve": "Automatic",
            "asphere_coefficients": []
          },
          {
            "index": 1,
            "is_image": false,
            "is_stop": true,
            "type": "Standard",
            "radius_mm": 52.0,
            "thickness_mm": 5.0,
            "material": "N-BK7",
            "conic": 0.0,
            "coating": "",
            "tilts": [
              0.0,
              0.0,
              0.0,
              0.0,
              0.0,
              0.0,
              0.0,
              0.0,
              0.0,
              0.0
            ],
            "aperture": "None",
            "semi_diameter_solve": "Automatic",
            "asphere_coefficients": []
          },
          {
            "index": 2,
            "is_image": false,
            "is_stop": false,
            "type": "Standard",
            "radius_mm": -50.0,
            "thickness_mm": 47.5,
            "material": "",
            "conic": 0.0,
            "coating": "",
            "tilts": [
              0.0,
              0.0,
              0.0,
              0.0,
              0.0,
              0.0,
              0.0,
              0.0,
              0.0,
              0.0
            ],
            "aperture": "None",
            "semi_diameter_solve": "Automatic",
            "asphere_coefficients": []
          },
          {
            "index": 3,
            "is_image": true,
            "is_stop": false,
            "type": "Standard",
            "radius_mm": "Infinity",
            "thickness_mm": "Infinity",
            "material": "",
            "conic": 0.0,
            "coating": "",
            "tilts": [
              0.0,
              0.0,
              0.0,
              0.0,
              0.0,
              0.0,
              0.0,
              0.0,
              0.0,
              0.0
            ],
            "aperture": "None",
            "semi_diameter_solve": "Automatic",
            "asphere_coefficients": []
          }
        ],
        "invariants": {
          "surfaces": [
            {
              "index": 0,
              "is_image": false,
              "is_stop": false,
              "type": "Standard",
              "radius_mm": "Infinity",
              "thickness_mm": "Infinity",
              "material": "",
              "conic": 0.0,
              "coating": "",
              "tilts": [
                0.0,
                0.0,
                0.0,
                0.0,
                0.0,
                0.0,
                0.0,
                0.0,
                0.0,
                0.0
              ],
              "aperture": "None",
              "semi_diameter_solve": "Automatic",
              "asphere_coefficients": []
            },
            {
              "index": 1,
              "is_image": false,
              "is_stop": true,
              "type": "Standard",
              "radius_mm": 52.0,
              "thickness_mm": 5.0,
              "material": "N-BK7",
              "conic": 0.0,
              "coating": "",
              "tilts": [
                0.0,
                0.0,
                0.0,
                0.0,
                0.0,
                0.0,
                0.0,
                0.0,
                0.0,
                0.0
              ],
              "aperture": "None",
              "semi_diameter_solve": "Automatic",
              "asphere_coefficients": []
            },
            {
              "index": 2,
              "is_image": false,
              "is_stop": false,
              "type": "Standard",
              "radius_mm": -50.0,
              "material": "",
              "conic": 0.0,
              "coating": "",
              "tilts": [
                0.0,
                0.0,
                0.0,
                0.0,
                0.0,
                0.0,
                0.0,
                0.0,
                0.0,
                0.0
              ],
              "aperture": "None",
              "semi_diameter_solve": "Automatic",
              "asphere_coefficients": []
            },
            {
              "index": 3,
              "is_image": true,
              "is_stop": false,
              "type": "Standard",
              "radius_mm": "Infinity",
              "thickness_mm": "Infinity",
              "material": "",
              "conic": 0.0,
              "coating": "",
              "tilts": [
                0.0,
                0.0,
                0.0,
                0.0,
                0.0,
                0.0,
                0.0,
                0.0,
                0.0,
                0.0
              ],
              "aperture": "None",
              "semi_diameter_solve": "Automatic",
              "asphere_coefficients": []
            }
          ],
          "fields": [
            {
              "index": 1,
              "x_deg": 0.0,
              "y_deg": 0.0,
              "weight": 1.0
            },
            {
              "index": 2,
              "x_deg": 0.0,
              "y_deg": 3.0,
              "weight": 1.0
            },
            {
              "index": 3,
              "x_deg": 0.0,
              "y_deg": 6.0,
              "weight": 1.0
            }
          ],
          "wavelengths": [
            {
              "index": 1,
              "um": 0.4861327,
              "weight": 1.0,
              "primary": false
            },
            {
              "index": 2,
              "um": 0.55,
              "weight": 1.0,
              "primary": true
            },
            {
              "index": 3,
              "um": 0.6562725,
              "weight": 1.0,
              "primary": false
            }
          ],
          "aperture_type": "EntrancePupilDiameter",
          "aperture_mm": 10.0,
          "lens_units": "mm"
        },
        "limits": [
          "Sequential centered Standard conic/EvenAspheric refractive systems; fixed shape coefficients; angle fields; mm; EPD.",
          "Geometric centroid RMS spot and scalar FFT MTF are distinct metrics.",
          "A sparse pupil ray check detects gross failures; it is not a full vignetting analysis."
        ]
      },
      "measurements": [
        {
          "metric": "efl_mm",
          "unit": "mm",
          "value": 49.99615696660989,
          "settings": {
            "wavelength": 2,
            "wavelength_um": 0.55
          }
        },
        {
          "metric": "f_number",
          "unit": "1",
          "value": 4.999616,
          "settings": {
            "wavelength": 2,
            "wavelength_um": 0.55
          }
        },
        {
          "metric": "total_track_mm",
          "unit": "mm",
          "value": 52.5
        },
        {
          "metric": "image_distance_mm",
          "unit": "mm",
          "value": 47.5
        },
        {
          "metric": "rms_spot_um",
          "field": 1,
          "wavelength": 1,
          "unit": "um",
          "value": 17.33007662329914,
          "settings": {
            "reference": "centroid",
            "ray_density": 8,
            "native_analysis": "StandardSpot",
            "ray_check_count": 17,
            "field": 1,
            "field_xy_deg": [
              0.0,
              0.0
            ],
            "wavelength": 1,
            "wavelength_um": 0.4861327,
            "spectral_mode": "monochromatic"
          }
        },
        {
          "metric": "rms_spot_um",
          "field": 1,
          "wavelength": 2,
          "unit": "um",
          "value": 25.229580473771126,
          "settings": {
            "reference": "centroid",
            "ray_density": 8,
            "native_analysis": "StandardSpot",
            "ray_check_count": 17,
            "field": 1,
            "field_xy_deg": [
              0.0,
              0.0
            ],
            "wavelength": 2,
            "wavelength_um": 0.55,
            "spectral_mode": "monochromatic"
          }
        },
        {
          "metric": "rms_spot_um",
          "field": 1,
          "wavelength": 3,
          "unit": "um",
          "value": 52.04165060335828,
          "settings": {
            "reference": "centroid",
            "ray_density": 8,
            "native_analysis": "StandardSpot",
            "ray_check_count": 17,
            "field": 1,
            "field_xy_deg": [
              0.0,
              0.0
            ],
            "wavelength": 3,
            "wavelength_um": 0.6562725,
            "spectral_mode": "monochromatic"
          }
        },
        {
          "metric": "rms_spot_um",
          "field": 2,
          "wavelength": 1,
          "unit": "um",
          "value": 29.24362575453508,
          "settings": {
            "reference": "centroid",
            "ray_density": 8,
            "native_analysis": "StandardSpot",
            "ray_check_count": 17,
            "field": 2,
            "field_xy_deg": [
              0.0,
              3.0
            ],
            "wavelength": 1,
            "wavelength_um": 0.4861327,
            "spectral_mode": "monochromatic"
          }
        },
        {
          "metric": "rms_spot_um",
          "field": 2,
          "wavelength": 2,
          "unit": "um",
          "value": 22.755324984242645,
          "settings": {
            "reference": "centroid",
            "ray_density": 8,
            "native_analysis": "StandardSpot",
            "ray_check_count": 17,
            "field": 2,
            "field_xy_deg": [
              0.0,
              3.0
            ],
            "wavelength": 2,
            "wavelength_um": 0.55,
            "spectral_mode": "monochromatic"
          }
        },
        {
          "metric": "rms_spot_um",
          "field": 2,
          "wavelength": 3,
          "unit": "um",
          "value": 43.194981942541574,
          "settings": {
            "reference": "centroid",
            "ray_density": 8,
            "native_analysis": "StandardSpot",
            "ray_check_count": 17,
            "field": 2,
            "field_xy_deg": [
              0.0,
              3.0
            ],
            "wavelength": 3,
            "wavelength_um": 0.6562725,
            "spectral_mode": "monochromatic"
          }
        },
        {
          "metric": "rms_spot_um",
          "field": 3,
          "wavelength": 1,
          "unit": "um",
          "value": 67.93188848798773,
          "settings": {
            "reference": "centroid",
            "ray_density": 8,
            "native_analysis": "StandardSpot",
            "ray_check_count": 17,
            "field": 3,
            "field_xy_deg": [
              0.0,
              6.0
            ],
            "wavelength": 1,
            "wavelength_um": 0.4861327,
            "spectral_mode": "monochromatic"
          }
        },
        {
          "metric": "rms_spot_um",
          "field": 3,
          "wavelength": 2,
          "unit": "um",
          "value": 47.02442031082044,
          "settings": {
            "reference": "centroid",
            "ray_density": 8,
            "native_analysis": "StandardSpot",
            "ray_check_count": 17,
            "field": 3,
            "field_xy_deg": [
              0.0,
              6.0
            ],
            "wavelength": 2,
            "wavelength_um": 0.55,
            "spectral_mode": "monochromatic"
          }
        },
        {
          "metric": "rms_spot_um",
          "field": 3,
          "wavelength": 3,
          "unit": "um",
          "value": 36.59216825761116,
          "settings": {
            "reference": "centroid",
            "ray_density": 8,
            "native_analysis": "StandardSpot",
            "ray_check_count": 17,
            "field": 3,
            "field_xy_deg": [
              0.0,
              6.0
            ],
            "wavelength": 3,
            "wavelength_um": 0.6562725,
            "spectral_mode": "monochromatic"
          }
        }
      ],
      "assessment": {
        "passes": true,
        "requirements": [
          {
            "id": "focal-length",
            "key": "efl_mm",
            "requirement": {
              "id": "focal-length",
              "metric": "efl_mm",
              "unit": "mm",
              "min": 48,
              "max": 52
            },
            "status": "pass",
            "value": 49.99615696660989,
            "unit": "mm"
          },
          {
            "id": "track",
            "key": "total_track_mm",
            "requirement": {
              "id": "track",
              "metric": "total_track_mm",
              "unit": "mm",
              "max": 65
            },
            "status": "pass",
            "value": 52.5,
            "unit": "mm"
          },
          {
            "id": "spot-1-1",
            "key": "rms_spot_um|f=1|w=1",
            "requirement": {
              "metric": "rms_spot_um",
              "field": 1,
              "wavelength": 1,
              "unit": "um",
              "id": "spot-1-1",
              "max": 120
            },
            "status": "pass",
            "value": 17.33007662329914,
            "unit": "um"
          },
          {
            "id": "spot-1-2",
            "key": "rms_spot_um|f=1|w=2",
            "requirement": {
              "metric": "rms_spot_um",
              "field": 1,
              "wavelength": 2,
              "unit": "um",
              "id": "spot-1-2",
              "max": 120
            },
            "status": "pass",
            "value": 25.229580473771126,
            "unit": "um"
          },
          {
            "id": "spot-1-3",
            "key": "rms_spot_um|f=1|w=3",
            "requirement": {
              "metric": "rms_spot_um",
              "field": 1,
              "wavelength": 3,
              "unit": "um",
              "id": "spot-1-3",
              "max": 120
            },
            "status": "pass",
            "value": 52.04165060335828,
            "unit": "um"
          },
          {
            "id": "spot-2-1",
            "key": "rms_spot_um|f=2|w=1",
            "requirement": {
              "metric": "rms_spot_um",
              "field": 2,
              "wavelength": 1,
              "unit": "um",
              "id": "spot-2-1",
              "max": 120
            },
            "status": "pass",
            "value": 29.24362575453508,
            "unit": "um"
          },
          {
            "id": "spot-2-2",
            "key": "rms_spot_um|f=2|w=2",
            "requirement": {
              "metric": "rms_spot_um",
              "field": 2,
              "wavelength": 2,
              "unit": "um",
              "id": "spot-2-2",
              "max": 120
            },
            "status": "pass",
            "value": 22.755324984242645,
            "unit": "um"
          },
          {
            "id": "spot-2-3",
            "key": "rms_spot_um|f=2|w=3",
            "requirement": {
              "metric": "rms_spot_um",
              "field": 2,
              "wavelength": 3,
              "unit": "um",
              "id": "spot-2-3",
              "max": 120
            },
            "status": "pass",
            "value": 43.194981942541574,
            "unit": "um"
          },
          {
            "id": "spot-3-1",
            "key": "rms_spot_um|f=3|w=1",
            "requirement": {
              "metric": "rms_spot_um",
              "field": 3,
              "wavelength": 1,
              "unit": "um",
              "id": "spot-3-1",
              "max": 120
            },
            "status": "pass",
            "value": 67.93188848798773,
            "unit": "um"
          },
          {
            "id": "spot-3-2",
            "key": "rms_spot_um|f=3|w=2",
            "requirement": {
              "metric": "rms_spot_um",
              "field": 3,
              "wavelength": 2,
              "unit": "um",
              "id": "spot-3-2",
              "max": 120
            },
            "status": "pass",
            "value": 47.02442031082044,
            "unit": "um"
          },
          {
            "id": "spot-3-3",
            "key": "rms_spot_um|f=3|w=3",
            "requirement": {
              "metric": "rms_spot_um",
              "field": 3,
              "wavelength": 3,
              "unit": "um",
              "id": "spot-3-3",
              "max": 120
            },
            "status": "pass",
            "value": 36.59216825761116,
            "unit": "um"
          }
        ]
      },
      "objective_breakdown": {
        "aggregation": "weighted_rms",
        "direction": "minimize",
        "value": 1.3630495026701037,
        "unit": "1",
        "terms": [
          {
            "metric": "rms_spot_um",
            "field": 1,
            "wavelength": 1,
            "key": "rms_spot_um|f=1|w=1",
            "unit": "um",
            "value": 17.33007662329914,
            "target": 0,
            "scale": 30,
            "weight": 1,
            "normalized_residual": 0.577669220776638,
            "weighted_residual": 0.192556406925546
          },
          {
            "metric": "rms_spot_um",
            "field": 1,
            "wavelength": 2,
            "key": "rms_spot_um|f=1|w=2",
            "unit": "um",
            "value": 25.229580473771126,
            "target": 0,
            "scale": 30,
            "weight": 1,
            "normalized_residual": 0.8409860157923709,
            "weighted_residual": 0.28032867193079025
          },
          {
            "metric": "rms_spot_um",
            "field": 1,
            "wavelength": 3,
            "key": "rms_spot_um|f=1|w=3",
            "unit": "um",
            "value": 52.04165060335828,
            "target": 0,
            "scale": 30,
            "weight": 1,
            "normalized_residual": 1.7347216867786093,
            "weighted_residual": 0.5782405622595364
          },
          {
            "metric": "rms_spot_um",
            "field": 2,
            "wavelength": 1,
            "key": "rms_spot_um|f=2|w=1",
            "unit": "um",
            "value": 29.24362575453508,
            "target": 0,
            "scale": 30,
            "weight": 1,
            "normalized_residual": 0.9747875251511694,
            "weighted_residual": 0.32492917505038976
          },
          {
            "metric": "rms_spot_um",
            "field": 2,
            "wavelength": 2,
            "key": "rms_spot_um|f=2|w=2",
            "unit": "um",
            "value": 22.755324984242645,
            "target": 0,
            "scale": 30,
            "weight": 1,
            "normalized_residual": 0.7585108328080882,
            "weighted_residual": 0.2528369442693627
          },
          {
            "metric": "rms_spot_um",
            "field": 2,
            "wavelength": 3,
            "key": "rms_spot_um|f=2|w=3",
            "unit": "um",
            "value": 43.194981942541574,
            "target": 0,
            "scale": 30,
            "weight": 1,
            "normalized_residual": 1.4398327314180526,
            "weighted_residual": 0.4799442438060175
          },
          {
            "metric": "rms_spot_um",
            "field": 3,
            "wavelength": 1,
            "key": "rms_spot_um|f=3|w=1",
            "unit": "um",
            "value": 67.93188848798773,
            "target": 0,
            "scale": 30,
            "weight": 1,
            "normalized_residual": 2.2643962829329243,
            "weighted_residual": 0.7547987609776414
          },
          {
            "metric": "rms_spot_um",
            "field": 3,
            "wavelength": 2,
            "key": "rms_spot_um|f=3|w=2",
            "unit": "um",
            "value": 47.02442031082044,
            "target": 0,
            "scale": 30,
            "weight": 1,
            "normalized_residual": 1.567480677027348,
            "weighted_residual": 0.522493559009116
          },
          {
            "metric": "rms_spot_um",
            "field": 3,
            "wavelength": 3,
            "key": "rms_spot_um|f=3|w=3",
            "unit": "um",
            "value": 36.59216825761116,
            "target": 0,
            "scale": 30,
            "weight": 1,
            "normalized_residual": 1.2197389419203721,
            "weighted_residual": 0.4065796473067907
          }
        ]
      },
      "objective_value": 1.3630495026701037
    }
  ],
  "evaluations": 41,
  "baseline_restored": true,
  "saved_candidate_verified": true,
  "artifacts": {
    "baseline_model": "C:\\Users\\erict\\OneDrive\\Desktop\\Projects\\optical-design-v1\\docs\\research\\full-release\\composite-zos\\baseline-model.zmx",
    "baseline_sha256": "af1586cf6f861655d8de2e20bfbf5eca7541f25262e3c9fff23eb7b68b4ae77f",
    "source_snapshot_sha256": "af1586cf6f861655d8de2e20bfbf5eca7541f25262e3c9fff23eb7b68b4ae77f",
    "candidate_model": "C:\\Users\\erict\\OneDrive\\Desktop\\Projects\\optical-design-v1\\docs\\research\\full-release\\composite-zos\\candidate-model.zmx",
    "candidate_sha256": "6d4c51393613d141180fb153bb0c221b3c665338236eeb20f6c3e04cc6d1cc8e"
  },
  "spec_sha256": "e780d8af20ee46c438671c8e4783ac3b578ffbcfe73dfe4ce152afb34097aa12",
  "variables_sha256": "db85aef954a4501a3ad8233a76ec2426ef5d7b0075dc2eb611eecdea4340d2cf",
  "python_version": "3.11.15",
  "search": {
    "method": "normalized_bounded_pattern_search",
    "global_optimum_proven": false,
    "termination": "evaluation_budget",
    "final_normalized_step": 0.0001220703125,
    "verification_evaluations_reserved": 2
  },
  "parameter_readback_tolerance": {
    "relative": 1e-12,
    "absolute_mm": 1e-12,
    "nonzero_delta_requires_actual_change": true
  },
  "time_budget_policy": "cooperative_between_native_calls"
}
