{
  "schema": "1",
  "action": "optimize",
  "status": "improved",
  "source": {
    "path": "C:\\Users\\erict\\OneDrive\\Desktop\\Projects\\optical-design-v1\\docs\\research\\full-release\\final-mcp\\mcp-jobs\\9b08f8f459674054be95564e68ef0625\\inputs\\model.json",
    "sha256": "73d813dea1ad75db10d87d5023b3608740c652a6ccc38b999eec38599aa803ca"
  },
  "source_unchanged": true,
  "spec": {
    "schema": "1",
    "name": "Synthetic singlet workflow: explicit targets, not general design defaults",
    "fields": [
      1
    ],
    "wavelengths": [
      1
    ],
    "frequencies_cyc_per_mm": [
      20
    ],
    "requirements": [
      {
        "id": "focal-length",
        "metric": "efl_mm",
        "unit": "mm",
        "min": 48,
        "max": 51
      },
      {
        "id": "track",
        "metric": "total_track_mm",
        "unit": "mm",
        "max": 65
      },
      {
        "id": "spot",
        "metric": "rms_spot_um",
        "field": 1,
        "wavelength": 1,
        "unit": "um",
        "max": 30
      },
      {
        "id": "contrast-t",
        "metric": "mtf",
        "field": 1,
        "wavelength": 1,
        "frequency": 20,
        "axis": "tangential",
        "unit": "1",
        "min": 0.3
      },
      {
        "id": "contrast-s",
        "metric": "mtf",
        "field": 1,
        "wavelength": 1,
        "frequency": 20,
        "axis": "sagittal",
        "unit": "1",
        "min": 0.3
      }
    ],
    "objective": {
      "direction": "minimize",
      "aggregation": "weighted_rms",
      "terms": [
        {
          "metric": "efl_mm",
          "unit": "mm",
          "target": 50,
          "scale": 2,
          "weight": 1
        },
        {
          "metric": "rms_spot_um",
          "field": 1,
          "wavelength": 1,
          "unit": "um",
          "target": 0,
          "scale": 30,
          "weight": 2
        },
        {
          "metric": "mtf",
          "field": 1,
          "wavelength": 1,
          "frequency": 20,
          "axis": "tangential",
          "unit": "1",
          "target": 1,
          "scale": 1,
          "weight": 1
        },
        {
          "metric": "mtf",
          "field": 1,
          "wavelength": 1,
          "frequency": 20,
          "axis": "sagittal",
          "unit": "1",
          "target": 1,
          "scale": 1,
          "weight": 1
        }
      ]
    },
    "budget": {
      "max_evaluations": 41,
      "timeout_s": 300
    },
    "analysis": {
      "sampling": 64,
      "use_polarization": false
    },
    "minimum_gain": 0.001
  },
  "variables": {
    "schema": "1",
    "variables": [
      {
        "surface": 1,
        "parameter": "radius_mm",
        "min_mm": 48,
        "max_mm": 52
      },
      {
        "surface": 2,
        "parameter": "thickness_mm",
        "min_mm": 44,
        "max_mm": 51
      }
    ]
  },
  "baseline": {
    "kind": "baseline",
    "parameters_mm": [
      50.0,
      60.0
    ],
    "inspection": {
      "engine": {
        "name": "Optiland",
        "version": "0.6.2"
      },
      "focus_mm": 60.0,
      "invariants": {
        "version": 1.0,
        "name": "Synthetic N-BK7 singlet matching defocused-singlet.zmx prescription",
        "aperture": {
          "type": "EPD",
          "value": 10
        },
        "fields": {
          "fields": [
            {
              "x": 0.0,
              "y": 0,
              "vx": 0.0,
              "vy": 0.0,
              "weight": 1.0
            }
          ],
          "telecentric": false,
          "field_definition": {
            "field_type": "AngleField"
          }
        },
        "wavelengths": {
          "wavelengths": [
            {
              "value": 0.55,
              "is_primary": true,
              "unit": "um",
              "weight": 1.0
            }
          ],
          "polarization": "ignore"
        },
        "apodization": null,
        "pickups": [],
        "solves": {
          "solves": []
        },
        "surface_group": {
          "surfaces": [
            {
              "type": "ObjectSurface",
              "geometry": {
                "type": "Plane",
                "cs": {
                  "x": 0.0,
                  "y": 0.0,
                  "z": "-Infinity",
                  "rx": 0.0,
                  "ry": 0.0,
                  "rz": 0.0,
                  "reference_cs": null
                },
                "radius": "Infinity"
              },
              "material_post": {
                "type": "IdealMaterial",
                "propagation_model": {
                  "class": "HomogeneousPropagation"
                },
                "index": 1.0,
                "absorp": 0.0
              },
              "comment": ""
            },
            {
              "type": "Surface",
              "thickness": 5,
              "geometry": {
                "type": "StandardGeometry",
                "cs": {
                  "x": 0.0,
                  "y": 0.0,
                  "z": 0.0,
                  "rx": 0.0,
                  "ry": 0.0,
                  "rz": 0.0,
                  "reference_cs": null
                },
                "radius": 50.0,
                "conic": 0.0
              },
              "material_post": {
                "type": "Material",
                "propagation_model": {
                  "class": "HomogeneousPropagation"
                },
                "filename": "C:\\Users\\erict\\AppData\\Local\\uv\\cache\\archive-v0\\1oTiDYYjy2XEHm8e\\Lib\\site-packages\\optiland\\database\\data-nk\\glass\\schott\\N-BK7.yml",
                "name": "N-BK7",
                "reference": null,
                "catalog": "schott",
                "match_policy": "strict",
                "robust_search": null,
                "min_wavelength": null,
                "max_wavelength": null
              },
              "is_stop": true,
              "aperture": null,
              "comment": "",
              "interaction_model": {
                "type": "RefractiveReflectiveModel",
                "is_reflective": false,
                "coating": null,
                "bsdf": null
              }
            },
            {
              "type": "Surface",
              "geometry": {
                "type": "StandardGeometry",
                "cs": {
                  "x": 0.0,
                  "y": 0.0,
                  "z": 5.0,
                  "rx": 0.0,
                  "ry": 0.0,
                  "rz": 0.0,
                  "reference_cs": null
                },
                "radius": -50.0,
                "conic": 0.0
              },
              "material_post": {
                "type": "IdealMaterial",
                "propagation_model": {
                  "class": "HomogeneousPropagation"
                },
                "index": 1.0,
                "absorp": 0.0
              },
              "is_stop": false,
              "aperture": null,
              "comment": "",
              "interaction_model": {
                "type": "RefractiveReflectiveModel",
                "is_reflective": false,
                "coating": null,
                "bsdf": null
              }
            },
            {
              "type": "Surface",
              "thickness": 0.0,
              "geometry": {
                "type": "Plane",
                "cs": {
                  "x": 0.0,
                  "y": 0.0,
                  "rx": 0.0,
                  "ry": 0.0,
                  "rz": 0.0,
                  "reference_cs": null
                },
                "radius": "Infinity"
              },
              "material_post": {
                "type": "IdealMaterial",
                "propagation_model": {
                  "class": "HomogeneousPropagation"
                },
                "index": 1.0,
                "absorp": 0.0
              },
              "is_stop": false,
              "aperture": null,
              "comment": "",
              "interaction_model": {
                "type": "RefractiveReflectiveModel",
                "is_reflective": false,
                "coating": null,
                "bsdf": null
              }
            }
          ]
        },
        "ray_tracer": {
          "ray_aiming_config": {
            "mode": "paraxial",
            "max_iter": 10,
            "tol": 1e-06
          }
        }
      },
      "prescription": [
        {
          "index": 0,
          "is_image": false,
          "radius_mm": "Infinity",
          "thickness_mm": null
        },
        {
          "index": 1,
          "is_image": false,
          "radius_mm": 50.0,
          "thickness_mm": 5
        },
        {
          "index": 2,
          "is_image": false,
          "radius_mm": -50.0,
          "thickness_mm": 60
        },
        {
          "index": 3,
          "is_image": true,
          "radius_mm": "Infinity",
          "thickness_mm": 0.0
        }
      ],
      "surfaces": [
        {
          "index": 0,
          "is_image": false,
          "radius_mm": "Infinity",
          "thickness_mm": null
        },
        {
          "index": 1,
          "is_image": false,
          "radius_mm": 50.0,
          "thickness_mm": 5
        },
        {
          "index": 2,
          "is_image": false,
          "radius_mm": -50.0,
          "thickness_mm": 60
        },
        {
          "index": 3,
          "is_image": true,
          "radius_mm": "Infinity",
          "thickness_mm": 0.0
        }
      ],
      "axial_positions_mm": [
        "-Infinity",
        0.0,
        5.0,
        65.0
      ],
      "image_surface": 3,
      "import_restrictions": {
        "format": "Optiland native JSON",
        "restrictions": "Centered spherical/plane refractive surfaces in air; EPD; meridional angle fields; millimetres; scalar analysis; no solves, pickups, configurations, coatings, scattering, apodization or unsupported directives. Catalog glass requires an explicit catalog and exact material lookup. Native JSON export only."
      }
    },
    "measurements": [
      {
        "metric": "efl_mm",
        "value": 49.05139286997028,
        "unit": "mm",
        "analysis": {
          "sampling": 64,
          "use_polarization": false,
          "wavelength": 1,
          "wavelength_um": 0.55
        }
      },
      {
        "metric": "total_track_mm",
        "value": 65.0,
        "unit": "mm",
        "analysis": {
          "sampling": 64,
          "use_polarization": false
        }
      },
      {
        "metric": "rms_spot_um",
        "field": 1,
        "wavelength": 1,
        "value": 989.5399128857971,
        "unit": "um",
        "analysis": {
          "sampling": 64,
          "use_polarization": false,
          "field_xy_deg": [
            0.0,
            0.0
          ],
          "wavelength_um": 0.55,
          "scalar": true,
          "sampled_rays": 817,
          "transmitted_rays": 817,
          "method": "geometric RMS radius about centroid",
          "distribution": "hexapolar",
          "num_rings": 16
        }
      },
      {
        "metric": "mtf",
        "field": 1,
        "wavelength": 1,
        "frequency": 20,
        "axis": "tangential",
        "value": 0.011934435850588815,
        "unit": "1",
        "analysis": {
          "sampling": 64,
          "use_polarization": false,
          "field_xy_deg": [
            0.0,
            0.0
          ],
          "wavelength_um": 0.55,
          "scalar": true,
          "method": "scalar FFT MTF",
          "interpolation": "linear, no extrapolation",
          "frequency_range_cyc_per_mm": [
            0.0,
            535.965602730662
          ]
        }
      },
      {
        "metric": "mtf",
        "field": 1,
        "wavelength": 1,
        "frequency": 20,
        "axis": "sagittal",
        "value": 0.011934435850734781,
        "unit": "1",
        "analysis": {
          "sampling": 64,
          "use_polarization": false,
          "field_xy_deg": [
            0.0,
            0.0
          ],
          "wavelength_um": 0.55,
          "scalar": true,
          "method": "scalar FFT MTF",
          "interpolation": "linear, no extrapolation",
          "frequency_range_cyc_per_mm": [
            0.0,
            535.965602730662
          ]
        }
      }
    ],
    "assessment": {
      "passes": false,
      "requirements": [
        {
          "id": "focal-length",
          "key": "efl_mm",
          "requirement": {
            "id": "focal-length",
            "metric": "efl_mm",
            "unit": "mm",
            "min": 48,
            "max": 51
          },
          "status": "pass",
          "value": 49.05139286997028,
          "unit": "mm"
        },
        {
          "id": "track",
          "key": "total_track_mm",
          "requirement": {
            "id": "track",
            "metric": "total_track_mm",
            "unit": "mm",
            "max": 65
          },
          "status": "pass",
          "value": 65.0,
          "unit": "mm"
        },
        {
          "id": "spot",
          "key": "rms_spot_um|f=1|w=1",
          "requirement": {
            "id": "spot",
            "metric": "rms_spot_um",
            "field": 1,
            "wavelength": 1,
            "unit": "um",
            "max": 30
          },
          "status": "fail",
          "value": 989.5399128857971,
          "unit": "um"
        },
        {
          "id": "contrast-t",
          "key": "mtf|f=1|w=1|nu=20|axis=tangential",
          "requirement": {
            "id": "contrast-t",
            "metric": "mtf",
            "field": 1,
            "wavelength": 1,
            "frequency": 20,
            "axis": "tangential",
            "unit": "1",
            "min": 0.3
          },
          "status": "fail",
          "value": 0.011934435850588815,
          "unit": "1"
        },
        {
          "id": "contrast-s",
          "key": "mtf|f=1|w=1|nu=20|axis=sagittal",
          "requirement": {
            "id": "contrast-s",
            "metric": "mtf",
            "field": 1,
            "wavelength": 1,
            "frequency": 20,
            "axis": "sagittal",
            "unit": "1",
            "min": 0.3
          },
          "status": "fail",
          "value": 0.011934435850734781,
          "unit": "1"
        }
      ]
    },
    "objective_breakdown": {
      "aggregation": "weighted_rms",
      "direction": "minimize",
      "value": 20.871768483229914,
      "unit": "1",
      "terms": [
        {
          "metric": "efl_mm",
          "key": "efl_mm",
          "unit": "mm",
          "value": 49.05139286997028,
          "target": 50,
          "scale": 2,
          "weight": 1,
          "normalized_residual": -0.4743035650148606,
          "weighted_residual": -0.21211500266874386
        },
        {
          "metric": "rms_spot_um",
          "field": 1,
          "wavelength": 1,
          "key": "rms_spot_um|f=1|w=1",
          "unit": "um",
          "value": 989.5399128857971,
          "target": 0,
          "scale": 30,
          "weight": 2,
          "normalized_residual": 32.9846637628599,
          "weighted_residual": 20.86133306909147
        },
        {
          "metric": "mtf",
          "field": 1,
          "wavelength": 1,
          "frequency": 20,
          "axis": "tangential",
          "key": "mtf|f=1|w=1|nu=20|axis=tangential",
          "unit": "1",
          "value": 0.011934435850588815,
          "target": 1,
          "scale": 1,
          "weight": 1,
          "normalized_residual": -0.9880655641494112,
          "weighted_residual": -0.4418763535329525
        },
        {
          "metric": "mtf",
          "field": 1,
          "wavelength": 1,
          "frequency": 20,
          "axis": "sagittal",
          "key": "mtf|f=1|w=1|nu=20|axis=sagittal",
          "unit": "1",
          "value": 0.011934435850734781,
          "target": 1,
          "scale": 1,
          "weight": 1,
          "normalized_residual": -0.9880655641492653,
          "weighted_residual": -0.44187635353288723
        }
      ]
    },
    "objective_value": 20.871768483229914
  },
  "candidate": {
    "kind": "saved_reload_verification",
    "parameters_mm": [
      51.2890625,
      47.5
    ],
    "inspection": {
      "engine": {
        "name": "Optiland",
        "version": "0.6.2"
      },
      "focus_mm": 47.5,
      "invariants": {
        "version": 1.0,
        "name": "Synthetic N-BK7 singlet matching defocused-singlet.zmx prescription",
        "aperture": {
          "type": "EPD",
          "value": 10
        },
        "fields": {
          "fields": [
            {
              "x": 0.0,
              "y": 0,
              "vx": 0.0,
              "vy": 0.0,
              "weight": 1.0
            }
          ],
          "telecentric": false,
          "field_definition": {
            "field_type": "AngleField"
          }
        },
        "wavelengths": {
          "wavelengths": [
            {
              "value": 0.55,
              "is_primary": true,
              "unit": "um",
              "weight": 1.0
            }
          ],
          "polarization": "ignore"
        },
        "apodization": null,
        "pickups": [],
        "solves": {
          "solves": []
        },
        "surface_group": {
          "surfaces": [
            {
              "type": "ObjectSurface",
              "geometry": {
                "type": "Plane",
                "cs": {
                  "x": 0.0,
                  "y": 0.0,
                  "z": "-Infinity",
                  "rx": 0.0,
                  "ry": 0.0,
                  "rz": 0.0,
                  "reference_cs": null
                },
                "radius": "Infinity"
              },
              "material_post": {
                "type": "IdealMaterial",
                "propagation_model": {
                  "class": "HomogeneousPropagation"
                },
                "index": 1.0,
                "absorp": 0.0
              },
              "comment": ""
            },
            {
              "type": "Surface",
              "thickness": 5,
              "geometry": {
                "type": "StandardGeometry",
                "cs": {
                  "x": 0.0,
                  "y": 0.0,
                  "z": 0.0,
                  "rx": 0.0,
                  "ry": 0.0,
                  "rz": 0.0,
                  "reference_cs": null
                },
                "radius": 51.2890625,
                "conic": 0.0
              },
              "material_post": {
                "type": "Material",
                "propagation_model": {
                  "class": "HomogeneousPropagation"
                },
                "filename": "C:\\Users\\erict\\AppData\\Local\\uv\\cache\\archive-v0\\1oTiDYYjy2XEHm8e\\Lib\\site-packages\\optiland\\database\\data-nk\\glass\\schott\\N-BK7.yml",
                "name": "N-BK7",
                "reference": null,
                "catalog": "schott",
                "match_policy": "strict",
                "robust_search": null,
                "min_wavelength": null,
                "max_wavelength": null
              },
              "is_stop": true,
              "aperture": null,
              "comment": "",
              "interaction_model": {
                "type": "RefractiveReflectiveModel",
                "is_reflective": false,
                "coating": null,
                "bsdf": null
              }
            },
            {
              "type": "Surface",
              "geometry": {
                "type": "StandardGeometry",
                "cs": {
                  "x": 0.0,
                  "y": 0.0,
                  "z": 5.0,
                  "rx": 0.0,
                  "ry": 0.0,
                  "rz": 0.0,
                  "reference_cs": null
                },
                "radius": -50.0,
                "conic": 0.0
              },
              "material_post": {
                "type": "IdealMaterial",
                "propagation_model": {
                  "class": "HomogeneousPropagation"
                },
                "index": 1.0,
                "absorp": 0.0
              },
              "is_stop": false,
              "aperture": null,
              "comment": "",
              "interaction_model": {
                "type": "RefractiveReflectiveModel",
                "is_reflective": false,
                "coating": null,
                "bsdf": null
              }
            },
            {
              "type": "Surface",
              "thickness": 0.0,
              "geometry": {
                "type": "Plane",
                "cs": {
                  "x": 0.0,
                  "y": 0.0,
                  "rx": 0.0,
                  "ry": 0.0,
                  "rz": 0.0,
                  "reference_cs": null
                },
                "radius": "Infinity"
              },
              "material_post": {
                "type": "IdealMaterial",
                "propagation_model": {
                  "class": "HomogeneousPropagation"
                },
                "index": 1.0,
                "absorp": 0.0
              },
              "is_stop": false,
              "aperture": null,
              "comment": "",
              "interaction_model": {
                "type": "RefractiveReflectiveModel",
                "is_reflective": false,
                "coating": null,
                "bsdf": null
              }
            }
          ]
        },
        "ray_tracer": {
          "ray_aiming_config": {
            "mode": "paraxial",
            "max_iter": 10,
            "tol": 1e-06
          }
        }
      },
      "prescription": [
        {
          "index": 0,
          "is_image": false,
          "radius_mm": "Infinity",
          "thickness_mm": null
        },
        {
          "index": 1,
          "is_image": false,
          "radius_mm": 51.2890625,
          "thickness_mm": 5
        },
        {
          "index": 2,
          "is_image": false,
          "radius_mm": -50.0,
          "thickness_mm": 47.5
        },
        {
          "index": 3,
          "is_image": true,
          "radius_mm": "Infinity",
          "thickness_mm": 0.0
        }
      ],
      "surfaces": [
        {
          "index": 0,
          "is_image": false,
          "radius_mm": "Infinity",
          "thickness_mm": null
        },
        {
          "index": 1,
          "is_image": false,
          "radius_mm": 51.2890625,
          "thickness_mm": 5
        },
        {
          "index": 2,
          "is_image": false,
          "radius_mm": -50.0,
          "thickness_mm": 47.5
        },
        {
          "index": 3,
          "is_image": true,
          "radius_mm": "Infinity",
          "thickness_mm": 0.0
        }
      ],
      "axial_positions_mm": [
        "-Infinity",
        0.0,
        5.0,
        52.5
      ],
      "image_surface": 3,
      "import_restrictions": {
        "format": "Optiland native JSON",
        "restrictions": "Centered spherical/plane refractive surfaces in air; EPD; meridional angle fields; millimetres; scalar analysis; no solves, pickups, configurations, coatings, scattering, apodization or unsupported directives. Catalog glass requires an explicit catalog and exact material lookup. Native JSON export only."
      }
    },
    "measurements": [
      {
        "metric": "efl_mm",
        "value": 49.66467014886242,
        "unit": "mm",
        "analysis": {
          "sampling": 64,
          "use_polarization": false,
          "wavelength": 1,
          "wavelength_um": 0.55
        }
      },
      {
        "metric": "total_track_mm",
        "value": 52.5,
        "unit": "mm",
        "analysis": {
          "sampling": 64,
          "use_polarization": false
        }
      },
      {
        "metric": "rms_spot_um",
        "field": 1,
        "wavelength": 1,
        "value": 15.095401573852323,
        "unit": "um",
        "analysis": {
          "sampling": 64,
          "use_polarization": false,
          "field_xy_deg": [
            0.0,
            0.0
          ],
          "wavelength_um": 0.55,
          "scalar": true,
          "sampled_rays": 817,
          "transmitted_rays": 817,
          "method": "geometric RMS radius about centroid",
          "distribution": "hexapolar",
          "num_rings": 16
        }
      },
      {
        "metric": "mtf",
        "field": 1,
        "wavelength": 1,
        "frequency": 20,
        "axis": "tangential",
        "value": 0.526743233005974,
        "unit": "1",
        "analysis": {
          "sampling": 64,
          "use_polarization": false,
          "field_xy_deg": [
            0.0,
            0.0
          ],
          "wavelength_um": 0.55,
          "scalar": true,
          "method": "scalar FFT MTF",
          "interpolation": "linear, no extrapolation",
          "frequency_range_cyc_per_mm": [
            0.0,
            529.2753064066362
          ]
        }
      },
      {
        "metric": "mtf",
        "field": 1,
        "wavelength": 1,
        "frequency": 20,
        "axis": "sagittal",
        "value": 0.526743233005974,
        "unit": "1",
        "analysis": {
          "sampling": 64,
          "use_polarization": false,
          "field_xy_deg": [
            0.0,
            0.0
          ],
          "wavelength_um": 0.55,
          "scalar": true,
          "method": "scalar FFT MTF",
          "interpolation": "linear, no extrapolation",
          "frequency_range_cyc_per_mm": [
            0.0,
            529.2753064066362
          ]
        }
      }
    ],
    "assessment": {
      "passes": true,
      "requirements": [
        {
          "id": "focal-length",
          "key": "efl_mm",
          "requirement": {
            "id": "focal-length",
            "metric": "efl_mm",
            "unit": "mm",
            "min": 48,
            "max": 51
          },
          "status": "pass",
          "value": 49.66467014886242,
          "unit": "mm"
        },
        {
          "id": "track",
          "key": "total_track_mm",
          "requirement": {
            "id": "track",
            "metric": "total_track_mm",
            "unit": "mm",
            "max": 65
          },
          "status": "pass",
          "value": 52.5,
          "unit": "mm"
        },
        {
          "id": "spot",
          "key": "rms_spot_um|f=1|w=1",
          "requirement": {
            "id": "spot",
            "metric": "rms_spot_um",
            "field": 1,
            "wavelength": 1,
            "unit": "um",
            "max": 30
          },
          "status": "pass",
          "value": 15.095401573852323,
          "unit": "um"
        },
        {
          "id": "contrast-t",
          "key": "mtf|f=1|w=1|nu=20|axis=tangential",
          "requirement": {
            "id": "contrast-t",
            "metric": "mtf",
            "field": 1,
            "wavelength": 1,
            "frequency": 20,
            "axis": "tangential",
            "unit": "1",
            "min": 0.3
          },
          "status": "pass",
          "value": 0.526743233005974,
          "unit": "1"
        },
        {
          "id": "contrast-s",
          "key": "mtf|f=1|w=1|nu=20|axis=sagittal",
          "requirement": {
            "id": "contrast-s",
            "metric": "mtf",
            "field": 1,
            "wavelength": 1,
            "frequency": 20,
            "axis": "sagittal",
            "unit": "1",
            "min": 0.3
          },
          "status": "pass",
          "value": 0.526743233005974,
          "unit": "1"
        }
      ]
    },
    "objective_breakdown": {
      "aggregation": "weighted_rms",
      "direction": "minimize",
      "value": 0.4432687204547757,
      "unit": "1",
      "terms": [
        {
          "metric": "efl_mm",
          "key": "efl_mm",
          "unit": "mm",
          "value": 49.66467014886242,
          "target": 50,
          "scale": 2,
          "weight": 1,
          "normalized_residual": -0.16766492556878987,
          "weighted_residual": -0.07498203420285135
        },
        {
          "metric": "rms_spot_um",
          "field": 1,
          "wavelength": 1,
          "key": "rms_spot_um|f=1|w=1",
          "unit": "um",
          "value": 15.095401573852323,
          "target": 0,
          "scale": 30,
          "weight": 2,
          "normalized_residual": 0.5031800524617441,
          "weighted_residual": 0.31823900778842534
        },
        {
          "metric": "mtf",
          "field": 1,
          "wavelength": 1,
          "frequency": 20,
          "axis": "tangential",
          "key": "mtf|f=1|w=1|nu=20|axis=tangential",
          "unit": "1",
          "value": 0.526743233005974,
          "target": 1,
          "scale": 1,
          "weight": 1,
          "normalized_residual": -0.47325676699402597,
          "weighted_residual": -0.21164686036208416
        },
        {
          "metric": "mtf",
          "field": 1,
          "wavelength": 1,
          "frequency": 20,
          "axis": "sagittal",
          "key": "mtf|f=1|w=1|nu=20|axis=sagittal",
          "unit": "1",
          "value": 0.526743233005974,
          "target": 1,
          "scale": 1,
          "weight": 1,
          "normalized_residual": -0.47325676699402597,
          "weighted_residual": -0.21164686036208416
        }
      ]
    },
    "objective_value": 0.4432687204547757
  },
  "history": [
    {
      "kind": "baseline",
      "parameters_mm": [
        50.0,
        60.0
      ],
      "inspection": {
        "engine": {
          "name": "Optiland",
          "version": "0.6.2"
        },
        "focus_mm": 60.0,
        "invariants": {
          "version": 1.0,
          "name": "Synthetic N-BK7 singlet matching defocused-singlet.zmx prescription",
          "aperture": {
            "type": "EPD",
            "value": 10
          },
          "fields": {
            "fields": [
              {
                "x": 0.0,
                "y": 0,
                "vx": 0.0,
                "vy": 0.0,
                "weight": 1.0
              }
            ],
            "telecentric": false,
            "field_definition": {
              "field_type": "AngleField"
            }
          },
          "wavelengths": {
            "wavelengths": [
              {
                "value": 0.55,
                "is_primary": true,
                "unit": "um",
                "weight": 1.0
              }
            ],
            "polarization": "ignore"
          },
          "apodization": null,
          "pickups": [],
          "solves": {
            "solves": []
          },
          "surface_group": {
            "surfaces": [
              {
                "type": "ObjectSurface",
                "geometry": {
                  "type": "Plane",
                  "cs": {
                    "x": 0.0,
                    "y": 0.0,
                    "z": "-Infinity",
                    "rx": 0.0,
                    "ry": 0.0,
                    "rz": 0.0,
                    "reference_cs": null
                  },
                  "radius": "Infinity"
                },
                "material_post": {
                  "type": "IdealMaterial",
                  "propagation_model": {
                    "class": "HomogeneousPropagation"
                  },
                  "index": 1.0,
                  "absorp": 0.0
                },
                "comment": ""
              },
              {
                "type": "Surface",
                "thickness": 5,
                "geometry": {
                  "type": "StandardGeometry",
                  "cs": {
                    "x": 0.0,
                    "y": 0.0,
                    "z": 0.0,
                    "rx": 0.0,
                    "ry": 0.0,
                    "rz": 0.0,
                    "reference_cs": null
                  },
                  "radius": 50.0,
                  "conic": 0.0
                },
                "material_post": {
                  "type": "Material",
                  "propagation_model": {
                    "class": "HomogeneousPropagation"
                  },
                  "filename": "C:\\Users\\erict\\AppData\\Local\\uv\\cache\\archive-v0\\1oTiDYYjy2XEHm8e\\Lib\\site-packages\\optiland\\database\\data-nk\\glass\\schott\\N-BK7.yml",
                  "name": "N-BK7",
                  "reference": null,
                  "catalog": "schott",
                  "match_policy": "strict",
                  "robust_search": null,
                  "min_wavelength": null,
                  "max_wavelength": null
                },
                "is_stop": true,
                "aperture": null,
                "comment": "",
                "interaction_model": {
                  "type": "RefractiveReflectiveModel",
                  "is_reflective": false,
                  "coating": null,
                  "bsdf": null
                }
              },
              {
                "type": "Surface",
                "geometry": {
                  "type": "StandardGeometry",
                  "cs": {
                    "x": 0.0,
                    "y": 0.0,
                    "z": 5.0,
                    "rx": 0.0,
                    "ry": 0.0,
                    "rz": 0.0,
                    "reference_cs": null
                  },
                  "radius": -50.0,
                  "conic": 0.0
                },
                "material_post": {
                  "type": "IdealMaterial",
                  "propagation_model": {
                    "class": "HomogeneousPropagation"
                  },
                  "index": 1.0,
                  "absorp": 0.0
                },
                "is_stop": false,
                "aperture": null,
                "comment": "",
                "interaction_model": {
                  "type": "RefractiveReflectiveModel",
                  "is_reflective": false,
                  "coating": null,
                  "bsdf": null
                }
              },
              {
                "type": "Surface",
                "thickness": 0.0,
                "geometry": {
                  "type": "Plane",
                  "cs": {
                    "x": 0.0,
                    "y": 0.0,
                    "rx": 0.0,
                    "ry": 0.0,
                    "rz": 0.0,
                    "reference_cs": null
                  },
                  "radius": "Infinity"
                },
                "material_post": {
                  "type": "IdealMaterial",
                  "propagation_model": {
                    "class": "HomogeneousPropagation"
                  },
                  "index": 1.0,
                  "absorp": 0.0
                },
                "is_stop": false,
                "aperture": null,
                "comment": "",
                "interaction_model": {
                  "type": "RefractiveReflectiveModel",
                  "is_reflective": false,
                  "coating": null,
                  "bsdf": null
                }
              }
            ]
          },
          "ray_tracer": {
            "ray_aiming_config": {
              "mode": "paraxial",
              "max_iter": 10,
              "tol": 1e-06
            }
          }
        },
        "prescription": [
          {
            "index": 0,
            "is_image": false,
            "radius_mm": "Infinity",
            "thickness_mm": null
          },
          {
            "index": 1,
            "is_image": false,
            "radius_mm": 50.0,
            "thickness_mm": 5
          },
          {
            "index": 2,
            "is_image": false,
            "radius_mm": -50.0,
            "thickness_mm": 60
          },
          {
            "index": 3,
            "is_image": true,
            "radius_mm": "Infinity",
            "thickness_mm": 0.0
          }
        ],
        "surfaces": [
          {
            "index": 0,
            "is_image": false,
            "radius_mm": "Infinity",
            "thickness_mm": null
          },
          {
            "index": 1,
            "is_image": false,
            "radius_mm": 50.0,
            "thickness_mm": 5
          },
          {
            "index": 2,
            "is_image": false,
            "radius_mm": -50.0,
            "thickness_mm": 60
          },
          {
            "index": 3,
            "is_image": true,
            "radius_mm": "Infinity",
            "thickness_mm": 0.0
          }
        ],
        "axial_positions_mm": [
          "-Infinity",
          0.0,
          5.0,
          65.0
        ],
        "image_surface": 3,
        "import_restrictions": {
          "format": "Optiland native JSON",
          "restrictions": "Centered spherical/plane refractive surfaces in air; EPD; meridional angle fields; millimetres; scalar analysis; no solves, pickups, configurations, coatings, scattering, apodization or unsupported directives. Catalog glass requires an explicit catalog and exact material lookup. Native JSON export only."
        }
      },
      "measurements": [
        {
          "metric": "efl_mm",
          "value": 49.05139286997028,
          "unit": "mm",
          "analysis": {
            "sampling": 64,
            "use_polarization": false,
            "wavelength": 1,
            "wavelength_um": 0.55
          }
        },
        {
          "metric": "total_track_mm",
          "value": 65.0,
          "unit": "mm",
          "analysis": {
            "sampling": 64,
            "use_polarization": false
          }
        },
        {
          "metric": "rms_spot_um",
          "field": 1,
          "wavelength": 1,
          "value": 989.5399128857971,
          "unit": "um",
          "analysis": {
            "sampling": 64,
            "use_polarization": false,
            "field_xy_deg": [
              0.0,
              0.0
            ],
            "wavelength_um": 0.55,
            "scalar": true,
            "sampled_rays": 817,
            "transmitted_rays": 817,
            "method": "geometric RMS radius about centroid",
            "distribution": "hexapolar",
            "num_rings": 16
          }
        },
        {
          "metric": "mtf",
          "field": 1,
          "wavelength": 1,
          "frequency": 20,
          "axis": "tangential",
          "value": 0.011934435850588815,
          "unit": "1",
          "analysis": {
            "sampling": 64,
            "use_polarization": false,
            "field_xy_deg": [
              0.0,
              0.0
            ],
            "wavelength_um": 0.55,
            "scalar": true,
            "method": "scalar FFT MTF",
            "interpolation": "linear, no extrapolation",
            "frequency_range_cyc_per_mm": [
              0.0,
              535.965602730662
            ]
          }
        },
        {
          "metric": "mtf",
          "field": 1,
          "wavelength": 1,
          "frequency": 20,
          "axis": "sagittal",
          "value": 0.011934435850734781,
          "unit": "1",
          "analysis": {
            "sampling": 64,
            "use_polarization": false,
            "field_xy_deg": [
              0.0,
              0.0
            ],
            "wavelength_um": 0.55,
            "scalar": true,
            "method": "scalar FFT MTF",
            "interpolation": "linear, no extrapolation",
            "frequency_range_cyc_per_mm": [
              0.0,
              535.965602730662
            ]
          }
        }
      ],
      "assessment": {
        "passes": false,
        "requirements": [
          {
            "id": "focal-length",
            "key": "efl_mm",
            "requirement": {
              "id": "focal-length",
              "metric": "efl_mm",
              "unit": "mm",
              "min": 48,
              "max": 51
            },
            "status": "pass",
            "value": 49.05139286997028,
            "unit": "mm"
          },
          {
            "id": "track",
            "key": "total_track_mm",
            "requirement": {
              "id": "track",
              "metric": "total_track_mm",
              "unit": "mm",
              "max": 65
            },
            "status": "pass",
            "value": 65.0,
            "unit": "mm"
          },
          {
            "id": "spot",
            "key": "rms_spot_um|f=1|w=1",
            "requirement": {
              "id": "spot",
              "metric": "rms_spot_um",
              "field": 1,
              "wavelength": 1,
              "unit": "um",
              "max": 30
            },
            "status": "fail",
            "value": 989.5399128857971,
            "unit": "um"
          },
          {
            "id": "contrast-t",
            "key": "mtf|f=1|w=1|nu=20|axis=tangential",
            "requirement": {
              "id": "contrast-t",
              "metric": "mtf",
              "field": 1,
              "wavelength": 1,
              "frequency": 20,
              "axis": "tangential",
              "unit": "1",
              "min": 0.3
            },
            "status": "fail",
            "value": 0.011934435850588815,
            "unit": "1"
          },
          {
            "id": "contrast-s",
            "key": "mtf|f=1|w=1|nu=20|axis=sagittal",
            "requirement": {
              "id": "contrast-s",
              "metric": "mtf",
              "field": 1,
              "wavelength": 1,
              "frequency": 20,
              "axis": "sagittal",
              "unit": "1",
              "min": 0.3
            },
            "status": "fail",
            "value": 0.011934435850734781,
            "unit": "1"
          }
        ]
      },
      "objective_breakdown": {
        "aggregation": "weighted_rms",
        "direction": "minimize",
        "value": 20.871768483229914,
        "unit": "1",
        "terms": [
          {
            "metric": "efl_mm",
            "key": "efl_mm",
            "unit": "mm",
            "value": 49.05139286997028,
            "target": 50,
            "scale": 2,
            "weight": 1,
            "normalized_residual": -0.4743035650148606,
            "weighted_residual": -0.21211500266874386
          },
          {
            "metric": "rms_spot_um",
            "field": 1,
            "wavelength": 1,
            "key": "rms_spot_um|f=1|w=1",
            "unit": "um",
            "value": 989.5399128857971,
            "target": 0,
            "scale": 30,
            "weight": 2,
            "normalized_residual": 32.9846637628599,
            "weighted_residual": 20.86133306909147
          },
          {
            "metric": "mtf",
            "field": 1,
            "wavelength": 1,
            "frequency": 20,
            "axis": "tangential",
            "key": "mtf|f=1|w=1|nu=20|axis=tangential",
            "unit": "1",
            "value": 0.011934435850588815,
            "target": 1,
            "scale": 1,
            "weight": 1,
            "normalized_residual": -0.9880655641494112,
            "weighted_residual": -0.4418763535329525
          },
          {
            "metric": "mtf",
            "field": 1,
            "wavelength": 1,
            "frequency": 20,
            "axis": "sagittal",
            "key": "mtf|f=1|w=1|nu=20|axis=sagittal",
            "unit": "1",
            "value": 0.011934435850734781,
            "target": 1,
            "scale": 1,
            "weight": 1,
            "normalized_residual": -0.9880655641492653,
            "weighted_residual": -0.44187635353288723
          }
        ]
      },
      "objective_value": 20.871768483229914
    },
    {
      "kind": "search",
      "parameters_mm": [
        50.0,
        51.0
      ],
      "inspection": {
        "engine": {
          "name": "Optiland",
          "version": "0.6.2"
        },
        "focus_mm": 51.0,
        "invariants": {
          "version": 1.0,
          "name": "Synthetic N-BK7 singlet matching defocused-singlet.zmx prescription",
          "aperture": {
            "type": "EPD",
            "value": 10
          },
          "fields": {
            "fields": [
              {
                "x": 0.0,
                "y": 0,
                "vx": 0.0,
                "vy": 0.0,
                "weight": 1.0
              }
            ],
            "telecentric": false,
            "field_definition": {
              "field_type": "AngleField"
            }
          },
          "wavelengths": {
            "wavelengths": [
              {
                "value": 0.55,
                "is_primary": true,
                "unit": "um",
                "weight": 1.0
              }
            ],
            "polarization": "ignore"
          },
          "apodization": null,
          "pickups": [],
          "solves": {
            "solves": []
          },
          "surface_group": {
            "surfaces": [
              {
                "type": "ObjectSurface",
                "geometry": {
                  "type": "Plane",
                  "cs": {
                    "x": 0.0,
                    "y": 0.0,
                    "z": "-Infinity",
                    "rx": 0.0,
                    "ry": 0.0,
                    "rz": 0.0,
                    "reference_cs": null
                  },
                  "radius": "Infinity"
                },
                "material_post": {
                  "type": "IdealMaterial",
                  "propagation_model": {
                    "class": "HomogeneousPropagation"
                  },
                  "index": 1.0,
                  "absorp": 0.0
                },
                "comment": ""
              },
              {
                "type": "Surface",
                "thickness": 5,
                "geometry": {
                  "type": "StandardGeometry",
                  "cs": {
                    "x": 0.0,
                    "y": 0.0,
                    "z": 0.0,
                    "rx": 0.0,
                    "ry": 0.0,
                    "rz": 0.0,
                    "reference_cs": null
                  },
                  "radius": 50.0,
                  "conic": 0.0
                },
                "material_post": {
                  "type": "Material",
                  "propagation_model": {
                    "class": "HomogeneousPropagation"
                  },
                  "filename": "C:\\Users\\erict\\AppData\\Local\\uv\\cache\\archive-v0\\1oTiDYYjy2XEHm8e\\Lib\\site-packages\\optiland\\database\\data-nk\\glass\\schott\\N-BK7.yml",
                  "name": "N-BK7",
                  "reference": null,
                  "catalog": "schott",
                  "match_policy": "strict",
                  "robust_search": null,
                  "min_wavelength": null,
                  "max_wavelength": null
                },
                "is_stop": true,
                "aperture": null,
                "comment": "",
                "interaction_model": {
                  "type": "RefractiveReflectiveModel",
                  "is_reflective": false,
                  "coating": null,
                  "bsdf": null
                }
              },
              {
                "type": "Surface",
                "geometry": {
                  "type": "StandardGeometry",
                  "cs": {
                    "x": 0.0,
                    "y": 0.0,
                    "z": 5.0,
                    "rx": 0.0,
                    "ry": 0.0,
                    "rz": 0.0,
                    "reference_cs": null
                  },
                  "radius": -50.0,
                  "conic": 0.0
                },
                "material_post": {
                  "type": "IdealMaterial",
                  "propagation_model": {
                    "class": "HomogeneousPropagation"
                  },
                  "index": 1.0,
                  "absorp": 0.0
                },
                "is_stop": false,
                "aperture": null,
                "comment": "",
                "interaction_model": {
                  "type": "RefractiveReflectiveModel",
                  "is_reflective": false,
                  "coating": null,
                  "bsdf": null
                }
              },
              {
                "type": "Surface",
                "thickness": 0.0,
                "geometry": {
                  "type": "Plane",
                  "cs": {
                    "x": 0.0,
                    "y": 0.0,
                    "rx": 0.0,
                    "ry": 0.0,
                    "rz": 0.0,
                    "reference_cs": null
                  },
                  "radius": "Infinity"
                },
                "material_post": {
                  "type": "IdealMaterial",
                  "propagation_model": {
                    "class": "HomogeneousPropagation"
                  },
                  "index": 1.0,
                  "absorp": 0.0
                },
                "is_stop": false,
                "aperture": null,
                "comment": "",
                "interaction_model": {
                  "type": "RefractiveReflectiveModel",
                  "is_reflective": false,
                  "coating": null,
                  "bsdf": null
                }
              }
            ]
          },
          "ray_tracer": {
            "ray_aiming_config": {
              "mode": "paraxial",
              "max_iter": 10,
              "tol": 1e-06
            }
          }
        },
        "prescription": [
          {
            "index": 0,
            "is_image": false,
            "radius_mm": "Infinity",
            "thickness_mm": null
          },
          {
            "index": 1,
            "is_image": false,
            "radius_mm": 50.0,
            "thickness_mm": 5
          },
          {
            "index": 2,
            "is_image": false,
            "radius_mm": -50.0,
            "thickness_mm": 51.0
          },
          {
            "index": 3,
            "is_image": true,
            "radius_mm": "Infinity",
            "thickness_mm": 0.0
          }
        ],
        "surfaces": [
          {
            "index": 0,
            "is_image": false,
            "radius_mm": "Infinity",
            "thickness_mm": null
          },
          {
            "index": 1,
            "is_image": false,
            "radius_mm": 50.0,
            "thickness_mm": 5
          },
          {
            "index": 2,
            "is_image": false,
            "radius_mm": -50.0,
            "thickness_mm": 51.0
          },
          {
            "index": 3,
            "is_image": true,
            "radius_mm": "Infinity",
            "thickness_mm": 0.0
          }
        ],
        "axial_positions_mm": [
          "-Infinity",
          0.0,
          5.0,
          56.0
        ],
        "image_surface": 3,
        "import_restrictions": {
          "format": "Optiland native JSON",
          "restrictions": "Centered spherical/plane refractive surfaces in air; EPD; meridional angle fields; millimetres; scalar analysis; no solves, pickups, configurations, coatings, scattering, apodization or unsupported directives. Catalog glass requires an explicit catalog and exact material lookup. Native JSON export only."
        }
      },
      "measurements": [
        {
          "metric": "efl_mm",
          "value": 49.05139286997028,
          "unit": "mm",
          "analysis": {
            "sampling": 64,
            "use_polarization": false,
            "wavelength": 1,
            "wavelength_um": 0.55
          }
        },
        {
          "metric": "total_track_mm",
          "value": 56.0,
          "unit": "mm",
          "analysis": {
            "sampling": 64,
            "use_polarization": false
          }
        },
        {
          "metric": "rms_spot_um",
          "field": 1,
          "wavelength": 1,
          "value": 314.3452412258407,
          "unit": "um",
          "analysis": {
            "sampling": 64,
            "use_polarization": false,
            "field_xy_deg": [
              0.0,
              0.0
            ],
            "wavelength_um": 0.55,
            "scalar": true,
            "sampled_rays": 817,
            "transmitted_rays": 817,
            "method": "geometric RMS radius about centroid",
            "distribution": "hexapolar",
            "num_rings": 16
          }
        },
        {
          "metric": "mtf",
          "field": 1,
          "wavelength": 1,
          "frequency": 20,
          "axis": "tangential",
          "value": 0.002223170749896681,
          "unit": "1",
          "analysis": {
            "sampling": 64,
            "use_polarization": false,
            "field_xy_deg": [
              0.0,
              0.0
            ],
            "wavelength_um": 0.55,
            "scalar": true,
            "method": "scalar FFT MTF",
            "interpolation": "linear, no extrapolation",
            "frequency_range_cyc_per_mm": [
              0.0,
              535.965602730662
            ]
          }
        },
        {
          "metric": "mtf",
          "field": 1,
          "wavelength": 1,
          "frequency": 20,
          "axis": "sagittal",
          "value": 0.002223170748619364,
          "unit": "1",
          "analysis": {
            "sampling": 64,
            "use_polarization": false,
            "field_xy_deg": [
              0.0,
              0.0
            ],
            "wavelength_um": 0.55,
            "scalar": true,
            "method": "scalar FFT MTF",
            "interpolation": "linear, no extrapolation",
            "frequency_range_cyc_per_mm": [
              0.0,
              535.965602730662
            ]
          }
        }
      ],
      "assessment": {
        "passes": false,
        "requirements": [
          {
            "id": "focal-length",
            "key": "efl_mm",
            "requirement": {
              "id": "focal-length",
              "metric": "efl_mm",
              "unit": "mm",
              "min": 48,
              "max": 51
            },
            "status": "pass",
            "value": 49.05139286997028,
            "unit": "mm"
          },
          {
            "id": "track",
            "key": "total_track_mm",
            "requirement": {
              "id": "track",
              "metric": "total_track_mm",
              "unit": "mm",
              "max": 65
            },
            "status": "pass",
            "value": 56.0,
            "unit": "mm"
          },
          {
            "id": "spot",
            "key": "rms_spot_um|f=1|w=1",
            "requirement": {
              "id": "spot",
              "metric": "rms_spot_um",
              "field": 1,
              "wavelength": 1,
              "unit": "um",
              "max": 30
            },
            "status": "fail",
            "value": 314.3452412258407,
            "unit": "um"
          },
          {
            "id": "contrast-t",
            "key": "mtf|f=1|w=1|nu=20|axis=tangential",
            "requirement": {
              "id": "contrast-t",
              "metric": "mtf",
              "field": 1,
              "wavelength": 1,
              "frequency": 20,
              "axis": "tangential",
              "unit": "1",
              "min": 0.3
            },
            "status": "fail",
            "value": 0.002223170749896681,
            "unit": "1"
          },
          {
            "id": "contrast-s",
            "key": "mtf|f=1|w=1|nu=20|axis=sagittal",
            "requirement": {
              "id": "contrast-s",
              "metric": "mtf",
              "field": 1,
              "wavelength": 1,
              "frequency": 20,
              "axis": "sagittal",
              "unit": "1",
              "min": 0.3
            },
            "status": "fail",
            "value": 0.002223170748619364,
            "unit": "1"
          }
        ]
      },
      "objective_breakdown": {
        "aggregation": "weighted_rms",
        "direction": "minimize",
        "value": 6.660335899588325,
        "unit": "1",
        "terms": [
          {
            "metric": "efl_mm",
            "key": "efl_mm",
            "unit": "mm",
            "value": 49.05139286997028,
            "target": 50,
            "scale": 2,
            "weight": 1,
            "normalized_residual": -0.4743035650148606,
            "weighted_residual": -0.21211500266874386
          },
          {
            "metric": "rms_spot_um",
            "field": 1,
            "wavelength": 1,
            "key": "rms_spot_um|f=1|w=1",
            "unit": "um",
            "value": 314.3452412258407,
            "target": 0,
            "scale": 30,
            "weight": 2,
            "normalized_residual": 10.478174707528023,
            "weighted_residual": 6.626979559391442
          },
          {
            "metric": "mtf",
            "field": 1,
            "wavelength": 1,
            "frequency": 20,
            "axis": "tangential",
            "key": "mtf|f=1|w=1|nu=20|axis=tangential",
            "unit": "1",
            "value": 0.002223170749896681,
            "target": 1,
            "scale": 1,
            "weight": 1,
            "normalized_residual": -0.9977768292501034,
            "weighted_residual": -0.44621936331548634
          },
          {
            "metric": "mtf",
            "field": 1,
            "wavelength": 1,
            "frequency": 20,
            "axis": "sagittal",
            "key": "mtf|f=1|w=1|nu=20|axis=sagittal",
            "unit": "1",
            "value": 0.002223170748619364,
            "target": 1,
            "scale": 1,
            "weight": 1,
            "normalized_residual": -0.9977768292513807,
            "weighted_residual": -0.44621936331605755
          }
        ]
      },
      "objective_value": 6.660335899588325
    },
    {
      "kind": "search",
      "parameters_mm": [
        50.0,
        47.5
      ],
      "inspection": {
        "engine": {
          "name": "Optiland",
          "version": "0.6.2"
        },
        "focus_mm": 47.5,
        "invariants": {
          "version": 1.0,
          "name": "Synthetic N-BK7 singlet matching defocused-singlet.zmx prescription",
          "aperture": {
            "type": "EPD",
            "value": 10
          },
          "fields": {
            "fields": [
              {
                "x": 0.0,
                "y": 0,
                "vx": 0.0,
                "vy": 0.0,
                "weight": 1.0
              }
            ],
            "telecentric": false,
            "field_definition": {
              "field_type": "AngleField"
            }
          },
          "wavelengths": {
            "wavelengths": [
              {
                "value": 0.55,
                "is_primary": true,
                "unit": "um",
                "weight": 1.0
              }
            ],
            "polarization": "ignore"
          },
          "apodization": null,
          "pickups": [],
          "solves": {
            "solves": []
          },
          "surface_group": {
            "surfaces": [
              {
                "type": "ObjectSurface",
                "geometry": {
                  "type": "Plane",
                  "cs": {
                    "x": 0.0,
                    "y": 0.0,
                    "z": "-Infinity",
                    "rx": 0.0,
                    "ry": 0.0,
                    "rz": 0.0,
                    "reference_cs": null
                  },
                  "radius": "Infinity"
                },
                "material_post": {
                  "type": "IdealMaterial",
                  "propagation_model": {
                    "class": "HomogeneousPropagation"
                  },
                  "index": 1.0,
                  "absorp": 0.0
                },
                "comment": ""
              },
              {
                "type": "Surface",
                "thickness": 5,
                "geometry": {
                  "type": "StandardGeometry",
                  "cs": {
                    "x": 0.0,
                    "y": 0.0,
                    "z": 0.0,
                    "rx": 0.0,
                    "ry": 0.0,
                    "rz": 0.0,
                    "reference_cs": null
                  },
                  "radius": 50.0,
                  "conic": 0.0
                },
                "material_post": {
                  "type": "Material",
                  "propagation_model": {
                    "class": "HomogeneousPropagation"
                  },
                  "filename": "C:\\Users\\erict\\AppData\\Local\\uv\\cache\\archive-v0\\1oTiDYYjy2XEHm8e\\Lib\\site-packages\\optiland\\database\\data-nk\\glass\\schott\\N-BK7.yml",
                  "name": "N-BK7",
                  "reference": null,
                  "catalog": "schott",
                  "match_policy": "strict",
                  "robust_search": null,
                  "min_wavelength": null,
                  "max_wavelength": null
                },
                "is_stop": true,
                "aperture": null,
                "comment": "",
                "interaction_model": {
                  "type": "RefractiveReflectiveModel",
                  "is_reflective": false,
                  "coating": null,
                  "bsdf": null
                }
              },
              {
                "type": "Surface",
                "geometry": {
                  "type": "StandardGeometry",
                  "cs": {
                    "x": 0.0,
                    "y": 0.0,
                    "z": 5.0,
                    "rx": 0.0,
                    "ry": 0.0,
                    "rz": 0.0,
                    "reference_cs": null
                  },
                  "radius": -50.0,
                  "conic": 0.0
                },
                "material_post": {
                  "type": "IdealMaterial",
                  "propagation_model": {
                    "class": "HomogeneousPropagation"
                  },
                  "index": 1.0,
                  "absorp": 0.0
                },
                "is_stop": false,
                "aperture": null,
                "comment": "",
                "interaction_model": {
                  "type": "RefractiveReflectiveModel",
                  "is_reflective": false,
                  "coating": null,
                  "bsdf": null
                }
              },
              {
                "type": "Surface",
                "thickness": 0.0,
                "geometry": {
                  "type": "Plane",
                  "cs": {
                    "x": 0.0,
                    "y": 0.0,
                    "rx": 0.0,
                    "ry": 0.0,
                    "rz": 0.0,
                    "reference_cs": null
                  },
                  "radius": "Infinity"
                },
                "material_post": {
                  "type": "IdealMaterial",
                  "propagation_model": {
                    "class": "HomogeneousPropagation"
                  },
                  "index": 1.0,
                  "absorp": 0.0
                },
                "is_stop": false,
                "aperture": null,
                "comment": "",
                "interaction_model": {
                  "type": "RefractiveReflectiveModel",
                  "is_reflective": false,
                  "coating": null,
                  "bsdf": null
                }
              }
            ]
          },
          "ray_tracer": {
            "ray_aiming_config": {
              "mode": "paraxial",
              "max_iter": 10,
              "tol": 1e-06
            }
          }
        },
        "prescription": [
          {
            "index": 0,
            "is_image": false,
            "radius_mm": "Infinity",
            "thickness_mm": null
          },
          {
            "index": 1,
            "is_image": false,
            "radius_mm": 50.0,
            "thickness_mm": 5
          },
          {
            "index": 2,
            "is_image": false,
            "radius_mm": -50.0,
            "thickness_mm": 47.5
          },
          {
            "index": 3,
            "is_image": true,
            "radius_mm": "Infinity",
            "thickness_mm": 0.0
          }
        ],
        "surfaces": [
          {
            "index": 0,
            "is_image": false,
            "radius_mm": "Infinity",
            "thickness_mm": null
          },
          {
            "index": 1,
            "is_image": false,
            "radius_mm": 50.0,
            "thickness_mm": 5
          },
          {
            "index": 2,
            "is_image": false,
            "radius_mm": -50.0,
            "thickness_mm": 47.5
          },
          {
            "index": 3,
            "is_image": true,
            "radius_mm": "Infinity",
            "thickness_mm": 0.0
          }
        ],
        "axial_positions_mm": [
          "-Infinity",
          0.0,
          5.0,
          52.5
        ],
        "image_surface": 3,
        "import_restrictions": {
          "format": "Optiland native JSON",
          "restrictions": "Centered spherical/plane refractive surfaces in air; EPD; meridional angle fields; millimetres; scalar analysis; no solves, pickups, configurations, coatings, scattering, apodization or unsupported directives. Catalog glass requires an explicit catalog and exact material lookup. Native JSON export only."
        }
      },
      "measurements": [
        {
          "metric": "efl_mm",
          "value": 49.05139286997028,
          "unit": "mm",
          "analysis": {
            "sampling": 64,
            "use_polarization": false,
            "wavelength": 1,
            "wavelength_um": 0.55
          }
        },
        {
          "metric": "total_track_mm",
          "value": 52.5,
          "unit": "mm",
          "analysis": {
            "sampling": 64,
            "use_polarization": false
          }
        },
        {
          "metric": "rms_spot_um",
          "field": 1,
          "wavelength": 1,
          "value": 53.42241900692049,
          "unit": "um",
          "analysis": {
            "sampling": 64,
            "use_polarization": false,
            "field_xy_deg": [
              0.0,
              0.0
            ],
            "wavelength_um": 0.55,
            "scalar": true,
            "sampled_rays": 817,
            "transmitted_rays": 817,
            "method": "geometric RMS radius about centroid",
            "distribution": "hexapolar",
            "num_rings": 16
          }
        },
        {
          "metric": "mtf",
          "field": 1,
          "wavelength": 1,
          "frequency": 20,
          "axis": "tangential",
          "value": 0.14750198019992114,
          "unit": "1",
          "analysis": {
            "sampling": 64,
            "use_polarization": false,
            "field_xy_deg": [
              0.0,
              0.0
            ],
            "wavelength_um": 0.55,
            "scalar": true,
            "method": "scalar FFT MTF",
            "interpolation": "linear, no extrapolation",
            "frequency_range_cyc_per_mm": [
              0.0,
              535.965602730662
            ]
          }
        },
        {
          "metric": "mtf",
          "field": 1,
          "wavelength": 1,
          "frequency": 20,
          "axis": "sagittal",
          "value": 0.14750198019992114,
          "unit": "1",
          "analysis": {
            "sampling": 64,
            "use_polarization": false,
            "field_xy_deg": [
              0.0,
              0.0
            ],
            "wavelength_um": 0.55,
            "scalar": true,
            "method": "scalar FFT MTF",
            "interpolation": "linear, no extrapolation",
            "frequency_range_cyc_per_mm": [
              0.0,
              535.965602730662
            ]
          }
        }
      ],
      "assessment": {
        "passes": false,
        "requirements": [
          {
            "id": "focal-length",
            "key": "efl_mm",
            "requirement": {
              "id": "focal-length",
              "metric": "efl_mm",
              "unit": "mm",
              "min": 48,
              "max": 51
            },
            "status": "pass",
            "value": 49.05139286997028,
            "unit": "mm"
          },
          {
            "id": "track",
            "key": "total_track_mm",
            "requirement": {
              "id": "track",
              "metric": "total_track_mm",
              "unit": "mm",
              "max": 65
            },
            "status": "pass",
            "value": 52.5,
            "unit": "mm"
          },
          {
            "id": "spot",
            "key": "rms_spot_um|f=1|w=1",
            "requirement": {
              "id": "spot",
              "metric": "rms_spot_um",
              "field": 1,
              "wavelength": 1,
              "unit": "um",
              "max": 30
            },
            "status": "fail",
            "value": 53.42241900692049,
            "unit": "um"
          },
          {
            "id": "contrast-t",
            "key": "mtf|f=1|w=1|nu=20|axis=tangential",
            "requirement": {
              "id": "contrast-t",
              "metric": "mtf",
              "field": 1,
              "wavelength": 1,
              "frequency": 20,
              "axis": "tangential",
              "unit": "1",
              "min": 0.3
            },
            "status": "fail",
            "value": 0.14750198019992114,
            "unit": "1"
          },
          {
            "id": "contrast-s",
            "key": "mtf|f=1|w=1|nu=20|axis=sagittal",
            "requirement": {
              "id": "contrast-s",
              "metric": "mtf",
              "field": 1,
              "wavelength": 1,
              "frequency": 20,
              "axis": "sagittal",
              "unit": "1",
              "min": 0.3
            },
            "status": "fail",
            "value": 0.14750198019992114,
            "unit": "1"
          }
        ]
      },
      "objective_breakdown": {
        "aggregation": "weighted_rms",
        "direction": "minimize",
        "value": 1.266537919990527,
        "unit": "1",
        "terms": [
          {
            "metric": "efl_mm",
            "key": "efl_mm",
            "unit": "mm",
            "value": 49.05139286997028,
            "target": 50,
            "scale": 2,
            "weight": 1,
            "normalized_residual": -0.4743035650148606,
            "weighted_residual": -0.21211500266874386
          },
          {
            "metric": "rms_spot_um",
            "field": 1,
            "wavelength": 1,
            "key": "rms_spot_um|f=1|w=1",
            "unit": "um",
            "value": 53.42241900692049,
            "target": 0,
            "scale": 30,
            "weight": 2,
            "normalized_residual": 1.780747300230683,
            "weighted_residual": 1.1262434811849287
          },
          {
            "metric": "mtf",
            "field": 1,
            "wavelength": 1,
            "frequency": 20,
            "axis": "tangential",
            "key": "mtf|f=1|w=1|nu=20|axis=tangential",
            "unit": "1",
            "value": 0.14750198019992114,
            "target": 1,
            "scale": 1,
            "weight": 1,
            "normalized_residual": -0.8524980198000789,
            "weighted_residual": -0.3812487045913876
          },
          {
            "metric": "mtf",
            "field": 1,
            "wavelength": 1,
            "frequency": 20,
            "axis": "sagittal",
            "key": "mtf|f=1|w=1|nu=20|axis=sagittal",
            "unit": "1",
            "value": 0.14750198019992114,
            "target": 1,
            "scale": 1,
            "weight": 1,
            "normalized_residual": -0.8524980198000789,
            "weighted_residual": -0.3812487045913876
          }
        ]
      },
      "objective_value": 1.266537919990527
    },
    {
      "kind": "search",
      "parameters_mm": [
        52.0,
        47.5
      ],
      "inspection": {
        "engine": {
          "name": "Optiland",
          "version": "0.6.2"
        },
        "focus_mm": 47.5,
        "invariants": {
          "version": 1.0,
          "name": "Synthetic N-BK7 singlet matching defocused-singlet.zmx prescription",
          "aperture": {
            "type": "EPD",
            "value": 10
          },
          "fields": {
            "fields": [
              {
                "x": 0.0,
                "y": 0,
                "vx": 0.0,
                "vy": 0.0,
                "weight": 1.0
              }
            ],
            "telecentric": false,
            "field_definition": {
              "field_type": "AngleField"
            }
          },
          "wavelengths": {
            "wavelengths": [
              {
                "value": 0.55,
                "is_primary": true,
                "unit": "um",
                "weight": 1.0
              }
            ],
            "polarization": "ignore"
          },
          "apodization": null,
          "pickups": [],
          "solves": {
            "solves": []
          },
          "surface_group": {
            "surfaces": [
              {
                "type": "ObjectSurface",
                "geometry": {
                  "type": "Plane",
                  "cs": {
                    "x": 0.0,
                    "y": 0.0,
                    "z": "-Infinity",
                    "rx": 0.0,
                    "ry": 0.0,
                    "rz": 0.0,
                    "reference_cs": null
                  },
                  "radius": "Infinity"
                },
                "material_post": {
                  "type": "IdealMaterial",
                  "propagation_model": {
                    "class": "HomogeneousPropagation"
                  },
                  "index": 1.0,
                  "absorp": 0.0
                },
                "comment": ""
              },
              {
                "type": "Surface",
                "thickness": 5,
                "geometry": {
                  "type": "StandardGeometry",
                  "cs": {
                    "x": 0.0,
                    "y": 0.0,
                    "z": 0.0,
                    "rx": 0.0,
                    "ry": 0.0,
                    "rz": 0.0,
                    "reference_cs": null
                  },
                  "radius": 52.0,
                  "conic": 0.0
                },
                "material_post": {
                  "type": "Material",
                  "propagation_model": {
                    "class": "HomogeneousPropagation"
                  },
                  "filename": "C:\\Users\\erict\\AppData\\Local\\uv\\cache\\archive-v0\\1oTiDYYjy2XEHm8e\\Lib\\site-packages\\optiland\\database\\data-nk\\glass\\schott\\N-BK7.yml",
                  "name": "N-BK7",
                  "reference": null,
                  "catalog": "schott",
                  "match_policy": "strict",
                  "robust_search": null,
                  "min_wavelength": null,
                  "max_wavelength": null
                },
                "is_stop": true,
                "aperture": null,
                "comment": "",
                "interaction_model": {
                  "type": "RefractiveReflectiveModel",
                  "is_reflective": false,
                  "coating": null,
                  "bsdf": null
                }
              },
              {
                "type": "Surface",
                "geometry": {
                  "type": "StandardGeometry",
                  "cs": {
                    "x": 0.0,
                    "y": 0.0,
                    "z": 5.0,
                    "rx": 0.0,
                    "ry": 0.0,
                    "rz": 0.0,
                    "reference_cs": null
                  },
                  "radius": -50.0,
                  "conic": 0.0
                },
                "material_post": {
                  "type": "IdealMaterial",
                  "propagation_model": {
                    "class": "HomogeneousPropagation"
                  },
                  "index": 1.0,
                  "absorp": 0.0
                },
                "is_stop": false,
                "aperture": null,
                "comment": "",
                "interaction_model": {
                  "type": "RefractiveReflectiveModel",
                  "is_reflective": false,
                  "coating": null,
                  "bsdf": null
                }
              },
              {
                "type": "Surface",
                "thickness": 0.0,
                "geometry": {
                  "type": "Plane",
                  "cs": {
                    "x": 0.0,
                    "y": 0.0,
                    "rx": 0.0,
                    "ry": 0.0,
                    "rz": 0.0,
                    "reference_cs": null
                  },
                  "radius": "Infinity"
                },
                "material_post": {
                  "type": "IdealMaterial",
                  "propagation_model": {
                    "class": "HomogeneousPropagation"
                  },
                  "index": 1.0,
                  "absorp": 0.0
                },
                "is_stop": false,
                "aperture": null,
                "comment": "",
                "interaction_model": {
                  "type": "RefractiveReflectiveModel",
                  "is_reflective": false,
                  "coating": null,
                  "bsdf": null
                }
              }
            ]
          },
          "ray_tracer": {
            "ray_aiming_config": {
              "mode": "paraxial",
              "max_iter": 10,
              "tol": 1e-06
            }
          }
        },
        "prescription": [
          {
            "index": 0,
            "is_image": false,
            "radius_mm": "Infinity",
            "thickness_mm": null
          },
          {
            "index": 1,
            "is_image": false,
            "radius_mm": 52.0,
            "thickness_mm": 5
          },
          {
            "index": 2,
            "is_image": false,
            "radius_mm": -50.0,
            "thickness_mm": 47.5
          },
          {
            "index": 3,
            "is_image": true,
            "radius_mm": "Infinity",
            "thickness_mm": 0.0
          }
        ],
        "surfaces": [
          {
            "index": 0,
            "is_image": false,
            "radius_mm": "Infinity",
            "thickness_mm": null
          },
          {
            "index": 1,
            "is_image": false,
            "radius_mm": 52.0,
            "thickness_mm": 5
          },
          {
            "index": 2,
            "is_image": false,
            "radius_mm": -50.0,
            "thickness_mm": 47.5
          },
          {
            "index": 3,
            "is_image": true,
            "radius_mm": "Infinity",
            "thickness_mm": 0.0
          }
        ],
        "axial_positions_mm": [
          "-Infinity",
          0.0,
          5.0,
          52.5
        ],
        "image_surface": 3,
        "import_restrictions": {
          "format": "Optiland native JSON",
          "restrictions": "Centered spherical/plane refractive surfaces in air; EPD; meridional angle fields; millimetres; scalar analysis; no solves, pickups, configurations, coatings, scattering, apodization or unsupported directives. Catalog glass requires an explicit catalog and exact material lookup. Native JSON export only."
        }
      },
      "measurements": [
        {
          "metric": "efl_mm",
          "value": 49.99615696660988,
          "unit": "mm",
          "analysis": {
            "sampling": 64,
            "use_polarization": false,
            "wavelength": 1,
            "wavelength_um": 0.55
          }
        },
        {
          "metric": "total_track_mm",
          "value": 52.5,
          "unit": "mm",
          "analysis": {
            "sampling": 64,
            "use_polarization": false
          }
        },
        {
          "metric": "rms_spot_um",
          "field": 1,
          "wavelength": 1,
          "value": 26.03559762448207,
          "unit": "um",
          "analysis": {
            "sampling": 64,
            "use_polarization": false,
            "field_xy_deg": [
              0.0,
              0.0
            ],
            "wavelength_um": 0.55,
            "scalar": true,
            "sampled_rays": 817,
            "transmitted_rays": 817,
            "method": "geometric RMS radius about centroid",
            "distribution": "hexapolar",
            "num_rings": 16
          }
        },
        {
          "metric": "mtf",
          "field": 1,
          "wavelength": 1,
          "frequency": 20,
          "axis": "tangential",
          "value": 0.10913134051554917,
          "unit": "1",
          "analysis": {
            "sampling": 64,
            "use_polarization": false,
            "field_xy_deg": [
              0.0,
              0.0
            ],
            "wavelength_um": 0.55,
            "scalar": true,
            "method": "scalar FFT MTF",
            "interpolation": "linear, no extrapolation",
            "frequency_range_cyc_per_mm": [
              0.0,
              525.7290625747597
            ]
          }
        },
        {
          "metric": "mtf",
          "field": 1,
          "wavelength": 1,
          "frequency": 20,
          "axis": "sagittal",
          "value": 0.10913134051554915,
          "unit": "1",
          "analysis": {
            "sampling": 64,
            "use_polarization": false,
            "field_xy_deg": [
              0.0,
              0.0
            ],
            "wavelength_um": 0.55,
            "scalar": true,
            "method": "scalar FFT MTF",
            "interpolation": "linear, no extrapolation",
            "frequency_range_cyc_per_mm": [
              0.0,
              525.7290625747597
            ]
          }
        }
      ],
      "assessment": {
        "passes": false,
        "requirements": [
          {
            "id": "focal-length",
            "key": "efl_mm",
            "requirement": {
              "id": "focal-length",
              "metric": "efl_mm",
              "unit": "mm",
              "min": 48,
              "max": 51
            },
            "status": "pass",
            "value": 49.99615696660988,
            "unit": "mm"
          },
          {
            "id": "track",
            "key": "total_track_mm",
            "requirement": {
              "id": "track",
              "metric": "total_track_mm",
              "unit": "mm",
              "max": 65
            },
            "status": "pass",
            "value": 52.5,
            "unit": "mm"
          },
          {
            "id": "spot",
            "key": "rms_spot_um|f=1|w=1",
            "requirement": {
              "id": "spot",
              "metric": "rms_spot_um",
              "field": 1,
              "wavelength": 1,
              "unit": "um",
              "max": 30
            },
            "status": "pass",
            "value": 26.03559762448207,
            "unit": "um"
          },
          {
            "id": "contrast-t",
            "key": "mtf|f=1|w=1|nu=20|axis=tangential",
            "requirement": {
              "id": "contrast-t",
              "metric": "mtf",
              "field": 1,
              "wavelength": 1,
              "frequency": 20,
              "axis": "tangential",
              "unit": "1",
              "min": 0.3
            },
            "status": "fail",
            "value": 0.10913134051554917,
            "unit": "1"
          },
          {
            "id": "contrast-s",
            "key": "mtf|f=1|w=1|nu=20|axis=sagittal",
            "requirement": {
              "id": "contrast-s",
              "metric": "mtf",
              "field": 1,
              "wavelength": 1,
              "frequency": 20,
              "axis": "sagittal",
              "unit": "1",
              "min": 0.3
            },
            "status": "fail",
            "value": 0.10913134051554915,
            "unit": "1"
          }
        ]
      },
      "objective_breakdown": {
        "aggregation": "weighted_rms",
        "direction": "minimize",
        "value": 0.7865921650518861,
        "unit": "1",
        "terms": [
          {
            "metric": "efl_mm",
            "key": "efl_mm",
            "unit": "mm",
            "value": 49.99615696660988,
            "target": 50,
            "scale": 2,
            "weight": 1,
            "normalized_residual": -0.0019215166950594664,
            "weighted_residual": -0.0008593283900107402
          },
          {
            "metric": "rms_spot_um",
            "field": 1,
            "wavelength": 1,
            "key": "rms_spot_um|f=1|w=1",
            "unit": "um",
            "value": 26.03559762448207,
            "target": 0,
            "scale": 30,
            "weight": 2,
            "normalized_residual": 0.8678532541494023,
            "weighted_residual": 0.5488785915802171
          },
          {
            "metric": "mtf",
            "field": 1,
            "wavelength": 1,
            "frequency": 20,
            "axis": "tangential",
            "key": "mtf|f=1|w=1|nu=20|axis=tangential",
            "unit": "1",
            "value": 0.10913134051554917,
            "target": 1,
            "scale": 1,
            "weight": 1,
            "normalized_residual": -0.8908686594844508,
            "weighted_residual": -0.39840857632626897
          },
          {
            "metric": "mtf",
            "field": 1,
            "wavelength": 1,
            "frequency": 20,
            "axis": "sagittal",
            "key": "mtf|f=1|w=1|nu=20|axis=sagittal",
            "unit": "1",
            "value": 0.10913134051554915,
            "target": 1,
            "scale": 1,
            "weight": 1,
            "normalized_residual": -0.8908686594844508,
            "weighted_residual": -0.39840857632626897
          }
        ]
      },
      "objective_value": 0.7865921650518861
    },
    {
      "kind": "search",
      "parameters_mm": [
        52.0,
        51.0
      ],
      "inspection": {
        "engine": {
          "name": "Optiland",
          "version": "0.6.2"
        },
        "focus_mm": 51.0,
        "invariants": {
          "version": 1.0,
          "name": "Synthetic N-BK7 singlet matching defocused-singlet.zmx prescription",
          "aperture": {
            "type": "EPD",
            "value": 10
          },
          "fields": {
            "fields": [
              {
                "x": 0.0,
                "y": 0,
                "vx": 0.0,
                "vy": 0.0,
                "weight": 1.0
              }
            ],
            "telecentric": false,
            "field_definition": {
              "field_type": "AngleField"
            }
          },
          "wavelengths": {
            "wavelengths": [
              {
                "value": 0.55,
                "is_primary": true,
                "unit": "um",
                "weight": 1.0
              }
            ],
            "polarization": "ignore"
          },
          "apodization": null,
          "pickups": [],
          "solves": {
            "solves": []
          },
          "surface_group": {
            "surfaces": [
              {
                "type": "ObjectSurface",
                "geometry": {
                  "type": "Plane",
                  "cs": {
                    "x": 0.0,
                    "y": 0.0,
                    "z": "-Infinity",
                    "rx": 0.0,
                    "ry": 0.0,
                    "rz": 0.0,
                    "reference_cs": null
                  },
                  "radius": "Infinity"
                },
                "material_post": {
                  "type": "IdealMaterial",
                  "propagation_model": {
                    "class": "HomogeneousPropagation"
                  },
                  "index": 1.0,
                  "absorp": 0.0
                },
                "comment": ""
              },
              {
                "type": "Surface",
                "thickness": 5,
                "geometry": {
                  "type": "StandardGeometry",
                  "cs": {
                    "x": 0.0,
                    "y": 0.0,
                    "z": 0.0,
                    "rx": 0.0,
                    "ry": 0.0,
                    "rz": 0.0,
                    "reference_cs": null
                  },
                  "radius": 52.0,
                  "conic": 0.0
                },
                "material_post": {
                  "type": "Material",
                  "propagation_model": {
                    "class": "HomogeneousPropagation"
                  },
                  "filename": "C:\\Users\\erict\\AppData\\Local\\uv\\cache\\archive-v0\\1oTiDYYjy2XEHm8e\\Lib\\site-packages\\optiland\\database\\data-nk\\glass\\schott\\N-BK7.yml",
                  "name": "N-BK7",
                  "reference": null,
                  "catalog": "schott",
                  "match_policy": "strict",
                  "robust_search": null,
                  "min_wavelength": null,
                  "max_wavelength": null
                },
                "is_stop": true,
                "aperture": null,
                "comment": "",
                "interaction_model": {
                  "type": "RefractiveReflectiveModel",
                  "is_reflective": false,
                  "coating": null,
                  "bsdf": null
                }
              },
              {
                "type": "Surface",
                "geometry": {
                  "type": "StandardGeometry",
                  "cs": {
                    "x": 0.0,
                    "y": 0.0,
                    "z": 5.0,
                    "rx": 0.0,
                    "ry": 0.0,
                    "rz": 0.0,
                    "reference_cs": null
                  },
                  "radius": -50.0,
                  "conic": 0.0
                },
                "material_post": {
                  "type": "IdealMaterial",
                  "propagation_model": {
                    "class": "HomogeneousPropagation"
                  },
                  "index": 1.0,
                  "absorp": 0.0
                },
                "is_stop": false,
                "aperture": null,
                "comment": "",
                "interaction_model": {
                  "type": "RefractiveReflectiveModel",
                  "is_reflective": false,
                  "coating": null,
                  "bsdf": null
                }
              },
              {
                "type": "Surface",
                "thickness": 0.0,
                "geometry": {
                  "type": "Plane",
                  "cs": {
                    "x": 0.0,
                    "y": 0.0,
                    "rx": 0.0,
                    "ry": 0.0,
                    "rz": 0.0,
                    "reference_cs": null
                  },
                  "radius": "Infinity"
                },
                "material_post": {
                  "type": "IdealMaterial",
                  "propagation_model": {
                    "class": "HomogeneousPropagation"
                  },
                  "index": 1.0,
                  "absorp": 0.0
                },
                "is_stop": false,
                "aperture": null,
                "comment": "",
                "interaction_model": {
                  "type": "RefractiveReflectiveModel",
                  "is_reflective": false,
                  "coating": null,
                  "bsdf": null
                }
              }
            ]
          },
          "ray_tracer": {
            "ray_aiming_config": {
              "mode": "paraxial",
              "max_iter": 10,
              "tol": 1e-06
            }
          }
        },
        "prescription": [
          {
            "index": 0,
            "is_image": false,
            "radius_mm": "Infinity",
            "thickness_mm": null
          },
          {
            "index": 1,
            "is_image": false,
            "radius_mm": 52.0,
            "thickness_mm": 5
          },
          {
            "index": 2,
            "is_image": false,
            "radius_mm": -50.0,
            "thickness_mm": 51.0
          },
          {
            "index": 3,
            "is_image": true,
            "radius_mm": "Infinity",
            "thickness_mm": 0.0
          }
        ],
        "surfaces": [
          {
            "index": 0,
            "is_image": false,
            "radius_mm": "Infinity",
            "thickness_mm": null
          },
          {
            "index": 1,
            "is_image": false,
            "radius_mm": 52.0,
            "thickness_mm": 5
          },
          {
            "index": 2,
            "is_image": false,
            "radius_mm": -50.0,
            "thickness_mm": 51.0
          },
          {
            "index": 3,
            "is_image": true,
            "radius_mm": "Infinity",
            "thickness_mm": 0.0
          }
        ],
        "axial_positions_mm": [
          "-Infinity",
          0.0,
          5.0,
          56.0
        ],
        "image_surface": 3,
        "import_restrictions": {
          "format": "Optiland native JSON",
          "restrictions": "Centered spherical/plane refractive surfaces in air; EPD; meridional angle fields; millimetres; scalar analysis; no solves, pickups, configurations, coatings, scattering, apodization or unsupported directives. Catalog glass requires an explicit catalog and exact material lookup. Native JSON export only."
        }
      },
      "measurements": [
        {
          "metric": "efl_mm",
          "value": 49.99615696660988,
          "unit": "mm",
          "analysis": {
            "sampling": 64,
            "use_polarization": false,
            "wavelength": 1,
            "wavelength_um": 0.55
          }
        },
        {
          "metric": "total_track_mm",
          "value": 56.0,
          "unit": "mm",
          "analysis": {
            "sampling": 64,
            "use_polarization": false
          }
        },
        {
          "metric": "rms_spot_um",
          "field": 1,
          "wavelength": 1,
          "value": 236.49002973855636,
          "unit": "um",
          "analysis": {
            "sampling": 64,
            "use_polarization": false,
            "field_xy_deg": [
              0.0,
              0.0
            ],
            "wavelength_um": 0.55,
            "scalar": true,
            "sampled_rays": 817,
            "transmitted_rays": 817,
            "method": "geometric RMS radius about centroid",
            "distribution": "hexapolar",
            "num_rings": 16
          }
        },
        {
          "metric": "mtf",
          "field": 1,
          "wavelength": 1,
          "frequency": 20,
          "axis": "tangential",
          "value": 0.006554170905396678,
          "unit": "1",
          "analysis": {
            "sampling": 64,
            "use_polarization": false,
            "field_xy_deg": [
              0.0,
              0.0
            ],
            "wavelength_um": 0.55,
            "scalar": true,
            "method": "scalar FFT MTF",
            "interpolation": "linear, no extrapolation",
            "frequency_range_cyc_per_mm": [
              0.0,
              525.7290625747597
            ]
          }
        },
        {
          "metric": "mtf",
          "field": 1,
          "wavelength": 1,
          "frequency": 20,
          "axis": "sagittal",
          "value": 0.006554170905396684,
          "unit": "1",
          "analysis": {
            "sampling": 64,
            "use_polarization": false,
            "field_xy_deg": [
              0.0,
              0.0
            ],
            "wavelength_um": 0.55,
            "scalar": true,
            "method": "scalar FFT MTF",
            "interpolation": "linear, no extrapolation",
            "frequency_range_cyc_per_mm": [
              0.0,
              525.7290625747597
            ]
          }
        }
      ],
      "assessment": {
        "passes": false,
        "requirements": [
          {
            "id": "focal-length",
            "key": "efl_mm",
            "requirement": {
              "id": "focal-length",
              "metric": "efl_mm",
              "unit": "mm",
              "min": 48,
              "max": 51
            },
            "status": "pass",
            "value": 49.99615696660988,
            "unit": "mm"
          },
          {
            "id": "track",
            "key": "total_track_mm",
            "requirement": {
              "id": "track",
              "metric": "total_track_mm",
              "unit": "mm",
              "max": 65
            },
            "status": "pass",
            "value": 56.0,
            "unit": "mm"
          },
          {
            "id": "spot",
            "key": "rms_spot_um|f=1|w=1",
            "requirement": {
              "id": "spot",
              "metric": "rms_spot_um",
              "field": 1,
              "wavelength": 1,
              "unit": "um",
              "max": 30
            },
            "status": "fail",
            "value": 236.49002973855636,
            "unit": "um"
          },
          {
            "id": "contrast-t",
            "key": "mtf|f=1|w=1|nu=20|axis=tangential",
            "requirement": {
              "id": "contrast-t",
              "metric": "mtf",
              "field": 1,
              "wavelength": 1,
              "frequency": 20,
              "axis": "tangential",
              "unit": "1",
              "min": 0.3
            },
            "status": "fail",
            "value": 0.006554170905396678,
            "unit": "1"
          },
          {
            "id": "contrast-s",
            "key": "mtf|f=1|w=1|nu=20|axis=sagittal",
            "requirement": {
              "id": "contrast-s",
              "metric": "mtf",
              "field": 1,
              "wavelength": 1,
              "frequency": 20,
              "axis": "sagittal",
              "unit": "1",
              "min": 0.3
            },
            "status": "fail",
            "value": 0.006554170905396684,
            "unit": "1"
          }
        ]
      },
      "objective_breakdown": {
        "aggregation": "weighted_rms",
        "direction": "minimize",
        "value": 5.025082729271721,
        "unit": "1",
        "terms": [
          {
            "metric": "efl_mm",
            "key": "efl_mm",
            "unit": "mm",
            "value": 49.99615696660988,
            "target": 50,
            "scale": 2,
            "weight": 1,
            "normalized_residual": -0.0019215166950594664,
            "weighted_residual": -0.0008593283900107402
          },
          {
            "metric": "rms_spot_um",
            "field": 1,
            "wavelength": 1,
            "key": "rms_spot_um|f=1|w=1",
            "unit": "um",
            "value": 236.49002973855636,
            "target": 0,
            "scale": 30,
            "weight": 2,
            "normalized_residual": 7.883000991285212,
            "weighted_residual": 4.985647585965284
          },
          {
            "metric": "mtf",
            "field": 1,
            "wavelength": 1,
            "frequency": 20,
            "axis": "tangential",
            "key": "mtf|f=1|w=1|nu=20|axis=tangential",
            "unit": "1",
            "value": 0.006554170905396678,
            "target": 1,
            "scale": 1,
            "weight": 1,
            "normalized_residual": -0.9934458290946033,
            "weighted_residual": -0.4442824811638343
          },
          {
            "metric": "mtf",
            "field": 1,
            "wavelength": 1,
            "frequency": 20,
            "axis": "sagittal",
            "key": "mtf|f=1|w=1|nu=20|axis=sagittal",
            "unit": "1",
            "value": 0.006554170905396684,
            "target": 1,
            "scale": 1,
            "weight": 1,
            "normalized_residual": -0.9934458290946033,
            "weighted_residual": -0.4442824811638343
          }
        ]
      },
      "objective_value": 5.025082729271721
    },
    {
      "kind": "search",
      "parameters_mm": [
        52.0,
        44.0
      ],
      "inspection": {
        "engine": {
          "name": "Optiland",
          "version": "0.6.2"
        },
        "focus_mm": 44.0,
        "invariants": {
          "version": 1.0,
          "name": "Synthetic N-BK7 singlet matching defocused-singlet.zmx prescription",
          "aperture": {
            "type": "EPD",
            "value": 10
          },
          "fields": {
            "fields": [
              {
                "x": 0.0,
                "y": 0,
                "vx": 0.0,
                "vy": 0.0,
                "weight": 1.0
              }
            ],
            "telecentric": false,
            "field_definition": {
              "field_type": "AngleField"
            }
          },
          "wavelengths": {
            "wavelengths": [
              {
                "value": 0.55,
                "is_primary": true,
                "unit": "um",
                "weight": 1.0
              }
            ],
            "polarization": "ignore"
          },
          "apodization": null,
          "pickups": [],
          "solves": {
            "solves": []
          },
          "surface_group": {
            "surfaces": [
              {
                "type": "ObjectSurface",
                "geometry": {
                  "type": "Plane",
                  "cs": {
                    "x": 0.0,
                    "y": 0.0,
                    "z": "-Infinity",
                    "rx": 0.0,
                    "ry": 0.0,
                    "rz": 0.0,
                    "reference_cs": null
                  },
                  "radius": "Infinity"
                },
                "material_post": {
                  "type": "IdealMaterial",
                  "propagation_model": {
                    "class": "HomogeneousPropagation"
                  },
                  "index": 1.0,
                  "absorp": 0.0
                },
                "comment": ""
              },
              {
                "type": "Surface",
                "thickness": 5,
                "geometry": {
                  "type": "StandardGeometry",
                  "cs": {
                    "x": 0.0,
                    "y": 0.0,
                    "z": 0.0,
                    "rx": 0.0,
                    "ry": 0.0,
                    "rz": 0.0,
                    "reference_cs": null
                  },
                  "radius": 52.0,
                  "conic": 0.0
                },
                "material_post": {
                  "type": "Material",
                  "propagation_model": {
                    "class": "HomogeneousPropagation"
                  },
                  "filename": "C:\\Users\\erict\\AppData\\Local\\uv\\cache\\archive-v0\\1oTiDYYjy2XEHm8e\\Lib\\site-packages\\optiland\\database\\data-nk\\glass\\schott\\N-BK7.yml",
                  "name": "N-BK7",
                  "reference": null,
                  "catalog": "schott",
                  "match_policy": "strict",
                  "robust_search": null,
                  "min_wavelength": null,
                  "max_wavelength": null
                },
                "is_stop": true,
                "aperture": null,
                "comment": "",
                "interaction_model": {
                  "type": "RefractiveReflectiveModel",
                  "is_reflective": false,
                  "coating": null,
                  "bsdf": null
                }
              },
              {
                "type": "Surface",
                "geometry": {
                  "type": "StandardGeometry",
                  "cs": {
                    "x": 0.0,
                    "y": 0.0,
                    "z": 5.0,
                    "rx": 0.0,
                    "ry": 0.0,
                    "rz": 0.0,
                    "reference_cs": null
                  },
                  "radius": -50.0,
                  "conic": 0.0
                },
                "material_post": {
                  "type": "IdealMaterial",
                  "propagation_model": {
                    "class": "HomogeneousPropagation"
                  },
                  "index": 1.0,
                  "absorp": 0.0
                },
                "is_stop": false,
                "aperture": null,
                "comment": "",
                "interaction_model": {
                  "type": "RefractiveReflectiveModel",
                  "is_reflective": false,
                  "coating": null,
                  "bsdf": null
                }
              },
              {
                "type": "Surface",
                "thickness": 0.0,
                "geometry": {
                  "type": "Plane",
                  "cs": {
                    "x": 0.0,
                    "y": 0.0,
                    "rx": 0.0,
                    "ry": 0.0,
                    "rz": 0.0,
                    "reference_cs": null
                  },
                  "radius": "Infinity"
                },
                "material_post": {
                  "type": "IdealMaterial",
                  "propagation_model": {
                    "class": "HomogeneousPropagation"
                  },
                  "index": 1.0,
                  "absorp": 0.0
                },
                "is_stop": false,
                "aperture": null,
                "comment": "",
                "interaction_model": {
                  "type": "RefractiveReflectiveModel",
                  "is_reflective": false,
                  "coating": null,
                  "bsdf": null
                }
              }
            ]
          },
          "ray_tracer": {
            "ray_aiming_config": {
              "mode": "paraxial",
              "max_iter": 10,
              "tol": 1e-06
            }
          }
        },
        "prescription": [
          {
            "index": 0,
            "is_image": false,
            "radius_mm": "Infinity",
            "thickness_mm": null
          },
          {
            "index": 1,
            "is_image": false,
            "radius_mm": 52.0,
            "thickness_mm": 5
          },
          {
            "index": 2,
            "is_image": false,
            "radius_mm": -50.0,
            "thickness_mm": 44.0
          },
          {
            "index": 3,
            "is_image": true,
            "radius_mm": "Infinity",
            "thickness_mm": 0.0
          }
        ],
        "surfaces": [
          {
            "index": 0,
            "is_image": false,
            "radius_mm": "Infinity",
            "thickness_mm": null
          },
          {
            "index": 1,
            "is_image": false,
            "radius_mm": 52.0,
            "thickness_mm": 5
          },
          {
            "index": 2,
            "is_image": false,
            "radius_mm": -50.0,
            "thickness_mm": 44.0
          },
          {
            "index": 3,
            "is_image": true,
            "radius_mm": "Infinity",
            "thickness_mm": 0.0
          }
        ],
        "axial_positions_mm": [
          "-Infinity",
          0.0,
          5.0,
          49.0
        ],
        "image_surface": 3,
        "import_restrictions": {
          "format": "Optiland native JSON",
          "restrictions": "Centered spherical/plane refractive surfaces in air; EPD; meridional angle fields; millimetres; scalar analysis; no solves, pickups, configurations, coatings, scattering, apodization or unsupported directives. Catalog glass requires an explicit catalog and exact material lookup. Native JSON export only."
        }
      },
      "measurements": [
        {
          "metric": "efl_mm",
          "value": 49.99615696660988,
          "unit": "mm",
          "analysis": {
            "sampling": 64,
            "use_polarization": false,
            "wavelength": 1,
            "wavelength_um": 0.55
          }
        },
        {
          "metric": "total_track_mm",
          "value": 49.0,
          "unit": "mm",
          "analysis": {
            "sampling": 64,
            "use_polarization": false
          }
        },
        {
          "metric": "rms_spot_um",
          "field": 1,
          "wavelength": 1,
          "value": 279.59841346608056,
          "unit": "um",
          "analysis": {
            "sampling": 64,
            "use_polarization": false,
            "field_xy_deg": [
              0.0,
              0.0
            ],
            "wavelength_um": 0.55,
            "scalar": true,
            "sampled_rays": 817,
            "transmitted_rays": 817,
            "method": "geometric RMS radius about centroid",
            "distribution": "hexapolar",
            "num_rings": 16
          }
        },
        {
          "metric": "mtf",
          "field": 1,
          "wavelength": 1,
          "frequency": 20,
          "axis": "tangential",
          "value": 0.0038825783992715353,
          "unit": "1",
          "analysis": {
            "sampling": 64,
            "use_polarization": false,
            "field_xy_deg": [
              0.0,
              0.0
            ],
            "wavelength_um": 0.55,
            "scalar": true,
            "method": "scalar FFT MTF",
            "interpolation": "linear, no extrapolation",
            "frequency_range_cyc_per_mm": [
              0.0,
              525.7290625747597
            ]
          }
        },
        {
          "metric": "mtf",
          "field": 1,
          "wavelength": 1,
          "frequency": 20,
          "axis": "sagittal",
          "value": 0.003882578399271535,
          "unit": "1",
          "analysis": {
            "sampling": 64,
            "use_polarization": false,
            "field_xy_deg": [
              0.0,
              0.0
            ],
            "wavelength_um": 0.55,
            "scalar": true,
            "method": "scalar FFT MTF",
            "interpolation": "linear, no extrapolation",
            "frequency_range_cyc_per_mm": [
              0.0,
              525.7290625747597
            ]
          }
        }
      ],
      "assessment": {
        "passes": false,
        "requirements": [
          {
            "id": "focal-length",
            "key": "efl_mm",
            "requirement": {
              "id": "focal-length",
              "metric": "efl_mm",
              "unit": "mm",
              "min": 48,
              "max": 51
            },
            "status": "pass",
            "value": 49.99615696660988,
            "unit": "mm"
          },
          {
            "id": "track",
            "key": "total_track_mm",
            "requirement": {
              "id": "track",
              "metric": "total_track_mm",
              "unit": "mm",
              "max": 65
            },
            "status": "pass",
            "value": 49.0,
            "unit": "mm"
          },
          {
            "id": "spot",
            "key": "rms_spot_um|f=1|w=1",
            "requirement": {
              "id": "spot",
              "metric": "rms_spot_um",
              "field": 1,
              "wavelength": 1,
              "unit": "um",
              "max": 30
            },
            "status": "fail",
            "value": 279.59841346608056,
            "unit": "um"
          },
          {
            "id": "contrast-t",
            "key": "mtf|f=1|w=1|nu=20|axis=tangential",
            "requirement": {
              "id": "contrast-t",
              "metric": "mtf",
              "field": 1,
              "wavelength": 1,
              "frequency": 20,
              "axis": "tangential",
              "unit": "1",
              "min": 0.3
            },
            "status": "fail",
            "value": 0.0038825783992715353,
            "unit": "1"
          },
          {
            "id": "contrast-s",
            "key": "mtf|f=1|w=1|nu=20|axis=sagittal",
            "requirement": {
              "id": "contrast-s",
              "metric": "mtf",
              "field": 1,
              "wavelength": 1,
              "frequency": 20,
              "axis": "sagittal",
              "unit": "1",
              "min": 0.3
            },
            "status": "fail",
            "value": 0.003882578399271535,
            "unit": "1"
          }
        ]
      },
      "objective_breakdown": {
        "aggregation": "weighted_rms",
        "direction": "minimize",
        "value": 5.9280238191194154,
        "unit": "1",
        "terms": [
          {
            "metric": "efl_mm",
            "key": "efl_mm",
            "unit": "mm",
            "value": 49.99615696660988,
            "target": 50,
            "scale": 2,
            "weight": 1,
            "normalized_residual": -0.0019215166950594664,
            "weighted_residual": -0.0008593283900107402
          },
          {
            "metric": "rms_spot_um",
            "field": 1,
            "wavelength": 1,
            "key": "rms_spot_um|f=1|w=1",
            "unit": "um",
            "value": 279.59841346608056,
            "target": 0,
            "scale": 30,
            "weight": 2,
            "normalized_residual": 9.319947115536019,
            "weighted_residual": 5.894452111482056
          },
          {
            "metric": "mtf",
            "field": 1,
            "wavelength": 1,
            "frequency": 20,
            "axis": "tangential",
            "key": "mtf|f=1|w=1|nu=20|axis=tangential",
            "unit": "1",
            "value": 0.0038825783992715353,
            "target": 1,
            "scale": 1,
            "weight": 1,
            "normalized_residual": -0.9961174216007285,
            "weighted_residual": -0.44547725365420926
          },
          {
            "metric": "mtf",
            "field": 1,
            "wavelength": 1,
            "frequency": 20,
            "axis": "sagittal",
            "key": "mtf|f=1|w=1|nu=20|axis=sagittal",
            "unit": "1",
            "value": 0.003882578399271535,
            "target": 1,
            "scale": 1,
            "weight": 1,
            "normalized_residual": -0.9961174216007285,
            "weighted_residual": -0.44547725365420926
          }
        ]
      },
      "objective_value": 5.9280238191194154
    },
    {
      "kind": "search",
      "parameters_mm": [
        51.0,
        47.5
      ],
      "inspection": {
        "engine": {
          "name": "Optiland",
          "version": "0.6.2"
        },
        "focus_mm": 47.5,
        "invariants": {
          "version": 1.0,
          "name": "Synthetic N-BK7 singlet matching defocused-singlet.zmx prescription",
          "aperture": {
            "type": "EPD",
            "value": 10
          },
          "fields": {
            "fields": [
              {
                "x": 0.0,
                "y": 0,
                "vx": 0.0,
                "vy": 0.0,
                "weight": 1.0
              }
            ],
            "telecentric": false,
            "field_definition": {
              "field_type": "AngleField"
            }
          },
          "wavelengths": {
            "wavelengths": [
              {
                "value": 0.55,
                "is_primary": true,
                "unit": "um",
                "weight": 1.0
              }
            ],
            "polarization": "ignore"
          },
          "apodization": null,
          "pickups": [],
          "solves": {
            "solves": []
          },
          "surface_group": {
            "surfaces": [
              {
                "type": "ObjectSurface",
                "geometry": {
                  "type": "Plane",
                  "cs": {
                    "x": 0.0,
                    "y": 0.0,
                    "z": "-Infinity",
                    "rx": 0.0,
                    "ry": 0.0,
                    "rz": 0.0,
                    "reference_cs": null
                  },
                  "radius": "Infinity"
                },
                "material_post": {
                  "type": "IdealMaterial",
                  "propagation_model": {
                    "class": "HomogeneousPropagation"
                  },
                  "index": 1.0,
                  "absorp": 0.0
                },
                "comment": ""
              },
              {
                "type": "Surface",
                "thickness": 5,
                "geometry": {
                  "type": "StandardGeometry",
                  "cs": {
                    "x": 0.0,
                    "y": 0.0,
                    "z": 0.0,
                    "rx": 0.0,
                    "ry": 0.0,
                    "rz": 0.0,
                    "reference_cs": null
                  },
                  "radius": 51.0,
                  "conic": 0.0
                },
                "material_post": {
                  "type": "Material",
                  "propagation_model": {
                    "class": "HomogeneousPropagation"
                  },
                  "filename": "C:\\Users\\erict\\AppData\\Local\\uv\\cache\\archive-v0\\1oTiDYYjy2XEHm8e\\Lib\\site-packages\\optiland\\database\\data-nk\\glass\\schott\\N-BK7.yml",
                  "name": "N-BK7",
                  "reference": null,
                  "catalog": "schott",
                  "match_policy": "strict",
                  "robust_search": null,
                  "min_wavelength": null,
                  "max_wavelength": null
                },
                "is_stop": true,
                "aperture": null,
                "comment": "",
                "interaction_model": {
                  "type": "RefractiveReflectiveModel",
                  "is_reflective": false,
                  "coating": null,
                  "bsdf": null
                }
              },
              {
                "type": "Surface",
                "geometry": {
                  "type": "StandardGeometry",
                  "cs": {
                    "x": 0.0,
                    "y": 0.0,
                    "z": 5.0,
                    "rx": 0.0,
                    "ry": 0.0,
                    "rz": 0.0,
                    "reference_cs": null
                  },
                  "radius": -50.0,
                  "conic": 0.0
                },
                "material_post": {
                  "type": "IdealMaterial",
                  "propagation_model": {
                    "class": "HomogeneousPropagation"
                  },
                  "index": 1.0,
                  "absorp": 0.0
                },
                "is_stop": false,
                "aperture": null,
                "comment": "",
                "interaction_model": {
                  "type": "RefractiveReflectiveModel",
                  "is_reflective": false,
                  "coating": null,
                  "bsdf": null
                }
              },
              {
                "type": "Surface",
                "thickness": 0.0,
                "geometry": {
                  "type": "Plane",
                  "cs": {
                    "x": 0.0,
                    "y": 0.0,
                    "rx": 0.0,
                    "ry": 0.0,
                    "rz": 0.0,
                    "reference_cs": null
                  },
                  "radius": "Infinity"
                },
                "material_post": {
                  "type": "IdealMaterial",
                  "propagation_model": {
                    "class": "HomogeneousPropagation"
                  },
                  "index": 1.0,
                  "absorp": 0.0
                },
                "is_stop": false,
                "aperture": null,
                "comment": "",
                "interaction_model": {
                  "type": "RefractiveReflectiveModel",
                  "is_reflective": false,
                  "coating": null,
                  "bsdf": null
                }
              }
            ]
          },
          "ray_tracer": {
            "ray_aiming_config": {
              "mode": "paraxial",
              "max_iter": 10,
              "tol": 1e-06
            }
          }
        },
        "prescription": [
          {
            "index": 0,
            "is_image": false,
            "radius_mm": "Infinity",
            "thickness_mm": null
          },
          {
            "index": 1,
            "is_image": false,
            "radius_mm": 51.0,
            "thickness_mm": 5
          },
          {
            "index": 2,
            "is_image": false,
            "radius_mm": -50.0,
            "thickness_mm": 47.5
          },
          {
            "index": 3,
            "is_image": true,
            "radius_mm": "Infinity",
            "thickness_mm": 0.0
          }
        ],
        "surfaces": [
          {
            "index": 0,
            "is_image": false,
            "radius_mm": "Infinity",
            "thickness_mm": null
          },
          {
            "index": 1,
            "is_image": false,
            "radius_mm": 51.0,
            "thickness_mm": 5
          },
          {
            "index": 2,
            "is_image": false,
            "radius_mm": -50.0,
            "thickness_mm": 47.5
          },
          {
            "index": 3,
            "is_image": true,
            "radius_mm": "Infinity",
            "thickness_mm": 0.0
          }
        ],
        "axial_positions_mm": [
          "-Infinity",
          0.0,
          5.0,
          52.5
        ],
        "image_surface": 3,
        "import_restrictions": {
          "format": "Optiland native JSON",
          "restrictions": "Centered spherical/plane refractive surfaces in air; EPD; meridional angle fields; millimetres; scalar analysis; no solves, pickups, configurations, coatings, scattering, apodization or unsupported directives. Catalog glass requires an explicit catalog and exact material lookup. Native JSON export only."
        }
      },
      "measurements": [
        {
          "metric": "efl_mm",
          "value": 49.528532389579084,
          "unit": "mm",
          "analysis": {
            "sampling": 64,
            "use_polarization": false,
            "wavelength": 1,
            "wavelength_um": 0.55
          }
        },
        {
          "metric": "total_track_mm",
          "value": 52.5,
          "unit": "mm",
          "analysis": {
            "sampling": 64,
            "use_polarization": false
          }
        },
        {
          "metric": "rms_spot_um",
          "field": 1,
          "wavelength": 1,
          "value": 20.38647511719759,
          "unit": "um",
          "analysis": {
            "sampling": 64,
            "use_polarization": false,
            "field_xy_deg": [
              0.0,
              0.0
            ],
            "wavelength_um": 0.55,
            "scalar": true,
            "sampled_rays": 817,
            "transmitted_rays": 817,
            "method": "geometric RMS radius about centroid",
            "distribution": "hexapolar",
            "num_rings": 16
          }
        },
        {
          "metric": "mtf",
          "field": 1,
          "wavelength": 1,
          "frequency": 20,
          "axis": "tangential",
          "value": 0.5214370812740677,
          "unit": "1",
          "analysis": {
            "sampling": 64,
            "use_polarization": false,
            "field_xy_deg": [
              0.0,
              0.0
            ],
            "wavelength_um": 0.55,
            "scalar": true,
            "method": "scalar FFT MTF",
            "interpolation": "linear, no extrapolation",
            "frequency_range_cyc_per_mm": [
              0.0,
              530.745789424435
            ]
          }
        },
        {
          "metric": "mtf",
          "field": 1,
          "wavelength": 1,
          "frequency": 20,
          "axis": "sagittal",
          "value": 0.5214370812744049,
          "unit": "1",
          "analysis": {
            "sampling": 64,
            "use_polarization": false,
            "field_xy_deg": [
              0.0,
              0.0
            ],
            "wavelength_um": 0.55,
            "scalar": true,
            "method": "scalar FFT MTF",
            "interpolation": "linear, no extrapolation",
            "frequency_range_cyc_per_mm": [
              0.0,
              530.745789424435
            ]
          }
        }
      ],
      "assessment": {
        "passes": true,
        "requirements": [
          {
            "id": "focal-length",
            "key": "efl_mm",
            "requirement": {
              "id": "focal-length",
              "metric": "efl_mm",
              "unit": "mm",
              "min": 48,
              "max": 51
            },
            "status": "pass",
            "value": 49.528532389579084,
            "unit": "mm"
          },
          {
            "id": "track",
            "key": "total_track_mm",
            "requirement": {
              "id": "track",
              "metric": "total_track_mm",
              "unit": "mm",
              "max": 65
            },
            "status": "pass",
            "value": 52.5,
            "unit": "mm"
          },
          {
            "id": "spot",
            "key": "rms_spot_um|f=1|w=1",
            "requirement": {
              "id": "spot",
              "metric": "rms_spot_um",
              "field": 1,
              "wavelength": 1,
              "unit": "um",
              "max": 30
            },
            "status": "pass",
            "value": 20.38647511719759,
            "unit": "um"
          },
          {
            "id": "contrast-t",
            "key": "mtf|f=1|w=1|nu=20|axis=tangential",
            "requirement": {
              "id": "contrast-t",
              "metric": "mtf",
              "field": 1,
              "wavelength": 1,
              "frequency": 20,
              "axis": "tangential",
              "unit": "1",
              "min": 0.3
            },
            "status": "pass",
            "value": 0.5214370812740677,
            "unit": "1"
          },
          {
            "id": "contrast-s",
            "key": "mtf|f=1|w=1|nu=20|axis=sagittal",
            "requirement": {
              "id": "contrast-s",
              "metric": "mtf",
              "field": 1,
              "wavelength": 1,
              "frequency": 20,
              "axis": "sagittal",
              "unit": "1",
              "min": 0.3
            },
            "status": "pass",
            "value": 0.5214370812744049,
            "unit": "1"
          }
        ]
      },
      "objective_breakdown": {
        "aggregation": "weighted_rms",
        "direction": "minimize",
        "value": 0.5361323552503129,
        "unit": "1",
        "terms": [
          {
            "metric": "efl_mm",
            "key": "efl_mm",
            "unit": "mm",
            "value": 49.528532389579084,
            "target": 50,
            "scale": 2,
            "weight": 1,
            "normalized_residual": -0.23573380521045806,
            "weighted_residual": -0.10542336260905566
          },
          {
            "metric": "rms_spot_um",
            "field": 1,
            "wavelength": 1,
            "key": "rms_spot_um|f=1|w=1",
            "unit": "um",
            "value": 20.38647511719759,
            "target": 0,
            "scale": 30,
            "weight": 2,
            "normalized_residual": 0.679549170573253,
            "weighted_residual": 0.42978463221794994
          },
          {
            "metric": "mtf",
            "field": 1,
            "wavelength": 1,
            "frequency": 20,
            "axis": "tangential",
            "key": "mtf|f=1|w=1|nu=20|axis=tangential",
            "unit": "1",
            "value": 0.5214370812740677,
            "target": 1,
            "scale": 1,
            "weight": 1,
            "normalized_residual": -0.47856291872593226,
            "weighted_residual": -0.21401984355637832
          },
          {
            "metric": "mtf",
            "field": 1,
            "wavelength": 1,
            "frequency": 20,
            "axis": "sagittal",
            "key": "mtf|f=1|w=1|nu=20|axis=sagittal",
            "unit": "1",
            "value": 0.5214370812744049,
            "target": 1,
            "scale": 1,
            "weight": 1,
            "normalized_residual": -0.4785629187255951,
            "weighted_residual": -0.21401984355622752
          }
        ]
      },
      "objective_value": 0.5361323552503129
    },
    {
      "kind": "search",
      "parameters_mm": [
        51.0,
        49.25
      ],
      "inspection": {
        "engine": {
          "name": "Optiland",
          "version": "0.6.2"
        },
        "focus_mm": 49.25,
        "invariants": {
          "version": 1.0,
          "name": "Synthetic N-BK7 singlet matching defocused-singlet.zmx prescription",
          "aperture": {
            "type": "EPD",
            "value": 10
          },
          "fields": {
            "fields": [
              {
                "x": 0.0,
                "y": 0,
                "vx": 0.0,
                "vy": 0.0,
                "weight": 1.0
              }
            ],
            "telecentric": false,
            "field_definition": {
              "field_type": "AngleField"
            }
          },
          "wavelengths": {
            "wavelengths": [
              {
                "value": 0.55,
                "is_primary": true,
                "unit": "um",
                "weight": 1.0
              }
            ],
            "polarization": "ignore"
          },
          "apodization": null,
          "pickups": [],
          "solves": {
            "solves": []
          },
          "surface_group": {
            "surfaces": [
              {
                "type": "ObjectSurface",
                "geometry": {
                  "type": "Plane",
                  "cs": {
                    "x": 0.0,
                    "y": 0.0,
                    "z": "-Infinity",
                    "rx": 0.0,
                    "ry": 0.0,
                    "rz": 0.0,
                    "reference_cs": null
                  },
                  "radius": "Infinity"
                },
                "material_post": {
                  "type": "IdealMaterial",
                  "propagation_model": {
                    "class": "HomogeneousPropagation"
                  },
                  "index": 1.0,
                  "absorp": 0.0
                },
                "comment": ""
              },
              {
                "type": "Surface",
                "thickness": 5,
                "geometry": {
                  "type": "StandardGeometry",
                  "cs": {
                    "x": 0.0,
                    "y": 0.0,
                    "z": 0.0,
                    "rx": 0.0,
                    "ry": 0.0,
                    "rz": 0.0,
                    "reference_cs": null
                  },
                  "radius": 51.0,
                  "conic": 0.0
                },
                "material_post": {
                  "type": "Material",
                  "propagation_model": {
                    "class": "HomogeneousPropagation"
                  },
                  "filename": "C:\\Users\\erict\\AppData\\Local\\uv\\cache\\archive-v0\\1oTiDYYjy2XEHm8e\\Lib\\site-packages\\optiland\\database\\data-nk\\glass\\schott\\N-BK7.yml",
                  "name": "N-BK7",
                  "reference": null,
                  "catalog": "schott",
                  "match_policy": "strict",
                  "robust_search": null,
                  "min_wavelength": null,
                  "max_wavelength": null
                },
                "is_stop": true,
                "aperture": null,
                "comment": "",
                "interaction_model": {
                  "type": "RefractiveReflectiveModel",
                  "is_reflective": false,
                  "coating": null,
                  "bsdf": null
                }
              },
              {
                "type": "Surface",
                "geometry": {
                  "type": "StandardGeometry",
                  "cs": {
                    "x": 0.0,
                    "y": 0.0,
                    "z": 5.0,
                    "rx": 0.0,
                    "ry": 0.0,
                    "rz": 0.0,
                    "reference_cs": null
                  },
                  "radius": -50.0,
                  "conic": 0.0
                },
                "material_post": {
                  "type": "IdealMaterial",
                  "propagation_model": {
                    "class": "HomogeneousPropagation"
                  },
                  "index": 1.0,
                  "absorp": 0.0
                },
                "is_stop": false,
                "aperture": null,
                "comment": "",
                "interaction_model": {
                  "type": "RefractiveReflectiveModel",
                  "is_reflective": false,
                  "coating": null,
                  "bsdf": null
                }
              },
              {
                "type": "Surface",
                "thickness": 0.0,
                "geometry": {
                  "type": "Plane",
                  "cs": {
                    "x": 0.0,
                    "y": 0.0,
                    "rx": 0.0,
                    "ry": 0.0,
                    "rz": 0.0,
                    "reference_cs": null
                  },
                  "radius": "Infinity"
                },
                "material_post": {
                  "type": "IdealMaterial",
                  "propagation_model": {
                    "class": "HomogeneousPropagation"
                  },
                  "index": 1.0,
                  "absorp": 0.0
                },
                "is_stop": false,
                "aperture": null,
                "comment": "",
                "interaction_model": {
                  "type": "RefractiveReflectiveModel",
                  "is_reflective": false,
                  "coating": null,
                  "bsdf": null
                }
              }
            ]
          },
          "ray_tracer": {
            "ray_aiming_config": {
              "mode": "paraxial",
              "max_iter": 10,
              "tol": 1e-06
            }
          }
        },
        "prescription": [
          {
            "index": 0,
            "is_image": false,
            "radius_mm": "Infinity",
            "thickness_mm": null
          },
          {
            "index": 1,
            "is_image": false,
            "radius_mm": 51.0,
            "thickness_mm": 5
          },
          {
            "index": 2,
            "is_image": false,
            "radius_mm": -50.0,
            "thickness_mm": 49.25
          },
          {
            "index": 3,
            "is_image": true,
            "radius_mm": "Infinity",
            "thickness_mm": 0.0
          }
        ],
        "surfaces": [
          {
            "index": 0,
            "is_image": false,
            "radius_mm": "Infinity",
            "thickness_mm": null
          },
          {
            "index": 1,
            "is_image": false,
            "radius_mm": 51.0,
            "thickness_mm": 5
          },
          {
            "index": 2,
            "is_image": false,
            "radius_mm": -50.0,
            "thickness_mm": 49.25
          },
          {
            "index": 3,
            "is_image": true,
            "radius_mm": "Infinity",
            "thickness_mm": 0.0
          }
        ],
        "axial_positions_mm": [
          "-Infinity",
          0.0,
          5.0,
          54.25
        ],
        "image_surface": 3,
        "import_restrictions": {
          "format": "Optiland native JSON",
          "restrictions": "Centered spherical/plane refractive surfaces in air; EPD; meridional angle fields; millimetres; scalar analysis; no solves, pickups, configurations, coatings, scattering, apodization or unsupported directives. Catalog glass requires an explicit catalog and exact material lookup. Native JSON export only."
        }
      },
      "measurements": [
        {
          "metric": "efl_mm",
          "value": 49.528532389579084,
          "unit": "mm",
          "analysis": {
            "sampling": 64,
            "use_polarization": false,
            "wavelength": 1,
            "wavelength_um": 0.55
          }
        },
        {
          "metric": "total_track_mm",
          "value": 54.25,
          "unit": "mm",
          "analysis": {
            "sampling": 64,
            "use_polarization": false
          }
        },
        {
          "metric": "rms_spot_um",
          "field": 1,
          "wavelength": 1,
          "value": 144.94158289681164,
          "unit": "um",
          "analysis": {
            "sampling": 64,
            "use_polarization": false,
            "field_xy_deg": [
              0.0,
              0.0
            ],
            "wavelength_um": 0.55,
            "scalar": true,
            "sampled_rays": 817,
            "transmitted_rays": 817,
            "method": "geometric RMS radius about centroid",
            "distribution": "hexapolar",
            "num_rings": 16
          }
        },
        {
          "metric": "mtf",
          "field": 1,
          "wavelength": 1,
          "frequency": 20,
          "axis": "tangential",
          "value": 0.004215917529751452,
          "unit": "1",
          "analysis": {
            "sampling": 64,
            "use_polarization": false,
            "field_xy_deg": [
              0.0,
              0.0
            ],
            "wavelength_um": 0.55,
            "scalar": true,
            "method": "scalar FFT MTF",
            "interpolation": "linear, no extrapolation",
            "frequency_range_cyc_per_mm": [
              0.0,
              530.745789424435
            ]
          }
        },
        {
          "metric": "mtf",
          "field": 1,
          "wavelength": 1,
          "frequency": 20,
          "axis": "sagittal",
          "value": 0.004215917530258474,
          "unit": "1",
          "analysis": {
            "sampling": 64,
            "use_polarization": false,
            "field_xy_deg": [
              0.0,
              0.0
            ],
            "wavelength_um": 0.55,
            "scalar": true,
            "method": "scalar FFT MTF",
            "interpolation": "linear, no extrapolation",
            "frequency_range_cyc_per_mm": [
              0.0,
              530.745789424435
            ]
          }
        }
      ],
      "assessment": {
        "passes": false,
        "requirements": [
          {
            "id": "focal-length",
            "key": "efl_mm",
            "requirement": {
              "id": "focal-length",
              "metric": "efl_mm",
              "unit": "mm",
              "min": 48,
              "max": 51
            },
            "status": "pass",
            "value": 49.528532389579084,
            "unit": "mm"
          },
          {
            "id": "track",
            "key": "total_track_mm",
            "requirement": {
              "id": "track",
              "metric": "total_track_mm",
              "unit": "mm",
              "max": 65
            },
            "status": "pass",
            "value": 54.25,
            "unit": "mm"
          },
          {
            "id": "spot",
            "key": "rms_spot_um|f=1|w=1",
            "requirement": {
              "id": "spot",
              "metric": "rms_spot_um",
              "field": 1,
              "wavelength": 1,
              "unit": "um",
              "max": 30
            },
            "status": "fail",
            "value": 144.94158289681164,
            "unit": "um"
          },
          {
            "id": "contrast-t",
            "key": "mtf|f=1|w=1|nu=20|axis=tangential",
            "requirement": {
              "id": "contrast-t",
              "metric": "mtf",
              "field": 1,
              "wavelength": 1,
              "frequency": 20,
              "axis": "tangential",
              "unit": "1",
              "min": 0.3
            },
            "status": "fail",
            "value": 0.004215917529751452,
            "unit": "1"
          },
          {
            "id": "contrast-s",
            "key": "mtf|f=1|w=1|nu=20|axis=sagittal",
            "requirement": {
              "id": "contrast-s",
              "metric": "mtf",
              "field": 1,
              "wavelength": 1,
              "frequency": 20,
              "axis": "sagittal",
              "unit": "1",
              "min": 0.3
            },
            "status": "fail",
            "value": 0.004215917530258474,
            "unit": "1"
          }
        ]
      },
      "objective_breakdown": {
        "aggregation": "weighted_rms",
        "direction": "minimize",
        "value": 3.1216446156727793,
        "unit": "1",
        "terms": [
          {
            "metric": "efl_mm",
            "key": "efl_mm",
            "unit": "mm",
            "value": 49.528532389579084,
            "target": 50,
            "scale": 2,
            "weight": 1,
            "normalized_residual": -0.23573380521045806,
            "weighted_residual": -0.10542336260905566
          },
          {
            "metric": "rms_spot_um",
            "field": 1,
            "wavelength": 1,
            "key": "rms_spot_um|f=1|w=1",
            "unit": "um",
            "value": 144.94158289681164,
            "target": 0,
            "scale": 30,
            "weight": 2,
            "normalized_residual": 4.831386096560388,
            "weighted_residual": 3.055636864160205
          },
          {
            "metric": "mtf",
            "field": 1,
            "wavelength": 1,
            "frequency": 20,
            "axis": "tangential",
            "key": "mtf|f=1|w=1|nu=20|axis=tangential",
            "unit": "1",
            "value": 0.004215917529751452,
            "target": 1,
            "scale": 1,
            "weight": 1,
            "normalized_residual": -0.9957840824702485,
            "weighted_residual": -0.4453281798631465
          },
          {
            "metric": "mtf",
            "field": 1,
            "wavelength": 1,
            "frequency": 20,
            "axis": "sagittal",
            "key": "mtf|f=1|w=1|nu=20|axis=sagittal",
            "unit": "1",
            "value": 0.004215917530258474,
            "target": 1,
            "scale": 1,
            "weight": 1,
            "normalized_residual": -0.9957840824697415,
            "weighted_residual": -0.4453281798629197
          }
        ]
      },
      "objective_value": 3.1216446156727793
    },
    {
      "kind": "search",
      "parameters_mm": [
        51.0,
        45.75
      ],
      "inspection": {
        "engine": {
          "name": "Optiland",
          "version": "0.6.2"
        },
        "focus_mm": 45.75,
        "invariants": {
          "version": 1.0,
          "name": "Synthetic N-BK7 singlet matching defocused-singlet.zmx prescription",
          "aperture": {
            "type": "EPD",
            "value": 10
          },
          "fields": {
            "fields": [
              {
                "x": 0.0,
                "y": 0,
                "vx": 0.0,
                "vy": 0.0,
                "weight": 1.0
              }
            ],
            "telecentric": false,
            "field_definition": {
              "field_type": "AngleField"
            }
          },
          "wavelengths": {
            "wavelengths": [
              {
                "value": 0.55,
                "is_primary": true,
                "unit": "um",
                "weight": 1.0
              }
            ],
            "polarization": "ignore"
          },
          "apodization": null,
          "pickups": [],
          "solves": {
            "solves": []
          },
          "surface_group": {
            "surfaces": [
              {
                "type": "ObjectSurface",
                "geometry": {
                  "type": "Plane",
                  "cs": {
                    "x": 0.0,
                    "y": 0.0,
                    "z": "-Infinity",
                    "rx": 0.0,
                    "ry": 0.0,
                    "rz": 0.0,
                    "reference_cs": null
                  },
                  "radius": "Infinity"
                },
                "material_post": {
                  "type": "IdealMaterial",
                  "propagation_model": {
                    "class": "HomogeneousPropagation"
                  },
                  "index": 1.0,
                  "absorp": 0.0
                },
                "comment": ""
              },
              {
                "type": "Surface",
                "thickness": 5,
                "geometry": {
                  "type": "StandardGeometry",
                  "cs": {
                    "x": 0.0,
                    "y": 0.0,
                    "z": 0.0,
                    "rx": 0.0,
                    "ry": 0.0,
                    "rz": 0.0,
                    "reference_cs": null
                  },
                  "radius": 51.0,
                  "conic": 0.0
                },
                "material_post": {
                  "type": "Material",
                  "propagation_model": {
                    "class": "HomogeneousPropagation"
                  },
                  "filename": "C:\\Users\\erict\\AppData\\Local\\uv\\cache\\archive-v0\\1oTiDYYjy2XEHm8e\\Lib\\site-packages\\optiland\\database\\data-nk\\glass\\schott\\N-BK7.yml",
                  "name": "N-BK7",
                  "reference": null,
                  "catalog": "schott",
                  "match_policy": "strict",
                  "robust_search": null,
                  "min_wavelength": null,
                  "max_wavelength": null
                },
                "is_stop": true,
                "aperture": null,
                "comment": "",
                "interaction_model": {
                  "type": "RefractiveReflectiveModel",
                  "is_reflective": false,
                  "coating": null,
                  "bsdf": null
                }
              },
              {
                "type": "Surface",
                "geometry": {
                  "type": "StandardGeometry",
                  "cs": {
                    "x": 0.0,
                    "y": 0.0,
                    "z": 5.0,
                    "rx": 0.0,
                    "ry": 0.0,
                    "rz": 0.0,
                    "reference_cs": null
                  },
                  "radius": -50.0,
                  "conic": 0.0
                },
                "material_post": {
                  "type": "IdealMaterial",
                  "propagation_model": {
                    "class": "HomogeneousPropagation"
                  },
                  "index": 1.0,
                  "absorp": 0.0
                },
                "is_stop": false,
                "aperture": null,
                "comment": "",
                "interaction_model": {
                  "type": "RefractiveReflectiveModel",
                  "is_reflective": false,
                  "coating": null,
                  "bsdf": null
                }
              },
              {
                "type": "Surface",
                "thickness": 0.0,
                "geometry": {
                  "type": "Plane",
                  "cs": {
                    "x": 0.0,
                    "y": 0.0,
                    "rx": 0.0,
                    "ry": 0.0,
                    "rz": 0.0,
                    "reference_cs": null
                  },
                  "radius": "Infinity"
                },
                "material_post": {
                  "type": "IdealMaterial",
                  "propagation_model": {
                    "class": "HomogeneousPropagation"
                  },
                  "index": 1.0,
                  "absorp": 0.0
                },
                "is_stop": false,
                "aperture": null,
                "comment": "",
                "interaction_model": {
                  "type": "RefractiveReflectiveModel",
                  "is_reflective": false,
                  "coating": null,
                  "bsdf": null
                }
              }
            ]
          },
          "ray_tracer": {
            "ray_aiming_config": {
              "mode": "paraxial",
              "max_iter": 10,
              "tol": 1e-06
            }
          }
        },
        "prescription": [
          {
            "index": 0,
            "is_image": false,
            "radius_mm": "Infinity",
            "thickness_mm": null
          },
          {
            "index": 1,
            "is_image": false,
            "radius_mm": 51.0,
            "thickness_mm": 5
          },
          {
            "index": 2,
            "is_image": false,
            "radius_mm": -50.0,
            "thickness_mm": 45.75
          },
          {
            "index": 3,
            "is_image": true,
            "radius_mm": "Infinity",
            "thickness_mm": 0.0
          }
        ],
        "surfaces": [
          {
            "index": 0,
            "is_image": false,
            "radius_mm": "Infinity",
            "thickness_mm": null
          },
          {
            "index": 1,
            "is_image": false,
            "radius_mm": 51.0,
            "thickness_mm": 5
          },
          {
            "index": 2,
            "is_image": false,
            "radius_mm": -50.0,
            "thickness_mm": 45.75
          },
          {
            "index": 3,
            "is_image": true,
            "radius_mm": "Infinity",
            "thickness_mm": 0.0
          }
        ],
        "axial_positions_mm": [
          "-Infinity",
          0.0,
          5.0,
          50.75
        ],
        "image_surface": 3,
        "import_restrictions": {
          "format": "Optiland native JSON",
          "restrictions": "Centered spherical/plane refractive surfaces in air; EPD; meridional angle fields; millimetres; scalar analysis; no solves, pickups, configurations, coatings, scattering, apodization or unsupported directives. Catalog glass requires an explicit catalog and exact material lookup. Native JSON export only."
        }
      },
      "measurements": [
        {
          "metric": "efl_mm",
          "value": 49.528532389579084,
          "unit": "mm",
          "analysis": {
            "sampling": 64,
            "use_polarization": false,
            "wavelength": 1,
            "wavelength_um": 0.55
          }
        },
        {
          "metric": "total_track_mm",
          "value": 50.75,
          "unit": "mm",
          "analysis": {
            "sampling": 64,
            "use_polarization": false
          }
        },
        {
          "metric": "rms_spot_um",
          "field": 1,
          "wavelength": 1,
          "value": 116.82900343871296,
          "unit": "um",
          "analysis": {
            "sampling": 64,
            "use_polarization": false,
            "field_xy_deg": [
              0.0,
              0.0
            ],
            "wavelength_um": 0.55,
            "scalar": true,
            "sampled_rays": 817,
            "transmitted_rays": 817,
            "method": "geometric RMS radius about centroid",
            "distribution": "hexapolar",
            "num_rings": 16
          }
        },
        {
          "metric": "mtf",
          "field": 1,
          "wavelength": 1,
          "frequency": 20,
          "axis": "tangential",
          "value": 0.03659644045525877,
          "unit": "1",
          "analysis": {
            "sampling": 64,
            "use_polarization": false,
            "field_xy_deg": [
              0.0,
              0.0
            ],
            "wavelength_um": 0.55,
            "scalar": true,
            "method": "scalar FFT MTF",
            "interpolation": "linear, no extrapolation",
            "frequency_range_cyc_per_mm": [
              0.0,
              530.745789424435
            ]
          }
        },
        {
          "metric": "mtf",
          "field": 1,
          "wavelength": 1,
          "frequency": 20,
          "axis": "sagittal",
          "value": 0.03659644045504341,
          "unit": "1",
          "analysis": {
            "sampling": 64,
            "use_polarization": false,
            "field_xy_deg": [
              0.0,
              0.0
            ],
            "wavelength_um": 0.55,
            "scalar": true,
            "method": "scalar FFT MTF",
            "interpolation": "linear, no extrapolation",
            "frequency_range_cyc_per_mm": [
              0.0,
              530.745789424435
            ]
          }
        }
      ],
      "assessment": {
        "passes": false,
        "requirements": [
          {
            "id": "focal-length",
            "key": "efl_mm",
            "requirement": {
              "id": "focal-length",
              "metric": "efl_mm",
              "unit": "mm",
              "min": 48,
              "max": 51
            },
            "status": "pass",
            "value": 49.528532389579084,
            "unit": "mm"
          },
          {
            "id": "track",
            "key": "total_track_mm",
            "requirement": {
              "id": "track",
              "metric": "total_track_mm",
              "unit": "mm",
              "max": 65
            },
            "status": "pass",
            "value": 50.75,
            "unit": "mm"
          },
          {
            "id": "spot",
            "key": "rms_spot_um|f=1|w=1",
            "requirement": {
              "id": "spot",
              "metric": "rms_spot_um",
              "field": 1,
              "wavelength": 1,
              "unit": "um",
              "max": 30
            },
            "status": "fail",
            "value": 116.82900343871296,
            "unit": "um"
          },
          {
            "id": "contrast-t",
            "key": "mtf|f=1|w=1|nu=20|axis=tangential",
            "requirement": {
              "id": "contrast-t",
              "metric": "mtf",
              "field": 1,
              "wavelength": 1,
              "frequency": 20,
              "axis": "tangential",
              "unit": "1",
              "min": 0.3
            },
            "status": "fail",
            "value": 0.03659644045525877,
            "unit": "1"
          },
          {
            "id": "contrast-s",
            "key": "mtf|f=1|w=1|nu=20|axis=sagittal",
            "requirement": {
              "id": "contrast-s",
              "metric": "mtf",
              "field": 1,
              "wavelength": 1,
              "frequency": 20,
              "axis": "sagittal",
              "unit": "1",
              "min": 0.3
            },
            "status": "fail",
            "value": 0.03659644045504341,
            "unit": "1"
          }
        ]
      },
      "objective_breakdown": {
        "aggregation": "weighted_rms",
        "direction": "minimize",
        "value": 2.539409775106165,
        "unit": "1",
        "terms": [
          {
            "metric": "efl_mm",
            "key": "efl_mm",
            "unit": "mm",
            "value": 49.528532389579084,
            "target": 50,
            "scale": 2,
            "weight": 1,
            "normalized_residual": -0.23573380521045806,
            "weighted_residual": -0.10542336260905566
          },
          {
            "metric": "rms_spot_um",
            "field": 1,
            "wavelength": 1,
            "key": "rms_spot_um|f=1|w=1",
            "unit": "um",
            "value": 116.82900343871296,
            "target": 0,
            "scale": 30,
            "weight": 2,
            "normalized_residual": 3.8943001146237655,
            "weighted_residual": 2.4629716508931785
          },
          {
            "metric": "mtf",
            "field": 1,
            "wavelength": 1,
            "frequency": 20,
            "axis": "tangential",
            "key": "mtf|f=1|w=1|nu=20|axis=tangential",
            "unit": "1",
            "value": 0.03659644045525877,
            "target": 1,
            "scale": 1,
            "weight": 1,
            "normalized_residual": -0.9634035595447412,
            "weighted_residual": -0.43084716978146154
          },
          {
            "metric": "mtf",
            "field": 1,
            "wavelength": 1,
            "frequency": 20,
            "axis": "sagittal",
            "key": "mtf|f=1|w=1|nu=20|axis=sagittal",
            "unit": "1",
            "value": 0.03659644045504341,
            "target": 1,
            "scale": 1,
            "weight": 1,
            "normalized_residual": -0.9634035595449566,
            "weighted_residual": -0.43084716978155785
          }
        ]
      },
      "objective_value": 2.539409775106165
    },
    {
      "kind": "search",
      "parameters_mm": [
        51.5,
        47.5
      ],
      "inspection": {
        "engine": {
          "name": "Optiland",
          "version": "0.6.2"
        },
        "focus_mm": 47.5,
        "invariants": {
          "version": 1.0,
          "name": "Synthetic N-BK7 singlet matching defocused-singlet.zmx prescription",
          "aperture": {
            "type": "EPD",
            "value": 10
          },
          "fields": {
            "fields": [
              {
                "x": 0.0,
                "y": 0,
                "vx": 0.0,
                "vy": 0.0,
                "weight": 1.0
              }
            ],
            "telecentric": false,
            "field_definition": {
              "field_type": "AngleField"
            }
          },
          "wavelengths": {
            "wavelengths": [
              {
                "value": 0.55,
                "is_primary": true,
                "unit": "um",
                "weight": 1.0
              }
            ],
            "polarization": "ignore"
          },
          "apodization": null,
          "pickups": [],
          "solves": {
            "solves": []
          },
          "surface_group": {
            "surfaces": [
              {
                "type": "ObjectSurface",
                "geometry": {
                  "type": "Plane",
                  "cs": {
                    "x": 0.0,
                    "y": 0.0,
                    "z": "-Infinity",
                    "rx": 0.0,
                    "ry": 0.0,
                    "rz": 0.0,
                    "reference_cs": null
                  },
                  "radius": "Infinity"
                },
                "material_post": {
                  "type": "IdealMaterial",
                  "propagation_model": {
                    "class": "HomogeneousPropagation"
                  },
                  "index": 1.0,
                  "absorp": 0.0
                },
                "comment": ""
              },
              {
                "type": "Surface",
                "thickness": 5,
                "geometry": {
                  "type": "StandardGeometry",
                  "cs": {
                    "x": 0.0,
                    "y": 0.0,
                    "z": 0.0,
                    "rx": 0.0,
                    "ry": 0.0,
                    "rz": 0.0,
                    "reference_cs": null
                  },
                  "radius": 51.5,
                  "conic": 0.0
                },
                "material_post": {
                  "type": "Material",
                  "propagation_model": {
                    "class": "HomogeneousPropagation"
                  },
                  "filename": "C:\\Users\\erict\\AppData\\Local\\uv\\cache\\archive-v0\\1oTiDYYjy2XEHm8e\\Lib\\site-packages\\optiland\\database\\data-nk\\glass\\schott\\N-BK7.yml",
                  "name": "N-BK7",
                  "reference": null,
                  "catalog": "schott",
                  "match_policy": "strict",
                  "robust_search": null,
                  "min_wavelength": null,
                  "max_wavelength": null
                },
                "is_stop": true,
                "aperture": null,
                "comment": "",
                "interaction_model": {
                  "type": "RefractiveReflectiveModel",
                  "is_reflective": false,
                  "coating": null,
                  "bsdf": null
                }
              },
              {
                "type": "Surface",
                "geometry": {
                  "type": "StandardGeometry",
                  "cs": {
                    "x": 0.0,
                    "y": 0.0,
                    "z": 5.0,
                    "rx": 0.0,
                    "ry": 0.0,
                    "rz": 0.0,
                    "reference_cs": null
                  },
                  "radius": -50.0,
                  "conic": 0.0
                },
                "material_post": {
                  "type": "IdealMaterial",
                  "propagation_model": {
                    "class": "HomogeneousPropagation"
                  },
                  "index": 1.0,
                  "absorp": 0.0
                },
                "is_stop": false,
                "aperture": null,
                "comment": "",
                "interaction_model": {
                  "type": "RefractiveReflectiveModel",
                  "is_reflective": false,
                  "coating": null,
                  "bsdf": null
                }
              },
              {
                "type": "Surface",
                "thickness": 0.0,
                "geometry": {
                  "type": "Plane",
                  "cs": {
                    "x": 0.0,
                    "y": 0.0,
                    "rx": 0.0,
                    "ry": 0.0,
                    "rz": 0.0,
                    "reference_cs": null
                  },
                  "radius": "Infinity"
                },
                "material_post": {
                  "type": "IdealMaterial",
                  "propagation_model": {
                    "class": "HomogeneousPropagation"
                  },
                  "index": 1.0,
                  "absorp": 0.0
                },
                "is_stop": false,
                "aperture": null,
                "comment": "",
                "interaction_model": {
                  "type": "RefractiveReflectiveModel",
                  "is_reflective": false,
                  "coating": null,
                  "bsdf": null
                }
              }
            ]
          },
          "ray_tracer": {
            "ray_aiming_config": {
              "mode": "paraxial",
              "max_iter": 10,
              "tol": 1e-06
            }
          }
        },
        "prescription": [
          {
            "index": 0,
            "is_image": false,
            "radius_mm": "Infinity",
            "thickness_mm": null
          },
          {
            "index": 1,
            "is_image": false,
            "radius_mm": 51.5,
            "thickness_mm": 5
          },
          {
            "index": 2,
            "is_image": false,
            "radius_mm": -50.0,
            "thickness_mm": 47.5
          },
          {
            "index": 3,
            "is_image": true,
            "radius_mm": "Infinity",
            "thickness_mm": 0.0
          }
        ],
        "surfaces": [
          {
            "index": 0,
            "is_image": false,
            "radius_mm": "Infinity",
            "thickness_mm": null
          },
          {
            "index": 1,
            "is_image": false,
            "radius_mm": 51.5,
            "thickness_mm": 5
          },
          {
            "index": 2,
            "is_image": false,
            "radius_mm": -50.0,
            "thickness_mm": 47.5
          },
          {
            "index": 3,
            "is_image": true,
            "radius_mm": "Infinity",
            "thickness_mm": 0.0
          }
        ],
        "axial_positions_mm": [
          "-Infinity",
          0.0,
          5.0,
          52.5
        ],
        "image_surface": 3,
        "import_restrictions": {
          "format": "Optiland native JSON",
          "restrictions": "Centered spherical/plane refractive surfaces in air; EPD; meridional angle fields; millimetres; scalar analysis; no solves, pickups, configurations, coatings, scattering, apodization or unsupported directives. Catalog glass requires an explicit catalog and exact material lookup. Native JSON export only."
        }
      },
      "measurements": [
        {
          "metric": "efl_mm",
          "value": 49.76351616833463,
          "unit": "mm",
          "analysis": {
            "sampling": 64,
            "use_polarization": false,
            "wavelength": 1,
            "wavelength_um": 0.55
          }
        },
        {
          "metric": "total_track_mm",
          "value": 52.5,
          "unit": "mm",
          "analysis": {
            "sampling": 64,
            "use_polarization": false
          }
        },
        {
          "metric": "rms_spot_um",
          "field": 1,
          "wavelength": 1,
          "value": 15.12556487794392,
          "unit": "um",
          "analysis": {
            "sampling": 64,
            "use_polarization": false,
            "field_xy_deg": [
              0.0,
              0.0
            ],
            "wavelength_um": 0.55,
            "scalar": true,
            "sampled_rays": 817,
            "transmitted_rays": 817,
            "method": "geometric RMS radius about centroid",
            "distribution": "hexapolar",
            "num_rings": 16
          }
        },
        {
          "metric": "mtf",
          "field": 1,
          "wavelength": 1,
          "frequency": 20,
          "axis": "tangential",
          "value": 0.38591122061782085,
          "unit": "1",
          "analysis": {
            "sampling": 64,
            "use_polarization": false,
            "field_xy_deg": [
              0.0,
              0.0
            ],
            "wavelength_um": 0.55,
            "scalar": true,
            "method": "scalar FFT MTF",
            "interpolation": "linear, no extrapolation",
            "frequency_range_cyc_per_mm": [
              0.0,
              528.2127905159377
            ]
          }
        },
        {
          "metric": "mtf",
          "field": 1,
          "wavelength": 1,
          "frequency": 20,
          "axis": "sagittal",
          "value": 0.38591122061782085,
          "unit": "1",
          "analysis": {
            "sampling": 64,
            "use_polarization": false,
            "field_xy_deg": [
              0.0,
              0.0
            ],
            "wavelength_um": 0.55,
            "scalar": true,
            "method": "scalar FFT MTF",
            "interpolation": "linear, no extrapolation",
            "frequency_range_cyc_per_mm": [
              0.0,
              528.2127905159377
            ]
          }
        }
      ],
      "assessment": {
        "passes": true,
        "requirements": [
          {
            "id": "focal-length",
            "key": "efl_mm",
            "requirement": {
              "id": "focal-length",
              "metric": "efl_mm",
              "unit": "mm",
              "min": 48,
              "max": 51
            },
            "status": "pass",
            "value": 49.76351616833463,
            "unit": "mm"
          },
          {
            "id": "track",
            "key": "total_track_mm",
            "requirement": {
              "id": "track",
              "metric": "total_track_mm",
              "unit": "mm",
              "max": 65
            },
            "status": "pass",
            "value": 52.5,
            "unit": "mm"
          },
          {
            "id": "spot",
            "key": "rms_spot_um|f=1|w=1",
            "requirement": {
              "id": "spot",
              "metric": "rms_spot_um",
              "field": 1,
              "wavelength": 1,
              "unit": "um",
              "max": 30
            },
            "status": "pass",
            "value": 15.12556487794392,
            "unit": "um"
          },
          {
            "id": "contrast-t",
            "key": "mtf|f=1|w=1|nu=20|axis=tangential",
            "requirement": {
              "id": "contrast-t",
              "metric": "mtf",
              "field": 1,
              "wavelength": 1,
              "frequency": 20,
              "axis": "tangential",
              "unit": "1",
              "min": 0.3
            },
            "status": "pass",
            "value": 0.38591122061782085,
            "unit": "1"
          },
          {
            "id": "contrast-s",
            "key": "mtf|f=1|w=1|nu=20|axis=sagittal",
            "requirement": {
              "id": "contrast-s",
              "metric": "mtf",
              "field": 1,
              "wavelength": 1,
              "frequency": 20,
              "axis": "sagittal",
              "unit": "1",
              "min": 0.3
            },
            "status": "pass",
            "value": 0.38591122061782085,
            "unit": "1"
          }
        ]
      },
      "objective_breakdown": {
        "aggregation": "weighted_rms",
        "direction": "minimize",
        "value": 0.5052914480181285,
        "unit": "1",
        "terms": [
          {
            "metric": "efl_mm",
            "key": "efl_mm",
            "unit": "mm",
            "value": 49.76351616833463,
            "target": 50,
            "scale": 2,
            "weight": 1,
            "normalized_residual": -0.11824191583268373,
            "weighted_residual": -0.052879392318337895
          },
          {
            "metric": "rms_spot_um",
            "field": 1,
            "wavelength": 1,
            "key": "rms_spot_um|f=1|w=1",
            "unit": "um",
            "value": 15.12556487794392,
            "target": 0,
            "scale": 30,
            "weight": 2,
            "normalized_residual": 0.504185495931464,
            "weighted_residual": 0.3188749060729968
          },
          {
            "metric": "mtf",
            "field": 1,
            "wavelength": 1,
            "frequency": 20,
            "axis": "tangential",
            "key": "mtf|f=1|w=1|nu=20|axis=tangential",
            "unit": "1",
            "value": 0.38591122061782085,
            "target": 1,
            "scale": 1,
            "weight": 1,
            "normalized_residual": -0.6140887793821792,
            "weighted_residual": -0.2746288509836848
          },
          {
            "metric": "mtf",
            "field": 1,
            "wavelength": 1,
            "frequency": 20,
            "axis": "sagittal",
            "key": "mtf|f=1|w=1|nu=20|axis=sagittal",
            "unit": "1",
            "value": 0.38591122061782085,
            "target": 1,
            "scale": 1,
            "weight": 1,
            "normalized_residual": -0.6140887793821792,
            "weighted_residual": -0.2746288509836848
          }
        ]
      },
      "objective_value": 0.5052914480181285
    },
    {
      "kind": "search",
      "parameters_mm": [
        51.5,
        48.375
      ],
      "inspection": {
        "engine": {
          "name": "Optiland",
          "version": "0.6.2"
        },
        "focus_mm": 48.375,
        "invariants": {
          "version": 1.0,
          "name": "Synthetic N-BK7 singlet matching defocused-singlet.zmx prescription",
          "aperture": {
            "type": "EPD",
            "value": 10
          },
          "fields": {
            "fields": [
              {
                "x": 0.0,
                "y": 0,
                "vx": 0.0,
                "vy": 0.0,
                "weight": 1.0
              }
            ],
            "telecentric": false,
            "field_definition": {
              "field_type": "AngleField"
            }
          },
          "wavelengths": {
            "wavelengths": [
              {
                "value": 0.55,
                "is_primary": true,
                "unit": "um",
                "weight": 1.0
              }
            ],
            "polarization": "ignore"
          },
          "apodization": null,
          "pickups": [],
          "solves": {
            "solves": []
          },
          "surface_group": {
            "surfaces": [
              {
                "type": "ObjectSurface",
                "geometry": {
                  "type": "Plane",
                  "cs": {
                    "x": 0.0,
                    "y": 0.0,
                    "z": "-Infinity",
                    "rx": 0.0,
                    "ry": 0.0,
                    "rz": 0.0,
                    "reference_cs": null
                  },
                  "radius": "Infinity"
                },
                "material_post": {
                  "type": "IdealMaterial",
                  "propagation_model": {
                    "class": "HomogeneousPropagation"
                  },
                  "index": 1.0,
                  "absorp": 0.0
                },
                "comment": ""
              },
              {
                "type": "Surface",
                "thickness": 5,
                "geometry": {
                  "type": "StandardGeometry",
                  "cs": {
                    "x": 0.0,
                    "y": 0.0,
                    "z": 0.0,
                    "rx": 0.0,
                    "ry": 0.0,
                    "rz": 0.0,
                    "reference_cs": null
                  },
                  "radius": 51.5,
                  "conic": 0.0
                },
                "material_post": {
                  "type": "Material",
                  "propagation_model": {
                    "class": "HomogeneousPropagation"
                  },
                  "filename": "C:\\Users\\erict\\AppData\\Local\\uv\\cache\\archive-v0\\1oTiDYYjy2XEHm8e\\Lib\\site-packages\\optiland\\database\\data-nk\\glass\\schott\\N-BK7.yml",
                  "name": "N-BK7",
                  "reference": null,
                  "catalog": "schott",
                  "match_policy": "strict",
                  "robust_search": null,
                  "min_wavelength": null,
                  "max_wavelength": null
                },
                "is_stop": true,
                "aperture": null,
                "comment": "",
                "interaction_model": {
                  "type": "RefractiveReflectiveModel",
                  "is_reflective": false,
                  "coating": null,
                  "bsdf": null
                }
              },
              {
                "type": "Surface",
                "geometry": {
                  "type": "StandardGeometry",
                  "cs": {
                    "x": 0.0,
                    "y": 0.0,
                    "z": 5.0,
                    "rx": 0.0,
                    "ry": 0.0,
                    "rz": 0.0,
                    "reference_cs": null
                  },
                  "radius": -50.0,
                  "conic": 0.0
                },
                "material_post": {
                  "type": "IdealMaterial",
                  "propagation_model": {
                    "class": "HomogeneousPropagation"
                  },
                  "index": 1.0,
                  "absorp": 0.0
                },
                "is_stop": false,
                "aperture": null,
                "comment": "",
                "interaction_model": {
                  "type": "RefractiveReflectiveModel",
                  "is_reflective": false,
                  "coating": null,
                  "bsdf": null
                }
              },
              {
                "type": "Surface",
                "thickness": 0.0,
                "geometry": {
                  "type": "Plane",
                  "cs": {
                    "x": 0.0,
                    "y": 0.0,
                    "rx": 0.0,
                    "ry": 0.0,
                    "rz": 0.0,
                    "reference_cs": null
                  },
                  "radius": "Infinity"
                },
                "material_post": {
                  "type": "IdealMaterial",
                  "propagation_model": {
                    "class": "HomogeneousPropagation"
                  },
                  "index": 1.0,
                  "absorp": 0.0
                },
                "is_stop": false,
                "aperture": null,
                "comment": "",
                "interaction_model": {
                  "type": "RefractiveReflectiveModel",
                  "is_reflective": false,
                  "coating": null,
                  "bsdf": null
                }
              }
            ]
          },
          "ray_tracer": {
            "ray_aiming_config": {
              "mode": "paraxial",
              "max_iter": 10,
              "tol": 1e-06
            }
          }
        },
        "prescription": [
          {
            "index": 0,
            "is_image": false,
            "radius_mm": "Infinity",
            "thickness_mm": null
          },
          {
            "index": 1,
            "is_image": false,
            "radius_mm": 51.5,
            "thickness_mm": 5
          },
          {
            "index": 2,
            "is_image": false,
            "radius_mm": -50.0,
            "thickness_mm": 48.375
          },
          {
            "index": 3,
            "is_image": true,
            "radius_mm": "Infinity",
            "thickness_mm": 0.0
          }
        ],
        "surfaces": [
          {
            "index": 0,
            "is_image": false,
            "radius_mm": "Infinity",
            "thickness_mm": null
          },
          {
            "index": 1,
            "is_image": false,
            "radius_mm": 51.5,
            "thickness_mm": 5
          },
          {
            "index": 2,
            "is_image": false,
            "radius_mm": -50.0,
            "thickness_mm": 48.375
          },
          {
            "index": 3,
            "is_image": true,
            "radius_mm": "Infinity",
            "thickness_mm": 0.0
          }
        ],
        "axial_positions_mm": [
          "-Infinity",
          0.0,
          5.0,
          53.375
        ],
        "image_surface": 3,
        "import_restrictions": {
          "format": "Optiland native JSON",
          "restrictions": "Centered spherical/plane refractive surfaces in air; EPD; meridional angle fields; millimetres; scalar analysis; no solves, pickups, configurations, coatings, scattering, apodization or unsupported directives. Catalog glass requires an explicit catalog and exact material lookup. Native JSON export only."
        }
      },
      "measurements": [
        {
          "metric": "efl_mm",
          "value": 49.76351616833463,
          "unit": "mm",
          "analysis": {
            "sampling": 64,
            "use_polarization": false,
            "wavelength": 1,
            "wavelength_um": 0.55
          }
        },
        {
          "metric": "total_track_mm",
          "value": 53.375,
          "unit": "mm",
          "analysis": {
            "sampling": 64,
            "use_polarization": false
          }
        },
        {
          "metric": "rms_spot_um",
          "field": 1,
          "wavelength": 1,
          "value": 62.548213169560164,
          "unit": "um",
          "analysis": {
            "sampling": 64,
            "use_polarization": false,
            "field_xy_deg": [
              0.0,
              0.0
            ],
            "wavelength_um": 0.55,
            "scalar": true,
            "sampled_rays": 817,
            "transmitted_rays": 817,
            "method": "geometric RMS radius about centroid",
            "distribution": "hexapolar",
            "num_rings": 16
          }
        },
        {
          "metric": "mtf",
          "field": 1,
          "wavelength": 1,
          "frequency": 20,
          "axis": "tangential",
          "value": 0.08156921617866092,
          "unit": "1",
          "analysis": {
            "sampling": 64,
            "use_polarization": false,
            "field_xy_deg": [
              0.0,
              0.0
            ],
            "wavelength_um": 0.55,
            "scalar": true,
            "method": "scalar FFT MTF",
            "interpolation": "linear, no extrapolation",
            "frequency_range_cyc_per_mm": [
              0.0,
              528.2127905159377
            ]
          }
        },
        {
          "metric": "mtf",
          "field": 1,
          "wavelength": 1,
          "frequency": 20,
          "axis": "sagittal",
          "value": 0.08156921617866093,
          "unit": "1",
          "analysis": {
            "sampling": 64,
            "use_polarization": false,
            "field_xy_deg": [
              0.0,
              0.0
            ],
            "wavelength_um": 0.55,
            "scalar": true,
            "method": "scalar FFT MTF",
            "interpolation": "linear, no extrapolation",
            "frequency_range_cyc_per_mm": [
              0.0,
              528.2127905159377
            ]
          }
        }
      ],
      "assessment": {
        "passes": false,
        "requirements": [
          {
            "id": "focal-length",
            "key": "efl_mm",
            "requirement": {
              "id": "focal-length",
              "metric": "efl_mm",
              "unit": "mm",
              "min": 48,
              "max": 51
            },
            "status": "pass",
            "value": 49.76351616833463,
            "unit": "mm"
          },
          {
            "id": "track",
            "key": "total_track_mm",
            "requirement": {
              "id": "track",
              "metric": "total_track_mm",
              "unit": "mm",
              "max": 65
            },
            "status": "pass",
            "value": 53.375,
            "unit": "mm"
          },
          {
            "id": "spot",
            "key": "rms_spot_um|f=1|w=1",
            "requirement": {
              "id": "spot",
              "metric": "rms_spot_um",
              "field": 1,
              "wavelength": 1,
              "unit": "um",
              "max": 30
            },
            "status": "fail",
            "value": 62.548213169560164,
            "unit": "um"
          },
          {
            "id": "contrast-t",
            "key": "mtf|f=1|w=1|nu=20|axis=tangential",
            "requirement": {
              "id": "contrast-t",
              "metric": "mtf",
              "field": 1,
              "wavelength": 1,
              "frequency": 20,
              "axis": "tangential",
              "unit": "1",
              "min": 0.3
            },
            "status": "fail",
            "value": 0.08156921617866092,
            "unit": "1"
          },
          {
            "id": "contrast-s",
            "key": "mtf|f=1|w=1|nu=20|axis=sagittal",
            "requirement": {
              "id": "contrast-s",
              "metric": "mtf",
              "field": 1,
              "wavelength": 1,
              "frequency": 20,
              "axis": "sagittal",
              "unit": "1",
              "min": 0.3
            },
            "status": "fail",
            "value": 0.08156921617866093,
            "unit": "1"
          }
        ]
      },
      "objective_breakdown": {
        "aggregation": "weighted_rms",
        "direction": "minimize",
        "value": 1.4418713277011854,
        "unit": "1",
        "terms": [
          {
            "metric": "efl_mm",
            "key": "efl_mm",
            "unit": "mm",
            "value": 49.76351616833463,
            "target": 50,
            "scale": 2,
            "weight": 1,
            "normalized_residual": -0.11824191583268373,
            "weighted_residual": -0.052879392318337895
          },
          {
            "metric": "rms_spot_um",
            "field": 1,
            "wavelength": 1,
            "key": "rms_spot_um|f=1|w=1",
            "unit": "um",
            "value": 62.548213169560164,
            "target": 0,
            "scale": 30,
            "weight": 2,
            "normalized_residual": 2.0849404389853388,
            "weighted_residual": 1.3186321145969981
          },
          {
            "metric": "mtf",
            "field": 1,
            "wavelength": 1,
            "frequency": 20,
            "axis": "tangential",
            "key": "mtf|f=1|w=1|nu=20|axis=tangential",
            "unit": "1",
            "value": 0.08156921617866092,
            "target": 1,
            "scale": 1,
            "weight": 1,
            "normalized_residual": -0.918430783821339,
            "weighted_residual": -0.4107347330505856
          },
          {
            "metric": "mtf",
            "field": 1,
            "wavelength": 1,
            "frequency": 20,
            "axis": "sagittal",
            "key": "mtf|f=1|w=1|nu=20|axis=sagittal",
            "unit": "1",
            "value": 0.08156921617866093,
            "target": 1,
            "scale": 1,
            "weight": 1,
            "normalized_residual": -0.918430783821339,
            "weighted_residual": -0.4107347330505856
          }
        ]
      },
      "objective_value": 1.4418713277011854
    },
    {
      "kind": "search",
      "parameters_mm": [
        51.5,
        46.625
      ],
      "inspection": {
        "engine": {
          "name": "Optiland",
          "version": "0.6.2"
        },
        "focus_mm": 46.625,
        "invariants": {
          "version": 1.0,
          "name": "Synthetic N-BK7 singlet matching defocused-singlet.zmx prescription",
          "aperture": {
            "type": "EPD",
            "value": 10
          },
          "fields": {
            "fields": [
              {
                "x": 0.0,
                "y": 0,
                "vx": 0.0,
                "vy": 0.0,
                "weight": 1.0
              }
            ],
            "telecentric": false,
            "field_definition": {
              "field_type": "AngleField"
            }
          },
          "wavelengths": {
            "wavelengths": [
              {
                "value": 0.55,
                "is_primary": true,
                "unit": "um",
                "weight": 1.0
              }
            ],
            "polarization": "ignore"
          },
          "apodization": null,
          "pickups": [],
          "solves": {
            "solves": []
          },
          "surface_group": {
            "surfaces": [
              {
                "type": "ObjectSurface",
                "geometry": {
                  "type": "Plane",
                  "cs": {
                    "x": 0.0,
                    "y": 0.0,
                    "z": "-Infinity",
                    "rx": 0.0,
                    "ry": 0.0,
                    "rz": 0.0,
                    "reference_cs": null
                  },
                  "radius": "Infinity"
                },
                "material_post": {
                  "type": "IdealMaterial",
                  "propagation_model": {
                    "class": "HomogeneousPropagation"
                  },
                  "index": 1.0,
                  "absorp": 0.0
                },
                "comment": ""
              },
              {
                "type": "Surface",
                "thickness": 5,
                "geometry": {
                  "type": "StandardGeometry",
                  "cs": {
                    "x": 0.0,
                    "y": 0.0,
                    "z": 0.0,
                    "rx": 0.0,
                    "ry": 0.0,
                    "rz": 0.0,
                    "reference_cs": null
                  },
                  "radius": 51.5,
                  "conic": 0.0
                },
                "material_post": {
                  "type": "Material",
                  "propagation_model": {
                    "class": "HomogeneousPropagation"
                  },
                  "filename": "C:\\Users\\erict\\AppData\\Local\\uv\\cache\\archive-v0\\1oTiDYYjy2XEHm8e\\Lib\\site-packages\\optiland\\database\\data-nk\\glass\\schott\\N-BK7.yml",
                  "name": "N-BK7",
                  "reference": null,
                  "catalog": "schott",
                  "match_policy": "strict",
                  "robust_search": null,
                  "min_wavelength": null,
                  "max_wavelength": null
                },
                "is_stop": true,
                "aperture": null,
                "comment": "",
                "interaction_model": {
                  "type": "RefractiveReflectiveModel",
                  "is_reflective": false,
                  "coating": null,
                  "bsdf": null
                }
              },
              {
                "type": "Surface",
                "geometry": {
                  "type": "StandardGeometry",
                  "cs": {
                    "x": 0.0,
                    "y": 0.0,
                    "z": 5.0,
                    "rx": 0.0,
                    "ry": 0.0,
                    "rz": 0.0,
                    "reference_cs": null
                  },
                  "radius": -50.0,
                  "conic": 0.0
                },
                "material_post": {
                  "type": "IdealMaterial",
                  "propagation_model": {
                    "class": "HomogeneousPropagation"
                  },
                  "index": 1.0,
                  "absorp": 0.0
                },
                "is_stop": false,
                "aperture": null,
                "comment": "",
                "interaction_model": {
                  "type": "RefractiveReflectiveModel",
                  "is_reflective": false,
                  "coating": null,
                  "bsdf": null
                }
              },
              {
                "type": "Surface",
                "thickness": 0.0,
                "geometry": {
                  "type": "Plane",
                  "cs": {
                    "x": 0.0,
                    "y": 0.0,
                    "rx": 0.0,
                    "ry": 0.0,
                    "rz": 0.0,
                    "reference_cs": null
                  },
                  "radius": "Infinity"
                },
                "material_post": {
                  "type": "IdealMaterial",
                  "propagation_model": {
                    "class": "HomogeneousPropagation"
                  },
                  "index": 1.0,
                  "absorp": 0.0
                },
                "is_stop": false,
                "aperture": null,
                "comment": "",
                "interaction_model": {
                  "type": "RefractiveReflectiveModel",
                  "is_reflective": false,
                  "coating": null,
                  "bsdf": null
                }
              }
            ]
          },
          "ray_tracer": {
            "ray_aiming_config": {
              "mode": "paraxial",
              "max_iter": 10,
              "tol": 1e-06
            }
          }
        },
        "prescription": [
          {
            "index": 0,
            "is_image": false,
            "radius_mm": "Infinity",
            "thickness_mm": null
          },
          {
            "index": 1,
            "is_image": false,
            "radius_mm": 51.5,
            "thickness_mm": 5
          },
          {
            "index": 2,
            "is_image": false,
            "radius_mm": -50.0,
            "thickness_mm": 46.625
          },
          {
            "index": 3,
            "is_image": true,
            "radius_mm": "Infinity",
            "thickness_mm": 0.0
          }
        ],
        "surfaces": [
          {
            "index": 0,
            "is_image": false,
            "radius_mm": "Infinity",
            "thickness_mm": null
          },
          {
            "index": 1,
            "is_image": false,
            "radius_mm": 51.5,
            "thickness_mm": 5
          },
          {
            "index": 2,
            "is_image": false,
            "radius_mm": -50.0,
            "thickness_mm": 46.625
          },
          {
            "index": 3,
            "is_image": true,
            "radius_mm": "Infinity",
            "thickness_mm": 0.0
          }
        ],
        "axial_positions_mm": [
          "-Infinity",
          0.0,
          5.0,
          51.625
        ],
        "image_surface": 3,
        "import_restrictions": {
          "format": "Optiland native JSON",
          "restrictions": "Centered spherical/plane refractive surfaces in air; EPD; meridional angle fields; millimetres; scalar analysis; no solves, pickups, configurations, coatings, scattering, apodization or unsupported directives. Catalog glass requires an explicit catalog and exact material lookup. Native JSON export only."
        }
      },
      "measurements": [
        {
          "metric": "efl_mm",
          "value": 49.76351616833463,
          "unit": "mm",
          "analysis": {
            "sampling": 64,
            "use_polarization": false,
            "wavelength": 1,
            "wavelength_um": 0.55
          }
        },
        {
          "metric": "total_track_mm",
          "value": 51.625,
          "unit": "mm",
          "analysis": {
            "sampling": 64,
            "use_polarization": false
          }
        },
        {
          "metric": "rms_spot_um",
          "field": 1,
          "wavelength": 1,
          "value": 70.1490523831927,
          "unit": "um",
          "analysis": {
            "sampling": 64,
            "use_polarization": false,
            "field_xy_deg": [
              0.0,
              0.0
            ],
            "wavelength_um": 0.55,
            "scalar": true,
            "sampled_rays": 817,
            "transmitted_rays": 817,
            "method": "geometric RMS radius about centroid",
            "distribution": "hexapolar",
            "num_rings": 16
          }
        },
        {
          "metric": "mtf",
          "field": 1,
          "wavelength": 1,
          "frequency": 20,
          "axis": "tangential",
          "value": 0.07050590558630153,
          "unit": "1",
          "analysis": {
            "sampling": 64,
            "use_polarization": false,
            "field_xy_deg": [
              0.0,
              0.0
            ],
            "wavelength_um": 0.55,
            "scalar": true,
            "method": "scalar FFT MTF",
            "interpolation": "linear, no extrapolation",
            "frequency_range_cyc_per_mm": [
              0.0,
              528.2127905159377
            ]
          }
        },
        {
          "metric": "mtf",
          "field": 1,
          "wavelength": 1,
          "frequency": 20,
          "axis": "sagittal",
          "value": 0.07050590558630153,
          "unit": "1",
          "analysis": {
            "sampling": 64,
            "use_polarization": false,
            "field_xy_deg": [
              0.0,
              0.0
            ],
            "wavelength_um": 0.55,
            "scalar": true,
            "method": "scalar FFT MTF",
            "interpolation": "linear, no extrapolation",
            "frequency_range_cyc_per_mm": [
              0.0,
              528.2127905159377
            ]
          }
        }
      ],
      "assessment": {
        "passes": false,
        "requirements": [
          {
            "id": "focal-length",
            "key": "efl_mm",
            "requirement": {
              "id": "focal-length",
              "metric": "efl_mm",
              "unit": "mm",
              "min": 48,
              "max": 51
            },
            "status": "pass",
            "value": 49.76351616833463,
            "unit": "mm"
          },
          {
            "id": "track",
            "key": "total_track_mm",
            "requirement": {
              "id": "track",
              "metric": "total_track_mm",
              "unit": "mm",
              "max": 65
            },
            "status": "pass",
            "value": 51.625,
            "unit": "mm"
          },
          {
            "id": "spot",
            "key": "rms_spot_um|f=1|w=1",
            "requirement": {
              "id": "spot",
              "metric": "rms_spot_um",
              "field": 1,
              "wavelength": 1,
              "unit": "um",
              "max": 30
            },
            "status": "fail",
            "value": 70.1490523831927,
            "unit": "um"
          },
          {
            "id": "contrast-t",
            "key": "mtf|f=1|w=1|nu=20|axis=tangential",
            "requirement": {
              "id": "contrast-t",
              "metric": "mtf",
              "field": 1,
              "wavelength": 1,
              "frequency": 20,
              "axis": "tangential",
              "unit": "1",
              "min": 0.3
            },
            "status": "fail",
            "value": 0.07050590558630153,
            "unit": "1"
          },
          {
            "id": "contrast-s",
            "key": "mtf|f=1|w=1|nu=20|axis=sagittal",
            "requirement": {
              "id": "contrast-s",
              "metric": "mtf",
              "field": 1,
              "wavelength": 1,
              "frequency": 20,
              "axis": "sagittal",
              "unit": "1",
              "min": 0.3
            },
            "status": "fail",
            "value": 0.07050590558630153,
            "unit": "1"
          }
        ]
      },
      "objective_breakdown": {
        "aggregation": "weighted_rms",
        "direction": "minimize",
        "value": 1.592307118959679,
        "unit": "1",
        "terms": [
          {
            "metric": "efl_mm",
            "key": "efl_mm",
            "unit": "mm",
            "value": 49.76351616833463,
            "target": 50,
            "scale": 2,
            "weight": 1,
            "normalized_residual": -0.11824191583268373,
            "weighted_residual": -0.052879392318337895
          },
          {
            "metric": "rms_spot_um",
            "field": 1,
            "wavelength": 1,
            "key": "rms_spot_um|f=1|w=1",
            "unit": "um",
            "value": 70.1490523831927,
            "target": 0,
            "scale": 30,
            "weight": 2,
            "normalized_residual": 2.3383017461064233,
            "weighted_residual": 1.4788718748890113
          },
          {
            "metric": "mtf",
            "field": 1,
            "wavelength": 1,
            "frequency": 20,
            "axis": "tangential",
            "key": "mtf|f=1|w=1|nu=20|axis=tangential",
            "unit": "1",
            "value": 0.07050590558630153,
            "target": 1,
            "scale": 1,
            "weight": 1,
            "normalized_residual": -0.9294940944136985,
            "weighted_residual": -0.41568239595872747
          },
          {
            "metric": "mtf",
            "field": 1,
            "wavelength": 1,
            "frequency": 20,
            "axis": "sagittal",
            "key": "mtf|f=1|w=1|nu=20|axis=sagittal",
            "unit": "1",
            "value": 0.07050590558630153,
            "target": 1,
            "scale": 1,
            "weight": 1,
            "normalized_residual": -0.9294940944136985,
            "weighted_residual": -0.41568239595872747
          }
        ]
      },
      "objective_value": 1.592307118959679
    },
    {
      "kind": "search",
      "parameters_mm": [
        51.75,
        47.5
      ],
      "inspection": {
        "engine": {
          "name": "Optiland",
          "version": "0.6.2"
        },
        "focus_mm": 47.5,
        "invariants": {
          "version": 1.0,
          "name": "Synthetic N-BK7 singlet matching defocused-singlet.zmx prescription",
          "aperture": {
            "type": "EPD",
            "value": 10
          },
          "fields": {
            "fields": [
              {
                "x": 0.0,
                "y": 0,
                "vx": 0.0,
                "vy": 0.0,
                "weight": 1.0
              }
            ],
            "telecentric": false,
            "field_definition": {
              "field_type": "AngleField"
            }
          },
          "wavelengths": {
            "wavelengths": [
              {
                "value": 0.55,
                "is_primary": true,
                "unit": "um",
                "weight": 1.0
              }
            ],
            "polarization": "ignore"
          },
          "apodization": null,
          "pickups": [],
          "solves": {
            "solves": []
          },
          "surface_group": {
            "surfaces": [
              {
                "type": "ObjectSurface",
                "geometry": {
                  "type": "Plane",
                  "cs": {
                    "x": 0.0,
                    "y": 0.0,
                    "z": "-Infinity",
                    "rx": 0.0,
                    "ry": 0.0,
                    "rz": 0.0,
                    "reference_cs": null
                  },
                  "radius": "Infinity"
                },
                "material_post": {
                  "type": "IdealMaterial",
                  "propagation_model": {
                    "class": "HomogeneousPropagation"
                  },
                  "index": 1.0,
                  "absorp": 0.0
                },
                "comment": ""
              },
              {
                "type": "Surface",
                "thickness": 5,
                "geometry": {
                  "type": "StandardGeometry",
                  "cs": {
                    "x": 0.0,
                    "y": 0.0,
                    "z": 0.0,
                    "rx": 0.0,
                    "ry": 0.0,
                    "rz": 0.0,
                    "reference_cs": null
                  },
                  "radius": 51.75,
                  "conic": 0.0
                },
                "material_post": {
                  "type": "Material",
                  "propagation_model": {
                    "class": "HomogeneousPropagation"
                  },
                  "filename": "C:\\Users\\erict\\AppData\\Local\\uv\\cache\\archive-v0\\1oTiDYYjy2XEHm8e\\Lib\\site-packages\\optiland\\database\\data-nk\\glass\\schott\\N-BK7.yml",
                  "name": "N-BK7",
                  "reference": null,
                  "catalog": "schott",
                  "match_policy": "strict",
                  "robust_search": null,
                  "min_wavelength": null,
                  "max_wavelength": null
                },
                "is_stop": true,
                "aperture": null,
                "comment": "",
                "interaction_model": {
                  "type": "RefractiveReflectiveModel",
                  "is_reflective": false,
                  "coating": null,
                  "bsdf": null
                }
              },
              {
                "type": "Surface",
                "geometry": {
                  "type": "StandardGeometry",
                  "cs": {
                    "x": 0.0,
                    "y": 0.0,
                    "z": 5.0,
                    "rx": 0.0,
                    "ry": 0.0,
                    "rz": 0.0,
                    "reference_cs": null
                  },
                  "radius": -50.0,
                  "conic": 0.0
                },
                "material_post": {
                  "type": "IdealMaterial",
                  "propagation_model": {
                    "class": "HomogeneousPropagation"
                  },
                  "index": 1.0,
                  "absorp": 0.0
                },
                "is_stop": false,
                "aperture": null,
                "comment": "",
                "interaction_model": {
                  "type": "RefractiveReflectiveModel",
                  "is_reflective": false,
                  "coating": null,
                  "bsdf": null
                }
              },
              {
                "type": "Surface",
                "thickness": 0.0,
                "geometry": {
                  "type": "Plane",
                  "cs": {
                    "x": 0.0,
                    "y": 0.0,
                    "rx": 0.0,
                    "ry": 0.0,
                    "rz": 0.0,
                    "reference_cs": null
                  },
                  "radius": "Infinity"
                },
                "material_post": {
                  "type": "IdealMaterial",
                  "propagation_model": {
                    "class": "HomogeneousPropagation"
                  },
                  "index": 1.0,
                  "absorp": 0.0
                },
                "is_stop": false,
                "aperture": null,
                "comment": "",
                "interaction_model": {
                  "type": "RefractiveReflectiveModel",
                  "is_reflective": false,
                  "coating": null,
                  "bsdf": null
                }
              }
            ]
          },
          "ray_tracer": {
            "ray_aiming_config": {
              "mode": "paraxial",
              "max_iter": 10,
              "tol": 1e-06
            }
          }
        },
        "prescription": [
          {
            "index": 0,
            "is_image": false,
            "radius_mm": "Infinity",
            "thickness_mm": null
          },
          {
            "index": 1,
            "is_image": false,
            "radius_mm": 51.75,
            "thickness_mm": 5
          },
          {
            "index": 2,
            "is_image": false,
            "radius_mm": -50.0,
            "thickness_mm": 47.5
          },
          {
            "index": 3,
            "is_image": true,
            "radius_mm": "Infinity",
            "thickness_mm": 0.0
          }
        ],
        "surfaces": [
          {
            "index": 0,
            "is_image": false,
            "radius_mm": "Infinity",
            "thickness_mm": null
          },
          {
            "index": 1,
            "is_image": false,
            "radius_mm": 51.75,
            "thickness_mm": 5
          },
          {
            "index": 2,
            "is_image": false,
            "radius_mm": -50.0,
            "thickness_mm": 47.5
          },
          {
            "index": 3,
            "is_image": true,
            "radius_mm": "Infinity",
            "thickness_mm": 0.0
          }
        ],
        "axial_positions_mm": [
          "-Infinity",
          0.0,
          5.0,
          52.5
        ],
        "image_surface": 3,
        "import_restrictions": {
          "format": "Optiland native JSON",
          "restrictions": "Centered spherical/plane refractive surfaces in air; EPD; meridional angle fields; millimetres; scalar analysis; no solves, pickups, configurations, coatings, scattering, apodization or unsupported directives. Catalog glass requires an explicit catalog and exact material lookup. Native JSON export only."
        }
      },
      "measurements": [
        {
          "metric": "efl_mm",
          "value": 49.880127244425054,
          "unit": "mm",
          "analysis": {
            "sampling": 64,
            "use_polarization": false,
            "wavelength": 1,
            "wavelength_um": 0.55
          }
        },
        {
          "metric": "total_track_mm",
          "value": 52.5,
          "unit": "mm",
          "analysis": {
            "sampling": 64,
            "use_polarization": false
          }
        },
        {
          "metric": "rms_spot_um",
          "field": 1,
          "wavelength": 1,
          "value": 19.394808093038552,
          "unit": "um",
          "analysis": {
            "sampling": 64,
            "use_polarization": false,
            "field_xy_deg": [
              0.0,
              0.0
            ],
            "wavelength_um": 0.55,
            "scalar": true,
            "sampled_rays": 817,
            "transmitted_rays": 817,
            "method": "geometric RMS radius about centroid",
            "distribution": "hexapolar",
            "num_rings": 16
          }
        },
        {
          "metric": "mtf",
          "field": 1,
          "wavelength": 1,
          "frequency": 20,
          "axis": "tangential",
          "value": 0.16129968027211106,
          "unit": "1",
          "analysis": {
            "sampling": 64,
            "use_polarization": false,
            "field_xy_deg": [
              0.0,
              0.0
            ],
            "wavelength_um": 0.55,
            "scalar": true,
            "method": "scalar FFT MTF",
            "interpolation": "linear, no extrapolation",
            "frequency_range_cyc_per_mm": [
              0.0,
              526.9648582369341
            ]
          }
        },
        {
          "metric": "mtf",
          "field": 1,
          "wavelength": 1,
          "frequency": 20,
          "axis": "sagittal",
          "value": 0.16129968027211103,
          "unit": "1",
          "analysis": {
            "sampling": 64,
            "use_polarization": false,
            "field_xy_deg": [
              0.0,
              0.0
            ],
            "wavelength_um": 0.55,
            "scalar": true,
            "method": "scalar FFT MTF",
            "interpolation": "linear, no extrapolation",
            "frequency_range_cyc_per_mm": [
              0.0,
              526.9648582369341
            ]
          }
        }
      ],
      "assessment": {
        "passes": false,
        "requirements": [
          {
            "id": "focal-length",
            "key": "efl_mm",
            "requirement": {
              "id": "focal-length",
              "metric": "efl_mm",
              "unit": "mm",
              "min": 48,
              "max": 51
            },
            "status": "pass",
            "value": 49.880127244425054,
            "unit": "mm"
          },
          {
            "id": "track",
            "key": "total_track_mm",
            "requirement": {
              "id": "track",
              "metric": "total_track_mm",
              "unit": "mm",
              "max": 65
            },
            "status": "pass",
            "value": 52.5,
            "unit": "mm"
          },
          {
            "id": "spot",
            "key": "rms_spot_um|f=1|w=1",
            "requirement": {
              "id": "spot",
              "metric": "rms_spot_um",
              "field": 1,
              "wavelength": 1,
              "unit": "um",
              "max": 30
            },
            "status": "pass",
            "value": 19.394808093038552,
            "unit": "um"
          },
          {
            "id": "contrast-t",
            "key": "mtf|f=1|w=1|nu=20|axis=tangential",
            "requirement": {
              "id": "contrast-t",
              "metric": "mtf",
              "field": 1,
              "wavelength": 1,
              "frequency": 20,
              "axis": "tangential",
              "unit": "1",
              "min": 0.3
            },
            "status": "fail",
            "value": 0.16129968027211106,
            "unit": "1"
          },
          {
            "id": "contrast-s",
            "key": "mtf|f=1|w=1|nu=20|axis=sagittal",
            "requirement": {
              "id": "contrast-s",
              "metric": "mtf",
              "field": 1,
              "wavelength": 1,
              "frequency": 20,
              "axis": "sagittal",
              "unit": "1",
              "min": 0.3
            },
            "status": "fail",
            "value": 0.16129968027211103,
            "unit": "1"
          }
        ]
      },
      "objective_breakdown": {
        "aggregation": "weighted_rms",
        "direction": "minimize",
        "value": 0.6702740901612374,
        "unit": "1",
        "terms": [
          {
            "metric": "efl_mm",
            "key": "efl_mm",
            "unit": "mm",
            "value": 49.880127244425054,
            "target": 50,
            "scale": 2,
            "weight": 1,
            "normalized_residual": -0.05993637778747285,
            "weighted_residual": -0.026804363011579548
          },
          {
            "metric": "rms_spot_um",
            "field": 1,
            "wavelength": 1,
            "key": "rms_spot_um|f=1|w=1",
            "unit": "um",
            "value": 19.394808093038552,
            "target": 0,
            "scale": 30,
            "weight": 2,
            "normalized_residual": 0.6464936031012851,
            "weighted_residual": 0.4088784557057914
          },
          {
            "metric": "mtf",
            "field": 1,
            "wavelength": 1,
            "frequency": 20,
            "axis": "tangential",
            "key": "mtf|f=1|w=1|nu=20|axis=tangential",
            "unit": "1",
            "value": 0.16129968027211106,
            "target": 1,
            "scale": 1,
            "weight": 1,
            "normalized_residual": -0.8387003197278889,
            "weighted_residual": -0.3750781855324735
          },
          {
            "metric": "mtf",
            "field": 1,
            "wavelength": 1,
            "frequency": 20,
            "axis": "sagittal",
            "key": "mtf|f=1|w=1|nu=20|axis=sagittal",
            "unit": "1",
            "value": 0.16129968027211103,
            "target": 1,
            "scale": 1,
            "weight": 1,
            "normalized_residual": -0.8387003197278889,
            "weighted_residual": -0.3750781855324735
          }
        ]
      },
      "objective_value": 0.6702740901612374
    },
    {
      "kind": "search",
      "parameters_mm": [
        51.25,
        47.5
      ],
      "inspection": {
        "engine": {
          "name": "Optiland",
          "version": "0.6.2"
        },
        "focus_mm": 47.5,
        "invariants": {
          "version": 1.0,
          "name": "Synthetic N-BK7 singlet matching defocused-singlet.zmx prescription",
          "aperture": {
            "type": "EPD",
            "value": 10
          },
          "fields": {
            "fields": [
              {
                "x": 0.0,
                "y": 0,
                "vx": 0.0,
                "vy": 0.0,
                "weight": 1.0
              }
            ],
            "telecentric": false,
            "field_definition": {
              "field_type": "AngleField"
            }
          },
          "wavelengths": {
            "wavelengths": [
              {
                "value": 0.55,
                "is_primary": true,
                "unit": "um",
                "weight": 1.0
              }
            ],
            "polarization": "ignore"
          },
          "apodization": null,
          "pickups": [],
          "solves": {
            "solves": []
          },
          "surface_group": {
            "surfaces": [
              {
                "type": "ObjectSurface",
                "geometry": {
                  "type": "Plane",
                  "cs": {
                    "x": 0.0,
                    "y": 0.0,
                    "z": "-Infinity",
                    "rx": 0.0,
                    "ry": 0.0,
                    "rz": 0.0,
                    "reference_cs": null
                  },
                  "radius": "Infinity"
                },
                "material_post": {
                  "type": "IdealMaterial",
                  "propagation_model": {
                    "class": "HomogeneousPropagation"
                  },
                  "index": 1.0,
                  "absorp": 0.0
                },
                "comment": ""
              },
              {
                "type": "Surface",
                "thickness": 5,
                "geometry": {
                  "type": "StandardGeometry",
                  "cs": {
                    "x": 0.0,
                    "y": 0.0,
                    "z": 0.0,
                    "rx": 0.0,
                    "ry": 0.0,
                    "rz": 0.0,
                    "reference_cs": null
                  },
                  "radius": 51.25,
                  "conic": 0.0
                },
                "material_post": {
                  "type": "Material",
                  "propagation_model": {
                    "class": "HomogeneousPropagation"
                  },
                  "filename": "C:\\Users\\erict\\AppData\\Local\\uv\\cache\\archive-v0\\1oTiDYYjy2XEHm8e\\Lib\\site-packages\\optiland\\database\\data-nk\\glass\\schott\\N-BK7.yml",
                  "name": "N-BK7",
                  "reference": null,
                  "catalog": "schott",
                  "match_policy": "strict",
                  "robust_search": null,
                  "min_wavelength": null,
                  "max_wavelength": null
                },
                "is_stop": true,
                "aperture": null,
                "comment": "",
                "interaction_model": {
                  "type": "RefractiveReflectiveModel",
                  "is_reflective": false,
                  "coating": null,
                  "bsdf": null
                }
              },
              {
                "type": "Surface",
                "geometry": {
                  "type": "StandardGeometry",
                  "cs": {
                    "x": 0.0,
                    "y": 0.0,
                    "z": 5.0,
                    "rx": 0.0,
                    "ry": 0.0,
                    "rz": 0.0,
                    "reference_cs": null
                  },
                  "radius": -50.0,
                  "conic": 0.0
                },
                "material_post": {
                  "type": "IdealMaterial",
                  "propagation_model": {
                    "class": "HomogeneousPropagation"
                  },
                  "index": 1.0,
                  "absorp": 0.0
                },
                "is_stop": false,
                "aperture": null,
                "comment": "",
                "interaction_model": {
                  "type": "RefractiveReflectiveModel",
                  "is_reflective": false,
                  "coating": null,
                  "bsdf": null
                }
              },
              {
                "type": "Surface",
                "thickness": 0.0,
                "geometry": {
                  "type": "Plane",
                  "cs": {
                    "x": 0.0,
                    "y": 0.0,
                    "rx": 0.0,
                    "ry": 0.0,
                    "rz": 0.0,
                    "reference_cs": null
                  },
                  "radius": "Infinity"
                },
                "material_post": {
                  "type": "IdealMaterial",
                  "propagation_model": {
                    "class": "HomogeneousPropagation"
                  },
                  "index": 1.0,
                  "absorp": 0.0
                },
                "is_stop": false,
                "aperture": null,
                "comment": "",
                "interaction_model": {
                  "type": "RefractiveReflectiveModel",
                  "is_reflective": false,
                  "coating": null,
                  "bsdf": null
                }
              }
            ]
          },
          "ray_tracer": {
            "ray_aiming_config": {
              "mode": "paraxial",
              "max_iter": 10,
              "tol": 1e-06
            }
          }
        },
        "prescription": [
          {
            "index": 0,
            "is_image": false,
            "radius_mm": "Infinity",
            "thickness_mm": null
          },
          {
            "index": 1,
            "is_image": false,
            "radius_mm": 51.25,
            "thickness_mm": 5
          },
          {
            "index": 2,
            "is_image": false,
            "radius_mm": -50.0,
            "thickness_mm": 47.5
          },
          {
            "index": 3,
            "is_image": true,
            "radius_mm": "Infinity",
            "thickness_mm": 0.0
          }
        ],
        "surfaces": [
          {
            "index": 0,
            "is_image": false,
            "radius_mm": "Infinity",
            "thickness_mm": null
          },
          {
            "index": 1,
            "is_image": false,
            "radius_mm": 51.25,
            "thickness_mm": 5
          },
          {
            "index": 2,
            "is_image": false,
            "radius_mm": -50.0,
            "thickness_mm": 47.5
          },
          {
            "index": 3,
            "is_image": true,
            "radius_mm": "Infinity",
            "thickness_mm": 0.0
          }
        ],
        "axial_positions_mm": [
          "-Infinity",
          0.0,
          5.0,
          52.5
        ],
        "image_surface": 3,
        "import_restrictions": {
          "format": "Optiland native JSON",
          "restrictions": "Centered spherical/plane refractive surfaces in air; EPD; meridional angle fields; millimetres; scalar analysis; no solves, pickups, configurations, coatings, scattering, apodization or unsupported directives. Catalog glass requires an explicit catalog and exact material lookup. Native JSON export only."
        }
      },
      "measurements": [
        {
          "metric": "efl_mm",
          "value": 49.646319358152596,
          "unit": "mm",
          "analysis": {
            "sampling": 64,
            "use_polarization": false,
            "wavelength": 1,
            "wavelength_um": 0.55
          }
        },
        {
          "metric": "total_track_mm",
          "value": 52.5,
          "unit": "mm",
          "analysis": {
            "sampling": 64,
            "use_polarization": false
          }
        },
        {
          "metric": "rms_spot_um",
          "field": 1,
          "wavelength": 1,
          "value": 15.503097930924538,
          "unit": "um",
          "analysis": {
            "sampling": 64,
            "use_polarization": false,
            "field_xy_deg": [
              0.0,
              0.0
            ],
            "wavelength_um": 0.55,
            "scalar": true,
            "sampled_rays": 817,
            "transmitted_rays": 817,
            "method": "geometric RMS radius about centroid",
            "distribution": "hexapolar",
            "num_rings": 16
          }
        },
        {
          "metric": "mtf",
          "field": 1,
          "wavelength": 1,
          "frequency": 20,
          "axis": "tangential",
          "value": 0.5379175447321745,
          "unit": "1",
          "analysis": {
            "sampling": 64,
            "use_polarization": false,
            "field_xy_deg": [
              0.0,
              0.0
            ],
            "wavelength_um": 0.55,
            "scalar": true,
            "method": "scalar FFT MTF",
            "interpolation": "linear, no extrapolation",
            "frequency_range_cyc_per_mm": [
              0.0,
              529.4730396374649
            ]
          }
        },
        {
          "metric": "mtf",
          "field": 1,
          "wavelength": 1,
          "frequency": 20,
          "axis": "sagittal",
          "value": 0.5379175447321743,
          "unit": "1",
          "analysis": {
            "sampling": 64,
            "use_polarization": false,
            "field_xy_deg": [
              0.0,
              0.0
            ],
            "wavelength_um": 0.55,
            "scalar": true,
            "method": "scalar FFT MTF",
            "interpolation": "linear, no extrapolation",
            "frequency_range_cyc_per_mm": [
              0.0,
              529.4730396374649
            ]
          }
        }
      ],
      "assessment": {
        "passes": true,
        "requirements": [
          {
            "id": "focal-length",
            "key": "efl_mm",
            "requirement": {
              "id": "focal-length",
              "metric": "efl_mm",
              "unit": "mm",
              "min": 48,
              "max": 51
            },
            "status": "pass",
            "value": 49.646319358152596,
            "unit": "mm"
          },
          {
            "id": "track",
            "key": "total_track_mm",
            "requirement": {
              "id": "track",
              "metric": "total_track_mm",
              "unit": "mm",
              "max": 65
            },
            "status": "pass",
            "value": 52.5,
            "unit": "mm"
          },
          {
            "id": "spot",
            "key": "rms_spot_um|f=1|w=1",
            "requirement": {
              "id": "spot",
              "metric": "rms_spot_um",
              "field": 1,
              "wavelength": 1,
              "unit": "um",
              "max": 30
            },
            "status": "pass",
            "value": 15.503097930924538,
            "unit": "um"
          },
          {
            "id": "contrast-t",
            "key": "mtf|f=1|w=1|nu=20|axis=tangential",
            "requirement": {
              "id": "contrast-t",
              "metric": "mtf",
              "field": 1,
              "wavelength": 1,
              "frequency": 20,
              "axis": "tangential",
              "unit": "1",
              "min": 0.3
            },
            "status": "pass",
            "value": 0.5379175447321745,
            "unit": "1"
          },
          {
            "id": "contrast-s",
            "key": "mtf|f=1|w=1|nu=20|axis=sagittal",
            "requirement": {
              "id": "contrast-s",
              "metric": "mtf",
              "field": 1,
              "wavelength": 1,
              "frequency": 20,
              "axis": "sagittal",
              "unit": "1",
              "min": 0.3
            },
            "status": "pass",
            "value": 0.5379175447321743,
            "unit": "1"
          }
        ]
      },
      "objective_breakdown": {
        "aggregation": "weighted_rms",
        "direction": "minimize",
        "value": 0.4455143574055217,
        "unit": "1",
        "terms": [
          {
            "metric": "efl_mm",
            "key": "efl_mm",
            "unit": "mm",
            "value": 49.646319358152596,
            "target": 50,
            "scale": 2,
            "weight": 1,
            "normalized_residual": -0.17684032092370217,
            "weighted_residual": -0.07908539574965529
          },
          {
            "metric": "rms_spot_um",
            "field": 1,
            "wavelength": 1,
            "key": "rms_spot_um|f=1|w=1",
            "unit": "um",
            "value": 15.503097930924538,
            "target": 0,
            "scale": 30,
            "weight": 2,
            "normalized_residual": 0.5167699310308179,
            "weighted_residual": 0.3268340016691019
          },
          {
            "metric": "mtf",
            "field": 1,
            "wavelength": 1,
            "frequency": 20,
            "axis": "tangential",
            "key": "mtf|f=1|w=1|nu=20|axis=tangential",
            "unit": "1",
            "value": 0.5379175447321745,
            "target": 1,
            "scale": 1,
            "weight": 1,
            "normalized_residual": -0.46208245526782554,
            "weighted_residual": -0.20664955623777273
          },
          {
            "metric": "mtf",
            "field": 1,
            "wavelength": 1,
            "frequency": 20,
            "axis": "sagittal",
            "key": "mtf|f=1|w=1|nu=20|axis=sagittal",
            "unit": "1",
            "value": 0.5379175447321743,
            "target": 1,
            "scale": 1,
            "weight": 1,
            "normalized_residual": -0.46208245526782565,
            "weighted_residual": -0.20664955623777279
          }
        ]
      },
      "objective_value": 0.4455143574055217
    },
    {
      "kind": "search",
      "parameters_mm": [
        51.25,
        47.9375
      ],
      "inspection": {
        "engine": {
          "name": "Optiland",
          "version": "0.6.2"
        },
        "focus_mm": 47.9375,
        "invariants": {
          "version": 1.0,
          "name": "Synthetic N-BK7 singlet matching defocused-singlet.zmx prescription",
          "aperture": {
            "type": "EPD",
            "value": 10
          },
          "fields": {
            "fields": [
              {
                "x": 0.0,
                "y": 0,
                "vx": 0.0,
                "vy": 0.0,
                "weight": 1.0
              }
            ],
            "telecentric": false,
            "field_definition": {
              "field_type": "AngleField"
            }
          },
          "wavelengths": {
            "wavelengths": [
              {
                "value": 0.55,
                "is_primary": true,
                "unit": "um",
                "weight": 1.0
              }
            ],
            "polarization": "ignore"
          },
          "apodization": null,
          "pickups": [],
          "solves": {
            "solves": []
          },
          "surface_group": {
            "surfaces": [
              {
                "type": "ObjectSurface",
                "geometry": {
                  "type": "Plane",
                  "cs": {
                    "x": 0.0,
                    "y": 0.0,
                    "z": "-Infinity",
                    "rx": 0.0,
                    "ry": 0.0,
                    "rz": 0.0,
                    "reference_cs": null
                  },
                  "radius": "Infinity"
                },
                "material_post": {
                  "type": "IdealMaterial",
                  "propagation_model": {
                    "class": "HomogeneousPropagation"
                  },
                  "index": 1.0,
                  "absorp": 0.0
                },
                "comment": ""
              },
              {
                "type": "Surface",
                "thickness": 5,
                "geometry": {
                  "type": "StandardGeometry",
                  "cs": {
                    "x": 0.0,
                    "y": 0.0,
                    "z": 0.0,
                    "rx": 0.0,
                    "ry": 0.0,
                    "rz": 0.0,
                    "reference_cs": null
                  },
                  "radius": 51.25,
                  "conic": 0.0
                },
                "material_post": {
                  "type": "Material",
                  "propagation_model": {
                    "class": "HomogeneousPropagation"
                  },
                  "filename": "C:\\Users\\erict\\AppData\\Local\\uv\\cache\\archive-v0\\1oTiDYYjy2XEHm8e\\Lib\\site-packages\\optiland\\database\\data-nk\\glass\\schott\\N-BK7.yml",
                  "name": "N-BK7",
                  "reference": null,
                  "catalog": "schott",
                  "match_policy": "strict",
                  "robust_search": null,
                  "min_wavelength": null,
                  "max_wavelength": null
                },
                "is_stop": true,
                "aperture": null,
                "comment": "",
                "interaction_model": {
                  "type": "RefractiveReflectiveModel",
                  "is_reflective": false,
                  "coating": null,
                  "bsdf": null
                }
              },
              {
                "type": "Surface",
                "geometry": {
                  "type": "StandardGeometry",
                  "cs": {
                    "x": 0.0,
                    "y": 0.0,
                    "z": 5.0,
                    "rx": 0.0,
                    "ry": 0.0,
                    "rz": 0.0,
                    "reference_cs": null
                  },
                  "radius": -50.0,
                  "conic": 0.0
                },
                "material_post": {
                  "type": "IdealMaterial",
                  "propagation_model": {
                    "class": "HomogeneousPropagation"
                  },
                  "index": 1.0,
                  "absorp": 0.0
                },
                "is_stop": false,
                "aperture": null,
                "comment": "",
                "interaction_model": {
                  "type": "RefractiveReflectiveModel",
                  "is_reflective": false,
                  "coating": null,
                  "bsdf": null
                }
              },
              {
                "type": "Surface",
                "thickness": 0.0,
                "geometry": {
                  "type": "Plane",
                  "cs": {
                    "x": 0.0,
                    "y": 0.0,
                    "rx": 0.0,
                    "ry": 0.0,
                    "rz": 0.0,
                    "reference_cs": null
                  },
                  "radius": "Infinity"
                },
                "material_post": {
                  "type": "IdealMaterial",
                  "propagation_model": {
                    "class": "HomogeneousPropagation"
                  },
                  "index": 1.0,
                  "absorp": 0.0
                },
                "is_stop": false,
                "aperture": null,
                "comment": "",
                "interaction_model": {
                  "type": "RefractiveReflectiveModel",
                  "is_reflective": false,
                  "coating": null,
                  "bsdf": null
                }
              }
            ]
          },
          "ray_tracer": {
            "ray_aiming_config": {
              "mode": "paraxial",
              "max_iter": 10,
              "tol": 1e-06
            }
          }
        },
        "prescription": [
          {
            "index": 0,
            "is_image": false,
            "radius_mm": "Infinity",
            "thickness_mm": null
          },
          {
            "index": 1,
            "is_image": false,
            "radius_mm": 51.25,
            "thickness_mm": 5
          },
          {
            "index": 2,
            "is_image": false,
            "radius_mm": -50.0,
            "thickness_mm": 47.9375
          },
          {
            "index": 3,
            "is_image": true,
            "radius_mm": "Infinity",
            "thickness_mm": 0.0
          }
        ],
        "surfaces": [
          {
            "index": 0,
            "is_image": false,
            "radius_mm": "Infinity",
            "thickness_mm": null
          },
          {
            "index": 1,
            "is_image": false,
            "radius_mm": 51.25,
            "thickness_mm": 5
          },
          {
            "index": 2,
            "is_image": false,
            "radius_mm": -50.0,
            "thickness_mm": 47.9375
          },
          {
            "index": 3,
            "is_image": true,
            "radius_mm": "Infinity",
            "thickness_mm": 0.0
          }
        ],
        "axial_positions_mm": [
          "-Infinity",
          0.0,
          5.0,
          52.9375
        ],
        "image_surface": 3,
        "import_restrictions": {
          "format": "Optiland native JSON",
          "restrictions": "Centered spherical/plane refractive surfaces in air; EPD; meridional angle fields; millimetres; scalar analysis; no solves, pickups, configurations, coatings, scattering, apodization or unsupported directives. Catalog glass requires an explicit catalog and exact material lookup. Native JSON export only."
        }
      },
      "measurements": [
        {
          "metric": "efl_mm",
          "value": 49.646319358152596,
          "unit": "mm",
          "analysis": {
            "sampling": 64,
            "use_polarization": false,
            "wavelength": 1,
            "wavelength_um": 0.55
          }
        },
        {
          "metric": "total_track_mm",
          "value": 52.9375,
          "unit": "mm",
          "analysis": {
            "sampling": 64,
            "use_polarization": false
          }
        },
        {
          "metric": "rms_spot_um",
          "field": 1,
          "wavelength": 1,
          "value": 40.27266491270106,
          "unit": "um",
          "analysis": {
            "sampling": 64,
            "use_polarization": false,
            "field_xy_deg": [
              0.0,
              0.0
            ],
            "wavelength_um": 0.55,
            "scalar": true,
            "sampled_rays": 817,
            "transmitted_rays": 817,
            "method": "geometric RMS radius about centroid",
            "distribution": "hexapolar",
            "num_rings": 16
          }
        },
        {
          "metric": "mtf",
          "field": 1,
          "wavelength": 1,
          "frequency": 20,
          "axis": "tangential",
          "value": 0.27491796393014517,
          "unit": "1",
          "analysis": {
            "sampling": 64,
            "use_polarization": false,
            "field_xy_deg": [
              0.0,
              0.0
            ],
            "wavelength_um": 0.55,
            "scalar": true,
            "method": "scalar FFT MTF",
            "interpolation": "linear, no extrapolation",
            "frequency_range_cyc_per_mm": [
              0.0,
              529.4730396374649
            ]
          }
        },
        {
          "metric": "mtf",
          "field": 1,
          "wavelength": 1,
          "frequency": 20,
          "axis": "sagittal",
          "value": 0.27491796393014517,
          "unit": "1",
          "analysis": {
            "sampling": 64,
            "use_polarization": false,
            "field_xy_deg": [
              0.0,
              0.0
            ],
            "wavelength_um": 0.55,
            "scalar": true,
            "method": "scalar FFT MTF",
            "interpolation": "linear, no extrapolation",
            "frequency_range_cyc_per_mm": [
              0.0,
              529.4730396374649
            ]
          }
        }
      ],
      "assessment": {
        "passes": false,
        "requirements": [
          {
            "id": "focal-length",
            "key": "efl_mm",
            "requirement": {
              "id": "focal-length",
              "metric": "efl_mm",
              "unit": "mm",
              "min": 48,
              "max": 51
            },
            "status": "pass",
            "value": 49.646319358152596,
            "unit": "mm"
          },
          {
            "id": "track",
            "key": "total_track_mm",
            "requirement": {
              "id": "track",
              "metric": "total_track_mm",
              "unit": "mm",
              "max": 65
            },
            "status": "pass",
            "value": 52.9375,
            "unit": "mm"
          },
          {
            "id": "spot",
            "key": "rms_spot_um|f=1|w=1",
            "requirement": {
              "id": "spot",
              "metric": "rms_spot_um",
              "field": 1,
              "wavelength": 1,
              "unit": "um",
              "max": 30
            },
            "status": "fail",
            "value": 40.27266491270106,
            "unit": "um"
          },
          {
            "id": "contrast-t",
            "key": "mtf|f=1|w=1|nu=20|axis=tangential",
            "requirement": {
              "id": "contrast-t",
              "metric": "mtf",
              "field": 1,
              "wavelength": 1,
              "frequency": 20,
              "axis": "tangential",
              "unit": "1",
              "min": 0.3
            },
            "status": "fail",
            "value": 0.27491796393014517,
            "unit": "1"
          },
          {
            "id": "contrast-s",
            "key": "mtf|f=1|w=1|nu=20|axis=sagittal",
            "requirement": {
              "id": "contrast-s",
              "metric": "mtf",
              "field": 1,
              "wavelength": 1,
              "frequency": 20,
              "axis": "sagittal",
              "unit": "1",
              "min": 0.3
            },
            "status": "fail",
            "value": 0.27491796393014517,
            "unit": "1"
          }
        ]
      },
      "objective_breakdown": {
        "aggregation": "weighted_rms",
        "direction": "minimize",
        "value": 0.9681895422547449,
        "unit": "1",
        "terms": [
          {
            "metric": "efl_mm",
            "key": "efl_mm",
            "unit": "mm",
            "value": 49.646319358152596,
            "target": 50,
            "scale": 2,
            "weight": 1,
            "normalized_residual": -0.17684032092370217,
            "weighted_residual": -0.07908539574965529
          },
          {
            "metric": "rms_spot_um",
            "field": 1,
            "wavelength": 1,
            "key": "rms_spot_um|f=1|w=1",
            "unit": "um",
            "value": 40.27266491270106,
            "target": 0,
            "scale": 30,
            "weight": 2,
            "normalized_residual": 1.342422163756702,
            "weighted_residual": 0.8490223237925433
          },
          {
            "metric": "mtf",
            "field": 1,
            "wavelength": 1,
            "frequency": 20,
            "axis": "tangential",
            "key": "mtf|f=1|w=1|nu=20|axis=tangential",
            "unit": "1",
            "value": 0.27491796393014517,
            "target": 1,
            "scale": 1,
            "weight": 1,
            "normalized_residual": -0.7250820360698549,
            "weighted_residual": -0.32426654438323
          },
          {
            "metric": "mtf",
            "field": 1,
            "wavelength": 1,
            "frequency": 20,
            "axis": "sagittal",
            "key": "mtf|f=1|w=1|nu=20|axis=sagittal",
            "unit": "1",
            "value": 0.27491796393014517,
            "target": 1,
            "scale": 1,
            "weight": 1,
            "normalized_residual": -0.7250820360698549,
            "weighted_residual": -0.32426654438323
          }
        ]
      },
      "objective_value": 0.9681895422547449
    },
    {
      "kind": "search",
      "parameters_mm": [
        51.25,
        47.0625
      ],
      "inspection": {
        "engine": {
          "name": "Optiland",
          "version": "0.6.2"
        },
        "focus_mm": 47.0625,
        "invariants": {
          "version": 1.0,
          "name": "Synthetic N-BK7 singlet matching defocused-singlet.zmx prescription",
          "aperture": {
            "type": "EPD",
            "value": 10
          },
          "fields": {
            "fields": [
              {
                "x": 0.0,
                "y": 0,
                "vx": 0.0,
                "vy": 0.0,
                "weight": 1.0
              }
            ],
            "telecentric": false,
            "field_definition": {
              "field_type": "AngleField"
            }
          },
          "wavelengths": {
            "wavelengths": [
              {
                "value": 0.55,
                "is_primary": true,
                "unit": "um",
                "weight": 1.0
              }
            ],
            "polarization": "ignore"
          },
          "apodization": null,
          "pickups": [],
          "solves": {
            "solves": []
          },
          "surface_group": {
            "surfaces": [
              {
                "type": "ObjectSurface",
                "geometry": {
                  "type": "Plane",
                  "cs": {
                    "x": 0.0,
                    "y": 0.0,
                    "z": "-Infinity",
                    "rx": 0.0,
                    "ry": 0.0,
                    "rz": 0.0,
                    "reference_cs": null
                  },
                  "radius": "Infinity"
                },
                "material_post": {
                  "type": "IdealMaterial",
                  "propagation_model": {
                    "class": "HomogeneousPropagation"
                  },
                  "index": 1.0,
                  "absorp": 0.0
                },
                "comment": ""
              },
              {
                "type": "Surface",
                "thickness": 5,
                "geometry": {
                  "type": "StandardGeometry",
                  "cs": {
                    "x": 0.0,
                    "y": 0.0,
                    "z": 0.0,
                    "rx": 0.0,
                    "ry": 0.0,
                    "rz": 0.0,
                    "reference_cs": null
                  },
                  "radius": 51.25,
                  "conic": 0.0
                },
                "material_post": {
                  "type": "Material",
                  "propagation_model": {
                    "class": "HomogeneousPropagation"
                  },
                  "filename": "C:\\Users\\erict\\AppData\\Local\\uv\\cache\\archive-v0\\1oTiDYYjy2XEHm8e\\Lib\\site-packages\\optiland\\database\\data-nk\\glass\\schott\\N-BK7.yml",
                  "name": "N-BK7",
                  "reference": null,
                  "catalog": "schott",
                  "match_policy": "strict",
                  "robust_search": null,
                  "min_wavelength": null,
                  "max_wavelength": null
                },
                "is_stop": true,
                "aperture": null,
                "comment": "",
                "interaction_model": {
                  "type": "RefractiveReflectiveModel",
                  "is_reflective": false,
                  "coating": null,
                  "bsdf": null
                }
              },
              {
                "type": "Surface",
                "geometry": {
                  "type": "StandardGeometry",
                  "cs": {
                    "x": 0.0,
                    "y": 0.0,
                    "z": 5.0,
                    "rx": 0.0,
                    "ry": 0.0,
                    "rz": 0.0,
                    "reference_cs": null
                  },
                  "radius": -50.0,
                  "conic": 0.0
                },
                "material_post": {
                  "type": "IdealMaterial",
                  "propagation_model": {
                    "class": "HomogeneousPropagation"
                  },
                  "index": 1.0,
                  "absorp": 0.0
                },
                "is_stop": false,
                "aperture": null,
                "comment": "",
                "interaction_model": {
                  "type": "RefractiveReflectiveModel",
                  "is_reflective": false,
                  "coating": null,
                  "bsdf": null
                }
              },
              {
                "type": "Surface",
                "thickness": 0.0,
                "geometry": {
                  "type": "Plane",
                  "cs": {
                    "x": 0.0,
                    "y": 0.0,
                    "rx": 0.0,
                    "ry": 0.0,
                    "rz": 0.0,
                    "reference_cs": null
                  },
                  "radius": "Infinity"
                },
                "material_post": {
                  "type": "IdealMaterial",
                  "propagation_model": {
                    "class": "HomogeneousPropagation"
                  },
                  "index": 1.0,
                  "absorp": 0.0
                },
                "is_stop": false,
                "aperture": null,
                "comment": "",
                "interaction_model": {
                  "type": "RefractiveReflectiveModel",
                  "is_reflective": false,
                  "coating": null,
                  "bsdf": null
                }
              }
            ]
          },
          "ray_tracer": {
            "ray_aiming_config": {
              "mode": "paraxial",
              "max_iter": 10,
              "tol": 1e-06
            }
          }
        },
        "prescription": [
          {
            "index": 0,
            "is_image": false,
            "radius_mm": "Infinity",
            "thickness_mm": null
          },
          {
            "index": 1,
            "is_image": false,
            "radius_mm": 51.25,
            "thickness_mm": 5
          },
          {
            "index": 2,
            "is_image": false,
            "radius_mm": -50.0,
            "thickness_mm": 47.0625
          },
          {
            "index": 3,
            "is_image": true,
            "radius_mm": "Infinity",
            "thickness_mm": 0.0
          }
        ],
        "surfaces": [
          {
            "index": 0,
            "is_image": false,
            "radius_mm": "Infinity",
            "thickness_mm": null
          },
          {
            "index": 1,
            "is_image": false,
            "radius_mm": 51.25,
            "thickness_mm": 5
          },
          {
            "index": 2,
            "is_image": false,
            "radius_mm": -50.0,
            "thickness_mm": 47.0625
          },
          {
            "index": 3,
            "is_image": true,
            "radius_mm": "Infinity",
            "thickness_mm": 0.0
          }
        ],
        "axial_positions_mm": [
          "-Infinity",
          0.0,
          5.0,
          52.0625
        ],
        "image_surface": 3,
        "import_restrictions": {
          "format": "Optiland native JSON",
          "restrictions": "Centered spherical/plane refractive surfaces in air; EPD; meridional angle fields; millimetres; scalar analysis; no solves, pickups, configurations, coatings, scattering, apodization or unsupported directives. Catalog glass requires an explicit catalog and exact material lookup. Native JSON export only."
        }
      },
      "measurements": [
        {
          "metric": "efl_mm",
          "value": 49.646319358152596,
          "unit": "mm",
          "analysis": {
            "sampling": 64,
            "use_polarization": false,
            "wavelength": 1,
            "wavelength_um": 0.55
          }
        },
        {
          "metric": "total_track_mm",
          "value": 52.0625,
          "unit": "mm",
          "analysis": {
            "sampling": 64,
            "use_polarization": false
          }
        },
        {
          "metric": "rms_spot_um",
          "field": 1,
          "wavelength": 1,
          "value": 31.028229048595694,
          "unit": "um",
          "analysis": {
            "sampling": 64,
            "use_polarization": false,
            "field_xy_deg": [
              0.0,
              0.0
            ],
            "wavelength_um": 0.55,
            "scalar": true,
            "sampled_rays": 817,
            "transmitted_rays": 817,
            "method": "geometric RMS radius about centroid",
            "distribution": "hexapolar",
            "num_rings": 16
          }
        },
        {
          "metric": "mtf",
          "field": 1,
          "wavelength": 1,
          "frequency": 20,
          "axis": "tangential",
          "value": 0.14323321551521934,
          "unit": "1",
          "analysis": {
            "sampling": 64,
            "use_polarization": false,
            "field_xy_deg": [
              0.0,
              0.0
            ],
            "wavelength_um": 0.55,
            "scalar": true,
            "method": "scalar FFT MTF",
            "interpolation": "linear, no extrapolation",
            "frequency_range_cyc_per_mm": [
              0.0,
              529.4730396374649
            ]
          }
        },
        {
          "metric": "mtf",
          "field": 1,
          "wavelength": 1,
          "frequency": 20,
          "axis": "sagittal",
          "value": 0.14323321551521934,
          "unit": "1",
          "analysis": {
            "sampling": 64,
            "use_polarization": false,
            "field_xy_deg": [
              0.0,
              0.0
            ],
            "wavelength_um": 0.55,
            "scalar": true,
            "method": "scalar FFT MTF",
            "interpolation": "linear, no extrapolation",
            "frequency_range_cyc_per_mm": [
              0.0,
              529.4730396374649
            ]
          }
        }
      ],
      "assessment": {
        "passes": false,
        "requirements": [
          {
            "id": "focal-length",
            "key": "efl_mm",
            "requirement": {
              "id": "focal-length",
              "metric": "efl_mm",
              "unit": "mm",
              "min": 48,
              "max": 51
            },
            "status": "pass",
            "value": 49.646319358152596,
            "unit": "mm"
          },
          {
            "id": "track",
            "key": "total_track_mm",
            "requirement": {
              "id": "track",
              "metric": "total_track_mm",
              "unit": "mm",
              "max": 65
            },
            "status": "pass",
            "value": 52.0625,
            "unit": "mm"
          },
          {
            "id": "spot",
            "key": "rms_spot_um|f=1|w=1",
            "requirement": {
              "id": "spot",
              "metric": "rms_spot_um",
              "field": 1,
              "wavelength": 1,
              "unit": "um",
              "max": 30
            },
            "status": "fail",
            "value": 31.028229048595694,
            "unit": "um"
          },
          {
            "id": "contrast-t",
            "key": "mtf|f=1|w=1|nu=20|axis=tangential",
            "requirement": {
              "id": "contrast-t",
              "metric": "mtf",
              "field": 1,
              "wavelength": 1,
              "frequency": 20,
              "axis": "tangential",
              "unit": "1",
              "min": 0.3
            },
            "status": "fail",
            "value": 0.14323321551521934,
            "unit": "1"
          },
          {
            "id": "contrast-s",
            "key": "mtf|f=1|w=1|nu=20|axis=sagittal",
            "requirement": {
              "id": "contrast-s",
              "metric": "mtf",
              "field": 1,
              "wavelength": 1,
              "frequency": 20,
              "axis": "sagittal",
              "unit": "1",
              "min": 0.3
            },
            "status": "fail",
            "value": 0.14323321551521934,
            "unit": "1"
          }
        ]
      },
      "objective_breakdown": {
        "aggregation": "weighted_rms",
        "direction": "minimize",
        "value": 0.8530905939089545,
        "unit": "1",
        "terms": [
          {
            "metric": "efl_mm",
            "key": "efl_mm",
            "unit": "mm",
            "value": 49.646319358152596,
            "target": 50,
            "scale": 2,
            "weight": 1,
            "normalized_residual": -0.17684032092370217,
            "weighted_residual": -0.07908539574965529
          },
          {
            "metric": "rms_spot_um",
            "field": 1,
            "wavelength": 1,
            "key": "rms_spot_um|f=1|w=1",
            "unit": "um",
            "value": 31.028229048595694,
            "target": 0,
            "scale": 30,
            "weight": 2,
            "normalized_residual": 1.0342743016198566,
            "weighted_residual": 0.654132503699745
          },
          {
            "metric": "mtf",
            "field": 1,
            "wavelength": 1,
            "frequency": 20,
            "axis": "tangential",
            "key": "mtf|f=1|w=1|nu=20|axis=tangential",
            "unit": "1",
            "value": 0.14323321551521934,
            "target": 1,
            "scale": 1,
            "weight": 1,
            "normalized_residual": -0.8567667844847806,
            "weighted_residual": -0.3831577541943763
          },
          {
            "metric": "mtf",
            "field": 1,
            "wavelength": 1,
            "frequency": 20,
            "axis": "sagittal",
            "key": "mtf|f=1|w=1|nu=20|axis=sagittal",
            "unit": "1",
            "value": 0.14323321551521934,
            "target": 1,
            "scale": 1,
            "weight": 1,
            "normalized_residual": -0.8567667844847806,
            "weighted_residual": -0.3831577541943763
          }
        ]
      },
      "objective_value": 0.8530905939089545
    },
    {
      "kind": "search",
      "parameters_mm": [
        51.375,
        47.5
      ],
      "inspection": {
        "engine": {
          "name": "Optiland",
          "version": "0.6.2"
        },
        "focus_mm": 47.5,
        "invariants": {
          "version": 1.0,
          "name": "Synthetic N-BK7 singlet matching defocused-singlet.zmx prescription",
          "aperture": {
            "type": "EPD",
            "value": 10
          },
          "fields": {
            "fields": [
              {
                "x": 0.0,
                "y": 0,
                "vx": 0.0,
                "vy": 0.0,
                "weight": 1.0
              }
            ],
            "telecentric": false,
            "field_definition": {
              "field_type": "AngleField"
            }
          },
          "wavelengths": {
            "wavelengths": [
              {
                "value": 0.55,
                "is_primary": true,
                "unit": "um",
                "weight": 1.0
              }
            ],
            "polarization": "ignore"
          },
          "apodization": null,
          "pickups": [],
          "solves": {
            "solves": []
          },
          "surface_group": {
            "surfaces": [
              {
                "type": "ObjectSurface",
                "geometry": {
                  "type": "Plane",
                  "cs": {
                    "x": 0.0,
                    "y": 0.0,
                    "z": "-Infinity",
                    "rx": 0.0,
                    "ry": 0.0,
                    "rz": 0.0,
                    "reference_cs": null
                  },
                  "radius": "Infinity"
                },
                "material_post": {
                  "type": "IdealMaterial",
                  "propagation_model": {
                    "class": "HomogeneousPropagation"
                  },
                  "index": 1.0,
                  "absorp": 0.0
                },
                "comment": ""
              },
              {
                "type": "Surface",
                "thickness": 5,
                "geometry": {
                  "type": "StandardGeometry",
                  "cs": {
                    "x": 0.0,
                    "y": 0.0,
                    "z": 0.0,
                    "rx": 0.0,
                    "ry": 0.0,
                    "rz": 0.0,
                    "reference_cs": null
                  },
                  "radius": 51.375,
                  "conic": 0.0
                },
                "material_post": {
                  "type": "Material",
                  "propagation_model": {
                    "class": "HomogeneousPropagation"
                  },
                  "filename": "C:\\Users\\erict\\AppData\\Local\\uv\\cache\\archive-v0\\1oTiDYYjy2XEHm8e\\Lib\\site-packages\\optiland\\database\\data-nk\\glass\\schott\\N-BK7.yml",
                  "name": "N-BK7",
                  "reference": null,
                  "catalog": "schott",
                  "match_policy": "strict",
                  "robust_search": null,
                  "min_wavelength": null,
                  "max_wavelength": null
                },
                "is_stop": true,
                "aperture": null,
                "comment": "",
                "interaction_model": {
                  "type": "RefractiveReflectiveModel",
                  "is_reflective": false,
                  "coating": null,
                  "bsdf": null
                }
              },
              {
                "type": "Surface",
                "geometry": {
                  "type": "StandardGeometry",
                  "cs": {
                    "x": 0.0,
                    "y": 0.0,
                    "z": 5.0,
                    "rx": 0.0,
                    "ry": 0.0,
                    "rz": 0.0,
                    "reference_cs": null
                  },
                  "radius": -50.0,
                  "conic": 0.0
                },
                "material_post": {
                  "type": "IdealMaterial",
                  "propagation_model": {
                    "class": "HomogeneousPropagation"
                  },
                  "index": 1.0,
                  "absorp": 0.0
                },
                "is_stop": false,
                "aperture": null,
                "comment": "",
                "interaction_model": {
                  "type": "RefractiveReflectiveModel",
                  "is_reflective": false,
                  "coating": null,
                  "bsdf": null
                }
              },
              {
                "type": "Surface",
                "thickness": 0.0,
                "geometry": {
                  "type": "Plane",
                  "cs": {
                    "x": 0.0,
                    "y": 0.0,
                    "rx": 0.0,
                    "ry": 0.0,
                    "rz": 0.0,
                    "reference_cs": null
                  },
                  "radius": "Infinity"
                },
                "material_post": {
                  "type": "IdealMaterial",
                  "propagation_model": {
                    "class": "HomogeneousPropagation"
                  },
                  "index": 1.0,
                  "absorp": 0.0
                },
                "is_stop": false,
                "aperture": null,
                "comment": "",
                "interaction_model": {
                  "type": "RefractiveReflectiveModel",
                  "is_reflective": false,
                  "coating": null,
                  "bsdf": null
                }
              }
            ]
          },
          "ray_tracer": {
            "ray_aiming_config": {
              "mode": "paraxial",
              "max_iter": 10,
              "tol": 1e-06
            }
          }
        },
        "prescription": [
          {
            "index": 0,
            "is_image": false,
            "radius_mm": "Infinity",
            "thickness_mm": null
          },
          {
            "index": 1,
            "is_image": false,
            "radius_mm": 51.375,
            "thickness_mm": 5
          },
          {
            "index": 2,
            "is_image": false,
            "radius_mm": -50.0,
            "thickness_mm": 47.5
          },
          {
            "index": 3,
            "is_image": true,
            "radius_mm": "Infinity",
            "thickness_mm": 0.0
          }
        ],
        "surfaces": [
          {
            "index": 0,
            "is_image": false,
            "radius_mm": "Infinity",
            "thickness_mm": null
          },
          {
            "index": 1,
            "is_image": false,
            "radius_mm": 51.375,
            "thickness_mm": 5
          },
          {
            "index": 2,
            "is_image": false,
            "radius_mm": -50.0,
            "thickness_mm": 47.5
          },
          {
            "index": 3,
            "is_image": true,
            "radius_mm": "Infinity",
            "thickness_mm": 0.0
          }
        ],
        "axial_positions_mm": [
          "-Infinity",
          0.0,
          5.0,
          52.5
        ],
        "image_surface": 3,
        "import_restrictions": {
          "format": "Optiland native JSON",
          "restrictions": "Centered spherical/plane refractive surfaces in air; EPD; meridional angle fields; millimetres; scalar analysis; no solves, pickups, configurations, coatings, scattering, apodization or unsupported directives. Catalog glass requires an explicit catalog and exact material lookup. Native JSON export only."
        }
      },
      "measurements": [
        {
          "metric": "efl_mm",
          "value": 49.7049912554834,
          "unit": "mm",
          "analysis": {
            "sampling": 64,
            "use_polarization": false,
            "wavelength": 1,
            "wavelength_um": 0.55
          }
        },
        {
          "metric": "total_track_mm",
          "value": 52.5,
          "unit": "mm",
          "analysis": {
            "sampling": 64,
            "use_polarization": false
          }
        },
        {
          "metric": "rms_spot_um",
          "field": 1,
          "wavelength": 1,
          "value": 14.642499494821715,
          "unit": "um",
          "analysis": {
            "sampling": 64,
            "use_polarization": false,
            "field_xy_deg": [
              0.0,
              0.0
            ],
            "wavelength_um": 0.55,
            "scalar": true,
            "sampled_rays": 817,
            "transmitted_rays": 817,
            "method": "geometric RMS radius about centroid",
            "distribution": "hexapolar",
            "num_rings": 16
          }
        },
        {
          "metric": "mtf",
          "field": 1,
          "wavelength": 1,
          "frequency": 20,
          "axis": "tangential",
          "value": 0.48560084963225253,
          "unit": "1",
          "analysis": {
            "sampling": 64,
            "use_polarization": false,
            "field_xy_deg": [
              0.0,
              0.0
            ],
            "wavelength_um": 0.55,
            "scalar": true,
            "method": "scalar FFT MTF",
            "interpolation": "linear, no extrapolation",
            "frequency_range_cyc_per_mm": [
              0.0,
              528.8413640677744
            ]
          }
        },
        {
          "metric": "mtf",
          "field": 1,
          "wavelength": 1,
          "frequency": 20,
          "axis": "sagittal",
          "value": 0.48560084963225253,
          "unit": "1",
          "analysis": {
            "sampling": 64,
            "use_polarization": false,
            "field_xy_deg": [
              0.0,
              0.0
            ],
            "wavelength_um": 0.55,
            "scalar": true,
            "method": "scalar FFT MTF",
            "interpolation": "linear, no extrapolation",
            "frequency_range_cyc_per_mm": [
              0.0,
              528.8413640677744
            ]
          }
        }
      ],
      "assessment": {
        "passes": true,
        "requirements": [
          {
            "id": "focal-length",
            "key": "efl_mm",
            "requirement": {
              "id": "focal-length",
              "metric": "efl_mm",
              "unit": "mm",
              "min": 48,
              "max": 51
            },
            "status": "pass",
            "value": 49.7049912554834,
            "unit": "mm"
          },
          {
            "id": "track",
            "key": "total_track_mm",
            "requirement": {
              "id": "track",
              "metric": "total_track_mm",
              "unit": "mm",
              "max": 65
            },
            "status": "pass",
            "value": 52.5,
            "unit": "mm"
          },
          {
            "id": "spot",
            "key": "rms_spot_um|f=1|w=1",
            "requirement": {
              "id": "spot",
              "metric": "rms_spot_um",
              "field": 1,
              "wavelength": 1,
              "unit": "um",
              "max": 30
            },
            "status": "pass",
            "value": 14.642499494821715,
            "unit": "um"
          },
          {
            "id": "contrast-t",
            "key": "mtf|f=1|w=1|nu=20|axis=tangential",
            "requirement": {
              "id": "contrast-t",
              "metric": "mtf",
              "field": 1,
              "wavelength": 1,
              "frequency": 20,
              "axis": "tangential",
              "unit": "1",
              "min": 0.3
            },
            "status": "pass",
            "value": 0.48560084963225253,
            "unit": "1"
          },
          {
            "id": "contrast-s",
            "key": "mtf|f=1|w=1|nu=20|axis=sagittal",
            "requirement": {
              "id": "contrast-s",
              "metric": "mtf",
              "field": 1,
              "wavelength": 1,
              "frequency": 20,
              "axis": "sagittal",
              "unit": "1",
              "min": 0.3
            },
            "status": "pass",
            "value": 0.48560084963225253,
            "unit": "1"
          }
        ]
      },
      "objective_breakdown": {
        "aggregation": "weighted_rms",
        "direction": "minimize",
        "value": 0.4533036861339453,
        "unit": "1",
        "terms": [
          {
            "metric": "efl_mm",
            "key": "efl_mm",
            "unit": "mm",
            "value": 49.7049912554834,
            "target": 50,
            "scale": 2,
            "weight": 1,
            "normalized_residual": -0.14750437225830026,
            "weighted_residual": -0.06596596066959871
          },
          {
            "metric": "rms_spot_um",
            "field": 1,
            "wavelength": 1,
            "key": "rms_spot_um|f=1|w=1",
            "unit": "um",
            "value": 14.642499494821715,
            "target": 0,
            "scale": 30,
            "weight": 2,
            "normalized_residual": 0.4880833164940572,
            "weighted_residual": 0.30869099361000996
          },
          {
            "metric": "mtf",
            "field": 1,
            "wavelength": 1,
            "frequency": 20,
            "axis": "tangential",
            "key": "mtf|f=1|w=1|nu=20|axis=tangential",
            "unit": "1",
            "value": 0.48560084963225253,
            "target": 1,
            "scale": 1,
            "weight": 1,
            "normalized_residual": -0.5143991503677474,
            "weighted_residual": -0.23004629355808381
          },
          {
            "metric": "mtf",
            "field": 1,
            "wavelength": 1,
            "frequency": 20,
            "axis": "sagittal",
            "key": "mtf|f=1|w=1|nu=20|axis=sagittal",
            "unit": "1",
            "value": 0.48560084963225253,
            "target": 1,
            "scale": 1,
            "weight": 1,
            "normalized_residual": -0.5143991503677474,
            "weighted_residual": -0.23004629355808381
          }
        ]
      },
      "objective_value": 0.4533036861339453
    },
    {
      "kind": "search",
      "parameters_mm": [
        51.125,
        47.5
      ],
      "inspection": {
        "engine": {
          "name": "Optiland",
          "version": "0.6.2"
        },
        "focus_mm": 47.5,
        "invariants": {
          "version": 1.0,
          "name": "Synthetic N-BK7 singlet matching defocused-singlet.zmx prescription",
          "aperture": {
            "type": "EPD",
            "value": 10
          },
          "fields": {
            "fields": [
              {
                "x": 0.0,
                "y": 0,
                "vx": 0.0,
                "vy": 0.0,
                "weight": 1.0
              }
            ],
            "telecentric": false,
            "field_definition": {
              "field_type": "AngleField"
            }
          },
          "wavelengths": {
            "wavelengths": [
              {
                "value": 0.55,
                "is_primary": true,
                "unit": "um",
                "weight": 1.0
              }
            ],
            "polarization": "ignore"
          },
          "apodization": null,
          "pickups": [],
          "solves": {
            "solves": []
          },
          "surface_group": {
            "surfaces": [
              {
                "type": "ObjectSurface",
                "geometry": {
                  "type": "Plane",
                  "cs": {
                    "x": 0.0,
                    "y": 0.0,
                    "z": "-Infinity",
                    "rx": 0.0,
                    "ry": 0.0,
                    "rz": 0.0,
                    "reference_cs": null
                  },
                  "radius": "Infinity"
                },
                "material_post": {
                  "type": "IdealMaterial",
                  "propagation_model": {
                    "class": "HomogeneousPropagation"
                  },
                  "index": 1.0,
                  "absorp": 0.0
                },
                "comment": ""
              },
              {
                "type": "Surface",
                "thickness": 5,
                "geometry": {
                  "type": "StandardGeometry",
                  "cs": {
                    "x": 0.0,
                    "y": 0.0,
                    "z": 0.0,
                    "rx": 0.0,
                    "ry": 0.0,
                    "rz": 0.0,
                    "reference_cs": null
                  },
                  "radius": 51.125,
                  "conic": 0.0
                },
                "material_post": {
                  "type": "Material",
                  "propagation_model": {
                    "class": "HomogeneousPropagation"
                  },
                  "filename": "C:\\Users\\erict\\AppData\\Local\\uv\\cache\\archive-v0\\1oTiDYYjy2XEHm8e\\Lib\\site-packages\\optiland\\database\\data-nk\\glass\\schott\\N-BK7.yml",
                  "name": "N-BK7",
                  "reference": null,
                  "catalog": "schott",
                  "match_policy": "strict",
                  "robust_search": null,
                  "min_wavelength": null,
                  "max_wavelength": null
                },
                "is_stop": true,
                "aperture": null,
                "comment": "",
                "interaction_model": {
                  "type": "RefractiveReflectiveModel",
                  "is_reflective": false,
                  "coating": null,
                  "bsdf": null
                }
              },
              {
                "type": "Surface",
                "geometry": {
                  "type": "StandardGeometry",
                  "cs": {
                    "x": 0.0,
                    "y": 0.0,
                    "z": 5.0,
                    "rx": 0.0,
                    "ry": 0.0,
                    "rz": 0.0,
                    "reference_cs": null
                  },
                  "radius": -50.0,
                  "conic": 0.0
                },
                "material_post": {
                  "type": "IdealMaterial",
                  "propagation_model": {
                    "class": "HomogeneousPropagation"
                  },
                  "index": 1.0,
                  "absorp": 0.0
                },
                "is_stop": false,
                "aperture": null,
                "comment": "",
                "interaction_model": {
                  "type": "RefractiveReflectiveModel",
                  "is_reflective": false,
                  "coating": null,
                  "bsdf": null
                }
              },
              {
                "type": "Surface",
                "thickness": 0.0,
                "geometry": {
                  "type": "Plane",
                  "cs": {
                    "x": 0.0,
                    "y": 0.0,
                    "rx": 0.0,
                    "ry": 0.0,
                    "rz": 0.0,
                    "reference_cs": null
                  },
                  "radius": "Infinity"
                },
                "material_post": {
                  "type": "IdealMaterial",
                  "propagation_model": {
                    "class": "HomogeneousPropagation"
                  },
                  "index": 1.0,
                  "absorp": 0.0
                },
                "is_stop": false,
                "aperture": null,
                "comment": "",
                "interaction_model": {
                  "type": "RefractiveReflectiveModel",
                  "is_reflective": false,
                  "coating": null,
                  "bsdf": null
                }
              }
            ]
          },
          "ray_tracer": {
            "ray_aiming_config": {
              "mode": "paraxial",
              "max_iter": 10,
              "tol": 1e-06
            }
          }
        },
        "prescription": [
          {
            "index": 0,
            "is_image": false,
            "radius_mm": "Infinity",
            "thickness_mm": null
          },
          {
            "index": 1,
            "is_image": false,
            "radius_mm": 51.125,
            "thickness_mm": 5
          },
          {
            "index": 2,
            "is_image": false,
            "radius_mm": -50.0,
            "thickness_mm": 47.5
          },
          {
            "index": 3,
            "is_image": true,
            "radius_mm": "Infinity",
            "thickness_mm": 0.0
          }
        ],
        "surfaces": [
          {
            "index": 0,
            "is_image": false,
            "radius_mm": "Infinity",
            "thickness_mm": null
          },
          {
            "index": 1,
            "is_image": false,
            "radius_mm": 51.125,
            "thickness_mm": 5
          },
          {
            "index": 2,
            "is_image": false,
            "radius_mm": -50.0,
            "thickness_mm": 47.5
          },
          {
            "index": 3,
            "is_image": true,
            "radius_mm": "Infinity",
            "thickness_mm": 0.0
          }
        ],
        "axial_positions_mm": [
          "-Infinity",
          0.0,
          5.0,
          52.5
        ],
        "image_surface": 3,
        "import_restrictions": {
          "format": "Optiland native JSON",
          "restrictions": "Centered spherical/plane refractive surfaces in air; EPD; meridional angle fields; millimetres; scalar analysis; no solves, pickups, configurations, coatings, scattering, apodization or unsupported directives. Catalog glass requires an explicit catalog and exact material lookup. Native JSON export only."
        }
      },
      "measurements": [
        {
          "metric": "efl_mm",
          "value": 49.58749992192189,
          "unit": "mm",
          "analysis": {
            "sampling": 64,
            "use_polarization": false,
            "wavelength": 1,
            "wavelength_um": 0.55
          }
        },
        {
          "metric": "total_track_mm",
          "value": 52.5,
          "unit": "mm",
          "analysis": {
            "sampling": 64,
            "use_polarization": false
          }
        },
        {
          "metric": "rms_spot_um",
          "field": 1,
          "wavelength": 1,
          "value": 17.527458771245563,
          "unit": "um",
          "analysis": {
            "sampling": 64,
            "use_polarization": false,
            "field_xy_deg": [
              0.0,
              0.0
            ],
            "wavelength_um": 0.55,
            "scalar": true,
            "sampled_rays": 817,
            "transmitted_rays": 817,
            "method": "geometric RMS radius about centroid",
            "distribution": "hexapolar",
            "num_rings": 16
          }
        },
        {
          "metric": "mtf",
          "field": 1,
          "wavelength": 1,
          "frequency": 20,
          "axis": "tangential",
          "value": 0.5456826766098831,
          "unit": "1",
          "analysis": {
            "sampling": 64,
            "use_polarization": false,
            "field_xy_deg": [
              0.0,
              0.0
            ],
            "wavelength_um": 0.55,
            "scalar": true,
            "method": "scalar FFT MTF",
            "interpolation": "linear, no extrapolation",
            "frequency_range_cyc_per_mm": [
              0.0,
              530.1078403158771
            ]
          }
        },
        {
          "metric": "mtf",
          "field": 1,
          "wavelength": 1,
          "frequency": 20,
          "axis": "sagittal",
          "value": 0.5456826766098269,
          "unit": "1",
          "analysis": {
            "sampling": 64,
            "use_polarization": false,
            "field_xy_deg": [
              0.0,
              0.0
            ],
            "wavelength_um": 0.55,
            "scalar": true,
            "method": "scalar FFT MTF",
            "interpolation": "linear, no extrapolation",
            "frequency_range_cyc_per_mm": [
              0.0,
              530.1078403158771
            ]
          }
        }
      ],
      "assessment": {
        "passes": true,
        "requirements": [
          {
            "id": "focal-length",
            "key": "efl_mm",
            "requirement": {
              "id": "focal-length",
              "metric": "efl_mm",
              "unit": "mm",
              "min": 48,
              "max": 51
            },
            "status": "pass",
            "value": 49.58749992192189,
            "unit": "mm"
          },
          {
            "id": "track",
            "key": "total_track_mm",
            "requirement": {
              "id": "track",
              "metric": "total_track_mm",
              "unit": "mm",
              "max": 65
            },
            "status": "pass",
            "value": 52.5,
            "unit": "mm"
          },
          {
            "id": "spot",
            "key": "rms_spot_um|f=1|w=1",
            "requirement": {
              "id": "spot",
              "metric": "rms_spot_um",
              "field": 1,
              "wavelength": 1,
              "unit": "um",
              "max": 30
            },
            "status": "pass",
            "value": 17.527458771245563,
            "unit": "um"
          },
          {
            "id": "contrast-t",
            "key": "mtf|f=1|w=1|nu=20|axis=tangential",
            "requirement": {
              "id": "contrast-t",
              "metric": "mtf",
              "field": 1,
              "wavelength": 1,
              "frequency": 20,
              "axis": "tangential",
              "unit": "1",
              "min": 0.3
            },
            "status": "pass",
            "value": 0.5456826766098831,
            "unit": "1"
          },
          {
            "id": "contrast-s",
            "key": "mtf|f=1|w=1|nu=20|axis=sagittal",
            "requirement": {
              "id": "contrast-s",
              "metric": "mtf",
              "field": 1,
              "wavelength": 1,
              "frequency": 20,
              "axis": "sagittal",
              "unit": "1",
              "min": 0.3
            },
            "status": "pass",
            "value": 0.5456826766098269,
            "unit": "1"
          }
        ]
      },
      "objective_breakdown": {
        "aggregation": "weighted_rms",
        "direction": "minimize",
        "value": 0.477082896895747,
        "unit": "1",
        "terms": [
          {
            "metric": "efl_mm",
            "key": "efl_mm",
            "unit": "mm",
            "value": 49.58749992192189,
            "target": 50,
            "scale": 2,
            "weight": 1,
            "normalized_residual": -0.20625003903905537,
            "weighted_residual": -0.09223782153066264
          },
          {
            "metric": "rms_spot_um",
            "field": 1,
            "wavelength": 1,
            "key": "rms_spot_um|f=1|w=1",
            "unit": "um",
            "value": 17.527458771245563,
            "target": 0,
            "scale": 30,
            "weight": 2,
            "normalized_residual": 0.5842486257081855,
            "weighted_residual": 0.3695112754122144
          },
          {
            "metric": "mtf",
            "field": 1,
            "wavelength": 1,
            "frequency": 20,
            "axis": "tangential",
            "key": "mtf|f=1|w=1|nu=20|axis=tangential",
            "unit": "1",
            "value": 0.5456826766098831,
            "target": 1,
            "scale": 1,
            "weight": 1,
            "normalized_residual": -0.4543173233901169,
            "weighted_residual": -0.2031768836912113
          },
          {
            "metric": "mtf",
            "field": 1,
            "wavelength": 1,
            "frequency": 20,
            "axis": "sagittal",
            "key": "mtf|f=1|w=1|nu=20|axis=sagittal",
            "unit": "1",
            "value": 0.5456826766098269,
            "target": 1,
            "scale": 1,
            "weight": 1,
            "normalized_residual": -0.45431732339017306,
            "weighted_residual": -0.20317688369123643
          }
        ]
      },
      "objective_value": 0.477082896895747
    },
    {
      "kind": "search",
      "parameters_mm": [
        51.25,
        47.71875
      ],
      "inspection": {
        "engine": {
          "name": "Optiland",
          "version": "0.6.2"
        },
        "focus_mm": 47.71875,
        "invariants": {
          "version": 1.0,
          "name": "Synthetic N-BK7 singlet matching defocused-singlet.zmx prescription",
          "aperture": {
            "type": "EPD",
            "value": 10
          },
          "fields": {
            "fields": [
              {
                "x": 0.0,
                "y": 0,
                "vx": 0.0,
                "vy": 0.0,
                "weight": 1.0
              }
            ],
            "telecentric": false,
            "field_definition": {
              "field_type": "AngleField"
            }
          },
          "wavelengths": {
            "wavelengths": [
              {
                "value": 0.55,
                "is_primary": true,
                "unit": "um",
                "weight": 1.0
              }
            ],
            "polarization": "ignore"
          },
          "apodization": null,
          "pickups": [],
          "solves": {
            "solves": []
          },
          "surface_group": {
            "surfaces": [
              {
                "type": "ObjectSurface",
                "geometry": {
                  "type": "Plane",
                  "cs": {
                    "x": 0.0,
                    "y": 0.0,
                    "z": "-Infinity",
                    "rx": 0.0,
                    "ry": 0.0,
                    "rz": 0.0,
                    "reference_cs": null
                  },
                  "radius": "Infinity"
                },
                "material_post": {
                  "type": "IdealMaterial",
                  "propagation_model": {
                    "class": "HomogeneousPropagation"
                  },
                  "index": 1.0,
                  "absorp": 0.0
                },
                "comment": ""
              },
              {
                "type": "Surface",
                "thickness": 5,
                "geometry": {
                  "type": "StandardGeometry",
                  "cs": {
                    "x": 0.0,
                    "y": 0.0,
                    "z": 0.0,
                    "rx": 0.0,
                    "ry": 0.0,
                    "rz": 0.0,
                    "reference_cs": null
                  },
                  "radius": 51.25,
                  "conic": 0.0
                },
                "material_post": {
                  "type": "Material",
                  "propagation_model": {
                    "class": "HomogeneousPropagation"
                  },
                  "filename": "C:\\Users\\erict\\AppData\\Local\\uv\\cache\\archive-v0\\1oTiDYYjy2XEHm8e\\Lib\\site-packages\\optiland\\database\\data-nk\\glass\\schott\\N-BK7.yml",
                  "name": "N-BK7",
                  "reference": null,
                  "catalog": "schott",
                  "match_policy": "strict",
                  "robust_search": null,
                  "min_wavelength": null,
                  "max_wavelength": null
                },
                "is_stop": true,
                "aperture": null,
                "comment": "",
                "interaction_model": {
                  "type": "RefractiveReflectiveModel",
                  "is_reflective": false,
                  "coating": null,
                  "bsdf": null
                }
              },
              {
                "type": "Surface",
                "geometry": {
                  "type": "StandardGeometry",
                  "cs": {
                    "x": 0.0,
                    "y": 0.0,
                    "z": 5.0,
                    "rx": 0.0,
                    "ry": 0.0,
                    "rz": 0.0,
                    "reference_cs": null
                  },
                  "radius": -50.0,
                  "conic": 0.0
                },
                "material_post": {
                  "type": "IdealMaterial",
                  "propagation_model": {
                    "class": "HomogeneousPropagation"
                  },
                  "index": 1.0,
                  "absorp": 0.0
                },
                "is_stop": false,
                "aperture": null,
                "comment": "",
                "interaction_model": {
                  "type": "RefractiveReflectiveModel",
                  "is_reflective": false,
                  "coating": null,
                  "bsdf": null
                }
              },
              {
                "type": "Surface",
                "thickness": 0.0,
                "geometry": {
                  "type": "Plane",
                  "cs": {
                    "x": 0.0,
                    "y": 0.0,
                    "rx": 0.0,
                    "ry": 0.0,
                    "rz": 0.0,
                    "reference_cs": null
                  },
                  "radius": "Infinity"
                },
                "material_post": {
                  "type": "IdealMaterial",
                  "propagation_model": {
                    "class": "HomogeneousPropagation"
                  },
                  "index": 1.0,
                  "absorp": 0.0
                },
                "is_stop": false,
                "aperture": null,
                "comment": "",
                "interaction_model": {
                  "type": "RefractiveReflectiveModel",
                  "is_reflective": false,
                  "coating": null,
                  "bsdf": null
                }
              }
            ]
          },
          "ray_tracer": {
            "ray_aiming_config": {
              "mode": "paraxial",
              "max_iter": 10,
              "tol": 1e-06
            }
          }
        },
        "prescription": [
          {
            "index": 0,
            "is_image": false,
            "radius_mm": "Infinity",
            "thickness_mm": null
          },
          {
            "index": 1,
            "is_image": false,
            "radius_mm": 51.25,
            "thickness_mm": 5
          },
          {
            "index": 2,
            "is_image": false,
            "radius_mm": -50.0,
            "thickness_mm": 47.71875
          },
          {
            "index": 3,
            "is_image": true,
            "radius_mm": "Infinity",
            "thickness_mm": 0.0
          }
        ],
        "surfaces": [
          {
            "index": 0,
            "is_image": false,
            "radius_mm": "Infinity",
            "thickness_mm": null
          },
          {
            "index": 1,
            "is_image": false,
            "radius_mm": 51.25,
            "thickness_mm": 5
          },
          {
            "index": 2,
            "is_image": false,
            "radius_mm": -50.0,
            "thickness_mm": 47.71875
          },
          {
            "index": 3,
            "is_image": true,
            "radius_mm": "Infinity",
            "thickness_mm": 0.0
          }
        ],
        "axial_positions_mm": [
          "-Infinity",
          0.0,
          5.0,
          52.71875
        ],
        "image_surface": 3,
        "import_restrictions": {
          "format": "Optiland native JSON",
          "restrictions": "Centered spherical/plane refractive surfaces in air; EPD; meridional angle fields; millimetres; scalar analysis; no solves, pickups, configurations, coatings, scattering, apodization or unsupported directives. Catalog glass requires an explicit catalog and exact material lookup. Native JSON export only."
        }
      },
      "measurements": [
        {
          "metric": "efl_mm",
          "value": 49.646319358152596,
          "unit": "mm",
          "analysis": {
            "sampling": 64,
            "use_polarization": false,
            "wavelength": 1,
            "wavelength_um": 0.55
          }
        },
        {
          "metric": "total_track_mm",
          "value": 52.71875,
          "unit": "mm",
          "analysis": {
            "sampling": 64,
            "use_polarization": false
          }
        },
        {
          "metric": "rms_spot_um",
          "field": 1,
          "wavelength": 1,
          "value": 25.848084775169976,
          "unit": "um",
          "analysis": {
            "sampling": 64,
            "use_polarization": false,
            "field_xy_deg": [
              0.0,
              0.0
            ],
            "wavelength_um": 0.55,
            "scalar": true,
            "sampled_rays": 817,
            "transmitted_rays": 817,
            "method": "geometric RMS radius about centroid",
            "distribution": "hexapolar",
            "num_rings": 16
          }
        },
        {
          "metric": "mtf",
          "field": 1,
          "wavelength": 1,
          "frequency": 20,
          "axis": "tangential",
          "value": 0.45335255078857306,
          "unit": "1",
          "analysis": {
            "sampling": 64,
            "use_polarization": false,
            "field_xy_deg": [
              0.0,
              0.0
            ],
            "wavelength_um": 0.55,
            "scalar": true,
            "method": "scalar FFT MTF",
            "interpolation": "linear, no extrapolation",
            "frequency_range_cyc_per_mm": [
              0.0,
              529.4730396374649
            ]
          }
        },
        {
          "metric": "mtf",
          "field": 1,
          "wavelength": 1,
          "frequency": 20,
          "axis": "sagittal",
          "value": 0.45335255078857306,
          "unit": "1",
          "analysis": {
            "sampling": 64,
            "use_polarization": false,
            "field_xy_deg": [
              0.0,
              0.0
            ],
            "wavelength_um": 0.55,
            "scalar": true,
            "method": "scalar FFT MTF",
            "interpolation": "linear, no extrapolation",
            "frequency_range_cyc_per_mm": [
              0.0,
              529.4730396374649
            ]
          }
        }
      ],
      "assessment": {
        "passes": true,
        "requirements": [
          {
            "id": "focal-length",
            "key": "efl_mm",
            "requirement": {
              "id": "focal-length",
              "metric": "efl_mm",
              "unit": "mm",
              "min": 48,
              "max": 51
            },
            "status": "pass",
            "value": 49.646319358152596,
            "unit": "mm"
          },
          {
            "id": "track",
            "key": "total_track_mm",
            "requirement": {
              "id": "track",
              "metric": "total_track_mm",
              "unit": "mm",
              "max": 65
            },
            "status": "pass",
            "value": 52.71875,
            "unit": "mm"
          },
          {
            "id": "spot",
            "key": "rms_spot_um|f=1|w=1",
            "requirement": {
              "id": "spot",
              "metric": "rms_spot_um",
              "field": 1,
              "wavelength": 1,
              "unit": "um",
              "max": 30
            },
            "status": "pass",
            "value": 25.848084775169976,
            "unit": "um"
          },
          {
            "id": "contrast-t",
            "key": "mtf|f=1|w=1|nu=20|axis=tangential",
            "requirement": {
              "id": "contrast-t",
              "metric": "mtf",
              "field": 1,
              "wavelength": 1,
              "frequency": 20,
              "axis": "tangential",
              "unit": "1",
              "min": 0.3
            },
            "status": "pass",
            "value": 0.45335255078857306,
            "unit": "1"
          },
          {
            "id": "contrast-s",
            "key": "mtf|f=1|w=1|nu=20|axis=sagittal",
            "requirement": {
              "id": "contrast-s",
              "metric": "mtf",
              "field": 1,
              "wavelength": 1,
              "frequency": 20,
              "axis": "sagittal",
              "unit": "1",
              "min": 0.3
            },
            "status": "pass",
            "value": 0.45335255078857306,
            "unit": "1"
          }
        ]
      },
      "objective_breakdown": {
        "aggregation": "weighted_rms",
        "direction": "minimize",
        "value": 0.6501750880417697,
        "unit": "1",
        "terms": [
          {
            "metric": "efl_mm",
            "key": "efl_mm",
            "unit": "mm",
            "value": 49.646319358152596,
            "target": 50,
            "scale": 2,
            "weight": 1,
            "normalized_residual": -0.17684032092370217,
            "weighted_residual": -0.07908539574965529
          },
          {
            "metric": "rms_spot_um",
            "field": 1,
            "wavelength": 1,
            "key": "rms_spot_um|f=1|w=1",
            "unit": "um",
            "value": 25.848084775169976,
            "target": 0,
            "scale": 30,
            "weight": 2,
            "normalized_residual": 0.8616028258389992,
            "weighted_residual": 0.5449254736177228
          },
          {
            "metric": "mtf",
            "field": 1,
            "wavelength": 1,
            "frequency": 20,
            "axis": "tangential",
            "key": "mtf|f=1|w=1|nu=20|axis=tangential",
            "unit": "1",
            "value": 0.45335255078857306,
            "target": 1,
            "scale": 1,
            "weight": 1,
            "normalized_residual": -0.5466474492114269,
            "weighted_residual": -0.24446817123272288
          },
          {
            "metric": "mtf",
            "field": 1,
            "wavelength": 1,
            "frequency": 20,
            "axis": "sagittal",
            "key": "mtf|f=1|w=1|nu=20|axis=sagittal",
            "unit": "1",
            "value": 0.45335255078857306,
            "target": 1,
            "scale": 1,
            "weight": 1,
            "normalized_residual": -0.5466474492114269,
            "weighted_residual": -0.24446817123272288
          }
        ]
      },
      "objective_value": 0.6501750880417697
    },
    {
      "kind": "search",
      "parameters_mm": [
        51.25,
        47.28125
      ],
      "inspection": {
        "engine": {
          "name": "Optiland",
          "version": "0.6.2"
        },
        "focus_mm": 47.28125,
        "invariants": {
          "version": 1.0,
          "name": "Synthetic N-BK7 singlet matching defocused-singlet.zmx prescription",
          "aperture": {
            "type": "EPD",
            "value": 10
          },
          "fields": {
            "fields": [
              {
                "x": 0.0,
                "y": 0,
                "vx": 0.0,
                "vy": 0.0,
                "weight": 1.0
              }
            ],
            "telecentric": false,
            "field_definition": {
              "field_type": "AngleField"
            }
          },
          "wavelengths": {
            "wavelengths": [
              {
                "value": 0.55,
                "is_primary": true,
                "unit": "um",
                "weight": 1.0
              }
            ],
            "polarization": "ignore"
          },
          "apodization": null,
          "pickups": [],
          "solves": {
            "solves": []
          },
          "surface_group": {
            "surfaces": [
              {
                "type": "ObjectSurface",
                "geometry": {
                  "type": "Plane",
                  "cs": {
                    "x": 0.0,
                    "y": 0.0,
                    "z": "-Infinity",
                    "rx": 0.0,
                    "ry": 0.0,
                    "rz": 0.0,
                    "reference_cs": null
                  },
                  "radius": "Infinity"
                },
                "material_post": {
                  "type": "IdealMaterial",
                  "propagation_model": {
                    "class": "HomogeneousPropagation"
                  },
                  "index": 1.0,
                  "absorp": 0.0
                },
                "comment": ""
              },
              {
                "type": "Surface",
                "thickness": 5,
                "geometry": {
                  "type": "StandardGeometry",
                  "cs": {
                    "x": 0.0,
                    "y": 0.0,
                    "z": 0.0,
                    "rx": 0.0,
                    "ry": 0.0,
                    "rz": 0.0,
                    "reference_cs": null
                  },
                  "radius": 51.25,
                  "conic": 0.0
                },
                "material_post": {
                  "type": "Material",
                  "propagation_model": {
                    "class": "HomogeneousPropagation"
                  },
                  "filename": "C:\\Users\\erict\\AppData\\Local\\uv\\cache\\archive-v0\\1oTiDYYjy2XEHm8e\\Lib\\site-packages\\optiland\\database\\data-nk\\glass\\schott\\N-BK7.yml",
                  "name": "N-BK7",
                  "reference": null,
                  "catalog": "schott",
                  "match_policy": "strict",
                  "robust_search": null,
                  "min_wavelength": null,
                  "max_wavelength": null
                },
                "is_stop": true,
                "aperture": null,
                "comment": "",
                "interaction_model": {
                  "type": "RefractiveReflectiveModel",
                  "is_reflective": false,
                  "coating": null,
                  "bsdf": null
                }
              },
              {
                "type": "Surface",
                "geometry": {
                  "type": "StandardGeometry",
                  "cs": {
                    "x": 0.0,
                    "y": 0.0,
                    "z": 5.0,
                    "rx": 0.0,
                    "ry": 0.0,
                    "rz": 0.0,
                    "reference_cs": null
                  },
                  "radius": -50.0,
                  "conic": 0.0
                },
                "material_post": {
                  "type": "IdealMaterial",
                  "propagation_model": {
                    "class": "HomogeneousPropagation"
                  },
                  "index": 1.0,
                  "absorp": 0.0
                },
                "is_stop": false,
                "aperture": null,
                "comment": "",
                "interaction_model": {
                  "type": "RefractiveReflectiveModel",
                  "is_reflective": false,
                  "coating": null,
                  "bsdf": null
                }
              },
              {
                "type": "Surface",
                "thickness": 0.0,
                "geometry": {
                  "type": "Plane",
                  "cs": {
                    "x": 0.0,
                    "y": 0.0,
                    "rx": 0.0,
                    "ry": 0.0,
                    "rz": 0.0,
                    "reference_cs": null
                  },
                  "radius": "Infinity"
                },
                "material_post": {
                  "type": "IdealMaterial",
                  "propagation_model": {
                    "class": "HomogeneousPropagation"
                  },
                  "index": 1.0,
                  "absorp": 0.0
                },
                "is_stop": false,
                "aperture": null,
                "comment": "",
                "interaction_model": {
                  "type": "RefractiveReflectiveModel",
                  "is_reflective": false,
                  "coating": null,
                  "bsdf": null
                }
              }
            ]
          },
          "ray_tracer": {
            "ray_aiming_config": {
              "mode": "paraxial",
              "max_iter": 10,
              "tol": 1e-06
            }
          }
        },
        "prescription": [
          {
            "index": 0,
            "is_image": false,
            "radius_mm": "Infinity",
            "thickness_mm": null
          },
          {
            "index": 1,
            "is_image": false,
            "radius_mm": 51.25,
            "thickness_mm": 5
          },
          {
            "index": 2,
            "is_image": false,
            "radius_mm": -50.0,
            "thickness_mm": 47.28125
          },
          {
            "index": 3,
            "is_image": true,
            "radius_mm": "Infinity",
            "thickness_mm": 0.0
          }
        ],
        "surfaces": [
          {
            "index": 0,
            "is_image": false,
            "radius_mm": "Infinity",
            "thickness_mm": null
          },
          {
            "index": 1,
            "is_image": false,
            "radius_mm": 51.25,
            "thickness_mm": 5
          },
          {
            "index": 2,
            "is_image": false,
            "radius_mm": -50.0,
            "thickness_mm": 47.28125
          },
          {
            "index": 3,
            "is_image": true,
            "radius_mm": "Infinity",
            "thickness_mm": 0.0
          }
        ],
        "axial_positions_mm": [
          "-Infinity",
          0.0,
          5.0,
          52.28125
        ],
        "image_surface": 3,
        "import_restrictions": {
          "format": "Optiland native JSON",
          "restrictions": "Centered spherical/plane refractive surfaces in air; EPD; meridional angle fields; millimetres; scalar analysis; no solves, pickups, configurations, coatings, scattering, apodization or unsupported directives. Catalog glass requires an explicit catalog and exact material lookup. Native JSON export only."
        }
      },
      "measurements": [
        {
          "metric": "efl_mm",
          "value": 49.646319358152596,
          "unit": "mm",
          "analysis": {
            "sampling": 64,
            "use_polarization": false,
            "wavelength": 1,
            "wavelength_um": 0.55
          }
        },
        {
          "metric": "total_track_mm",
          "value": 52.28125,
          "unit": "mm",
          "analysis": {
            "sampling": 64,
            "use_polarization": false
          }
        },
        {
          "metric": "rms_spot_um",
          "field": 1,
          "wavelength": 1,
          "value": 18.399869996961435,
          "unit": "um",
          "analysis": {
            "sampling": 64,
            "use_polarization": false,
            "field_xy_deg": [
              0.0,
              0.0
            ],
            "wavelength_um": 0.55,
            "scalar": true,
            "sampled_rays": 817,
            "transmitted_rays": 817,
            "method": "geometric RMS radius about centroid",
            "distribution": "hexapolar",
            "num_rings": 16
          }
        },
        {
          "metric": "mtf",
          "field": 1,
          "wavelength": 1,
          "frequency": 20,
          "axis": "tangential",
          "value": 0.18135638156095005,
          "unit": "1",
          "analysis": {
            "sampling": 64,
            "use_polarization": false,
            "field_xy_deg": [
              0.0,
              0.0
            ],
            "wavelength_um": 0.55,
            "scalar": true,
            "method": "scalar FFT MTF",
            "interpolation": "linear, no extrapolation",
            "frequency_range_cyc_per_mm": [
              0.0,
              529.4730396374649
            ]
          }
        },
        {
          "metric": "mtf",
          "field": 1,
          "wavelength": 1,
          "frequency": 20,
          "axis": "sagittal",
          "value": 0.18135638156095005,
          "unit": "1",
          "analysis": {
            "sampling": 64,
            "use_polarization": false,
            "field_xy_deg": [
              0.0,
              0.0
            ],
            "wavelength_um": 0.55,
            "scalar": true,
            "method": "scalar FFT MTF",
            "interpolation": "linear, no extrapolation",
            "frequency_range_cyc_per_mm": [
              0.0,
              529.4730396374649
            ]
          }
        }
      ],
      "assessment": {
        "passes": false,
        "requirements": [
          {
            "id": "focal-length",
            "key": "efl_mm",
            "requirement": {
              "id": "focal-length",
              "metric": "efl_mm",
              "unit": "mm",
              "min": 48,
              "max": 51
            },
            "status": "pass",
            "value": 49.646319358152596,
            "unit": "mm"
          },
          {
            "id": "track",
            "key": "total_track_mm",
            "requirement": {
              "id": "track",
              "metric": "total_track_mm",
              "unit": "mm",
              "max": 65
            },
            "status": "pass",
            "value": 52.28125,
            "unit": "mm"
          },
          {
            "id": "spot",
            "key": "rms_spot_um|f=1|w=1",
            "requirement": {
              "id": "spot",
              "metric": "rms_spot_um",
              "field": 1,
              "wavelength": 1,
              "unit": "um",
              "max": 30
            },
            "status": "pass",
            "value": 18.399869996961435,
            "unit": "um"
          },
          {
            "id": "contrast-t",
            "key": "mtf|f=1|w=1|nu=20|axis=tangential",
            "requirement": {
              "id": "contrast-t",
              "metric": "mtf",
              "field": 1,
              "wavelength": 1,
              "frequency": 20,
              "axis": "tangential",
              "unit": "1",
              "min": 0.3
            },
            "status": "fail",
            "value": 0.18135638156095005,
            "unit": "1"
          },
          {
            "id": "contrast-s",
            "key": "mtf|f=1|w=1|nu=20|axis=sagittal",
            "requirement": {
              "id": "contrast-s",
              "metric": "mtf",
              "field": 1,
              "wavelength": 1,
              "frequency": 20,
              "axis": "sagittal",
              "unit": "1",
              "min": 0.3
            },
            "status": "fail",
            "value": 0.18135638156095005,
            "unit": "1"
          }
        ]
      },
      "objective_breakdown": {
        "aggregation": "weighted_rms",
        "direction": "minimize",
        "value": 0.6517625597347356,
        "unit": "1",
        "terms": [
          {
            "metric": "efl_mm",
            "key": "efl_mm",
            "unit": "mm",
            "value": 49.646319358152596,
            "target": 50,
            "scale": 2,
            "weight": 1,
            "normalized_residual": -0.17684032092370217,
            "weighted_residual": -0.07908539574965529
          },
          {
            "metric": "rms_spot_um",
            "field": 1,
            "wavelength": 1,
            "key": "rms_spot_um|f=1|w=1",
            "unit": "um",
            "value": 18.399869996961435,
            "target": 0,
            "scale": 30,
            "weight": 2,
            "normalized_residual": 0.6133289998987145,
            "weighted_residual": 0.3879033189426238
          },
          {
            "metric": "mtf",
            "field": 1,
            "wavelength": 1,
            "frequency": 20,
            "axis": "tangential",
            "key": "mtf|f=1|w=1|nu=20|axis=tangential",
            "unit": "1",
            "value": 0.18135638156095005,
            "target": 1,
            "scale": 1,
            "weight": 1,
            "normalized_residual": -0.81864361843905,
            "weighted_residual": -0.3661085560352232
          },
          {
            "metric": "mtf",
            "field": 1,
            "wavelength": 1,
            "frequency": 20,
            "axis": "sagittal",
            "key": "mtf|f=1|w=1|nu=20|axis=sagittal",
            "unit": "1",
            "value": 0.18135638156095005,
            "target": 1,
            "scale": 1,
            "weight": 1,
            "normalized_residual": -0.81864361843905,
            "weighted_residual": -0.3661085560352232
          }
        ]
      },
      "objective_value": 0.6517625597347356
    },
    {
      "kind": "search",
      "parameters_mm": [
        51.3125,
        47.5
      ],
      "inspection": {
        "engine": {
          "name": "Optiland",
          "version": "0.6.2"
        },
        "focus_mm": 47.5,
        "invariants": {
          "version": 1.0,
          "name": "Synthetic N-BK7 singlet matching defocused-singlet.zmx prescription",
          "aperture": {
            "type": "EPD",
            "value": 10
          },
          "fields": {
            "fields": [
              {
                "x": 0.0,
                "y": 0,
                "vx": 0.0,
                "vy": 0.0,
                "weight": 1.0
              }
            ],
            "telecentric": false,
            "field_definition": {
              "field_type": "AngleField"
            }
          },
          "wavelengths": {
            "wavelengths": [
              {
                "value": 0.55,
                "is_primary": true,
                "unit": "um",
                "weight": 1.0
              }
            ],
            "polarization": "ignore"
          },
          "apodization": null,
          "pickups": [],
          "solves": {
            "solves": []
          },
          "surface_group": {
            "surfaces": [
              {
                "type": "ObjectSurface",
                "geometry": {
                  "type": "Plane",
                  "cs": {
                    "x": 0.0,
                    "y": 0.0,
                    "z": "-Infinity",
                    "rx": 0.0,
                    "ry": 0.0,
                    "rz": 0.0,
                    "reference_cs": null
                  },
                  "radius": "Infinity"
                },
                "material_post": {
                  "type": "IdealMaterial",
                  "propagation_model": {
                    "class": "HomogeneousPropagation"
                  },
                  "index": 1.0,
                  "absorp": 0.0
                },
                "comment": ""
              },
              {
                "type": "Surface",
                "thickness": 5,
                "geometry": {
                  "type": "StandardGeometry",
                  "cs": {
                    "x": 0.0,
                    "y": 0.0,
                    "z": 0.0,
                    "rx": 0.0,
                    "ry": 0.0,
                    "rz": 0.0,
                    "reference_cs": null
                  },
                  "radius": 51.3125,
                  "conic": 0.0
                },
                "material_post": {
                  "type": "Material",
                  "propagation_model": {
                    "class": "HomogeneousPropagation"
                  },
                  "filename": "C:\\Users\\erict\\AppData\\Local\\uv\\cache\\archive-v0\\1oTiDYYjy2XEHm8e\\Lib\\site-packages\\optiland\\database\\data-nk\\glass\\schott\\N-BK7.yml",
                  "name": "N-BK7",
                  "reference": null,
                  "catalog": "schott",
                  "match_policy": "strict",
                  "robust_search": null,
                  "min_wavelength": null,
                  "max_wavelength": null
                },
                "is_stop": true,
                "aperture": null,
                "comment": "",
                "interaction_model": {
                  "type": "RefractiveReflectiveModel",
                  "is_reflective": false,
                  "coating": null,
                  "bsdf": null
                }
              },
              {
                "type": "Surface",
                "geometry": {
                  "type": "StandardGeometry",
                  "cs": {
                    "x": 0.0,
                    "y": 0.0,
                    "z": 5.0,
                    "rx": 0.0,
                    "ry": 0.0,
                    "rz": 0.0,
                    "reference_cs": null
                  },
                  "radius": -50.0,
                  "conic": 0.0
                },
                "material_post": {
                  "type": "IdealMaterial",
                  "propagation_model": {
                    "class": "HomogeneousPropagation"
                  },
                  "index": 1.0,
                  "absorp": 0.0
                },
                "is_stop": false,
                "aperture": null,
                "comment": "",
                "interaction_model": {
                  "type": "RefractiveReflectiveModel",
                  "is_reflective": false,
                  "coating": null,
                  "bsdf": null
                }
              },
              {
                "type": "Surface",
                "thickness": 0.0,
                "geometry": {
                  "type": "Plane",
                  "cs": {
                    "x": 0.0,
                    "y": 0.0,
                    "rx": 0.0,
                    "ry": 0.0,
                    "rz": 0.0,
                    "reference_cs": null
                  },
                  "radius": "Infinity"
                },
                "material_post": {
                  "type": "IdealMaterial",
                  "propagation_model": {
                    "class": "HomogeneousPropagation"
                  },
                  "index": 1.0,
                  "absorp": 0.0
                },
                "is_stop": false,
                "aperture": null,
                "comment": "",
                "interaction_model": {
                  "type": "RefractiveReflectiveModel",
                  "is_reflective": false,
                  "coating": null,
                  "bsdf": null
                }
              }
            ]
          },
          "ray_tracer": {
            "ray_aiming_config": {
              "mode": "paraxial",
              "max_iter": 10,
              "tol": 1e-06
            }
          }
        },
        "prescription": [
          {
            "index": 0,
            "is_image": false,
            "radius_mm": "Infinity",
            "thickness_mm": null
          },
          {
            "index": 1,
            "is_image": false,
            "radius_mm": 51.3125,
            "thickness_mm": 5
          },
          {
            "index": 2,
            "is_image": false,
            "radius_mm": -50.0,
            "thickness_mm": 47.5
          },
          {
            "index": 3,
            "is_image": true,
            "radius_mm": "Infinity",
            "thickness_mm": 0.0
          }
        ],
        "surfaces": [
          {
            "index": 0,
            "is_image": false,
            "radius_mm": "Infinity",
            "thickness_mm": null
          },
          {
            "index": 1,
            "is_image": false,
            "radius_mm": 51.3125,
            "thickness_mm": 5
          },
          {
            "index": 2,
            "is_image": false,
            "radius_mm": -50.0,
            "thickness_mm": 47.5
          },
          {
            "index": 3,
            "is_image": true,
            "radius_mm": "Infinity",
            "thickness_mm": 0.0
          }
        ],
        "axial_positions_mm": [
          "-Infinity",
          0.0,
          5.0,
          52.5
        ],
        "image_surface": 3,
        "import_restrictions": {
          "format": "Optiland native JSON",
          "restrictions": "Centered spherical/plane refractive surfaces in air; EPD; meridional angle fields; millimetres; scalar analysis; no solves, pickups, configurations, coatings, scattering, apodization or unsupported directives. Catalog glass requires an explicit catalog and exact material lookup. Native JSON export only."
        }
      },
      "measurements": [
        {
          "metric": "efl_mm",
          "value": 49.67567371446399,
          "unit": "mm",
          "analysis": {
            "sampling": 64,
            "use_polarization": false,
            "wavelength": 1,
            "wavelength_um": 0.55
          }
        },
        {
          "metric": "total_track_mm",
          "value": 52.5,
          "unit": "mm",
          "analysis": {
            "sampling": 64,
            "use_polarization": false
          }
        },
        {
          "metric": "rms_spot_um",
          "field": 1,
          "wavelength": 1,
          "value": 14.909620079349356,
          "unit": "um",
          "analysis": {
            "sampling": 64,
            "use_polarization": false,
            "field_xy_deg": [
              0.0,
              0.0
            ],
            "wavelength_um": 0.55,
            "scalar": true,
            "sampled_rays": 817,
            "transmitted_rays": 817,
            "method": "geometric RMS radius about centroid",
            "distribution": "hexapolar",
            "num_rings": 16
          }
        },
        {
          "metric": "mtf",
          "field": 1,
          "wavelength": 1,
          "frequency": 20,
          "axis": "tangential",
          "value": 0.5178121811866527,
          "unit": "1",
          "analysis": {
            "sampling": 64,
            "use_polarization": false,
            "field_xy_deg": [
              0.0,
              0.0
            ],
            "wavelength_um": 0.55,
            "scalar": true,
            "method": "scalar FFT MTF",
            "interpolation": "linear, no extrapolation",
            "frequency_range_cyc_per_mm": [
              0.0,
              529.15681266261
            ]
          }
        },
        {
          "metric": "mtf",
          "field": 1,
          "wavelength": 1,
          "frequency": 20,
          "axis": "sagittal",
          "value": 0.5178121811866527,
          "unit": "1",
          "analysis": {
            "sampling": 64,
            "use_polarization": false,
            "field_xy_deg": [
              0.0,
              0.0
            ],
            "wavelength_um": 0.55,
            "scalar": true,
            "method": "scalar FFT MTF",
            "interpolation": "linear, no extrapolation",
            "frequency_range_cyc_per_mm": [
              0.0,
              529.15681266261
            ]
          }
        }
      ],
      "assessment": {
        "passes": true,
        "requirements": [
          {
            "id": "focal-length",
            "key": "efl_mm",
            "requirement": {
              "id": "focal-length",
              "metric": "efl_mm",
              "unit": "mm",
              "min": 48,
              "max": 51
            },
            "status": "pass",
            "value": 49.67567371446399,
            "unit": "mm"
          },
          {
            "id": "track",
            "key": "total_track_mm",
            "requirement": {
              "id": "track",
              "metric": "total_track_mm",
              "unit": "mm",
              "max": 65
            },
            "status": "pass",
            "value": 52.5,
            "unit": "mm"
          },
          {
            "id": "spot",
            "key": "rms_spot_um|f=1|w=1",
            "requirement": {
              "id": "spot",
              "metric": "rms_spot_um",
              "field": 1,
              "wavelength": 1,
              "unit": "um",
              "max": 30
            },
            "status": "pass",
            "value": 14.909620079349356,
            "unit": "um"
          },
          {
            "id": "contrast-t",
            "key": "mtf|f=1|w=1|nu=20|axis=tangential",
            "requirement": {
              "id": "contrast-t",
              "metric": "mtf",
              "field": 1,
              "wavelength": 1,
              "frequency": 20,
              "axis": "tangential",
              "unit": "1",
              "min": 0.3
            },
            "status": "pass",
            "value": 0.5178121811866527,
            "unit": "1"
          },
          {
            "id": "contrast-s",
            "key": "mtf|f=1|w=1|nu=20|axis=sagittal",
            "requirement": {
              "id": "contrast-s",
              "metric": "mtf",
              "field": 1,
              "wavelength": 1,
              "frequency": 20,
              "axis": "sagittal",
              "unit": "1",
              "min": 0.3
            },
            "status": "pass",
            "value": 0.5178121811866527,
            "unit": "1"
          }
        ]
      },
      "objective_breakdown": {
        "aggregation": "weighted_rms",
        "direction": "minimize",
        "value": 0.4439143823626313,
        "unit": "1",
        "terms": [
          {
            "metric": "efl_mm",
            "key": "efl_mm",
            "unit": "mm",
            "value": 49.67567371446399,
            "target": 50,
            "scale": 2,
            "weight": 1,
            "normalized_residual": -0.16216314276800503,
            "weighted_residual": -0.07252156213485253
          },
          {
            "metric": "rms_spot_um",
            "field": 1,
            "wavelength": 1,
            "key": "rms_spot_um|f=1|w=1",
            "unit": "um",
            "value": 14.909620079349356,
            "target": 0,
            "scale": 30,
            "weight": 2,
            "normalized_residual": 0.49698733597831185,
            "weighted_residual": 0.31432238999016243
          },
          {
            "metric": "mtf",
            "field": 1,
            "wavelength": 1,
            "frequency": 20,
            "axis": "tangential",
            "key": "mtf|f=1|w=1|nu=20|axis=tangential",
            "unit": "1",
            "value": 0.5178121811866527,
            "target": 1,
            "scale": 1,
            "weight": 1,
            "normalized_residual": -0.48218781881334727,
            "weighted_residual": -0.2156409481577993
          },
          {
            "metric": "mtf",
            "field": 1,
            "wavelength": 1,
            "frequency": 20,
            "axis": "sagittal",
            "key": "mtf|f=1|w=1|nu=20|axis=sagittal",
            "unit": "1",
            "value": 0.5178121811866527,
            "target": 1,
            "scale": 1,
            "weight": 1,
            "normalized_residual": -0.48218781881334727,
            "weighted_residual": -0.2156409481577993
          }
        ]
      },
      "objective_value": 0.4439143823626313
    },
    {
      "kind": "search",
      "parameters_mm": [
        51.3125,
        47.609375
      ],
      "inspection": {
        "engine": {
          "name": "Optiland",
          "version": "0.6.2"
        },
        "focus_mm": 47.609375,
        "invariants": {
          "version": 1.0,
          "name": "Synthetic N-BK7 singlet matching defocused-singlet.zmx prescription",
          "aperture": {
            "type": "EPD",
            "value": 10
          },
          "fields": {
            "fields": [
              {
                "x": 0.0,
                "y": 0,
                "vx": 0.0,
                "vy": 0.0,
                "weight": 1.0
              }
            ],
            "telecentric": false,
            "field_definition": {
              "field_type": "AngleField"
            }
          },
          "wavelengths": {
            "wavelengths": [
              {
                "value": 0.55,
                "is_primary": true,
                "unit": "um",
                "weight": 1.0
              }
            ],
            "polarization": "ignore"
          },
          "apodization": null,
          "pickups": [],
          "solves": {
            "solves": []
          },
          "surface_group": {
            "surfaces": [
              {
                "type": "ObjectSurface",
                "geometry": {
                  "type": "Plane",
                  "cs": {
                    "x": 0.0,
                    "y": 0.0,
                    "z": "-Infinity",
                    "rx": 0.0,
                    "ry": 0.0,
                    "rz": 0.0,
                    "reference_cs": null
                  },
                  "radius": "Infinity"
                },
                "material_post": {
                  "type": "IdealMaterial",
                  "propagation_model": {
                    "class": "HomogeneousPropagation"
                  },
                  "index": 1.0,
                  "absorp": 0.0
                },
                "comment": ""
              },
              {
                "type": "Surface",
                "thickness": 5,
                "geometry": {
                  "type": "StandardGeometry",
                  "cs": {
                    "x": 0.0,
                    "y": 0.0,
                    "z": 0.0,
                    "rx": 0.0,
                    "ry": 0.0,
                    "rz": 0.0,
                    "reference_cs": null
                  },
                  "radius": 51.3125,
                  "conic": 0.0
                },
                "material_post": {
                  "type": "Material",
                  "propagation_model": {
                    "class": "HomogeneousPropagation"
                  },
                  "filename": "C:\\Users\\erict\\AppData\\Local\\uv\\cache\\archive-v0\\1oTiDYYjy2XEHm8e\\Lib\\site-packages\\optiland\\database\\data-nk\\glass\\schott\\N-BK7.yml",
                  "name": "N-BK7",
                  "reference": null,
                  "catalog": "schott",
                  "match_policy": "strict",
                  "robust_search": null,
                  "min_wavelength": null,
                  "max_wavelength": null
                },
                "is_stop": true,
                "aperture": null,
                "comment": "",
                "interaction_model": {
                  "type": "RefractiveReflectiveModel",
                  "is_reflective": false,
                  "coating": null,
                  "bsdf": null
                }
              },
              {
                "type": "Surface",
                "geometry": {
                  "type": "StandardGeometry",
                  "cs": {
                    "x": 0.0,
                    "y": 0.0,
                    "z": 5.0,
                    "rx": 0.0,
                    "ry": 0.0,
                    "rz": 0.0,
                    "reference_cs": null
                  },
                  "radius": -50.0,
                  "conic": 0.0
                },
                "material_post": {
                  "type": "IdealMaterial",
                  "propagation_model": {
                    "class": "HomogeneousPropagation"
                  },
                  "index": 1.0,
                  "absorp": 0.0
                },
                "is_stop": false,
                "aperture": null,
                "comment": "",
                "interaction_model": {
                  "type": "RefractiveReflectiveModel",
                  "is_reflective": false,
                  "coating": null,
                  "bsdf": null
                }
              },
              {
                "type": "Surface",
                "thickness": 0.0,
                "geometry": {
                  "type": "Plane",
                  "cs": {
                    "x": 0.0,
                    "y": 0.0,
                    "rx": 0.0,
                    "ry": 0.0,
                    "rz": 0.0,
                    "reference_cs": null
                  },
                  "radius": "Infinity"
                },
                "material_post": {
                  "type": "IdealMaterial",
                  "propagation_model": {
                    "class": "HomogeneousPropagation"
                  },
                  "index": 1.0,
                  "absorp": 0.0
                },
                "is_stop": false,
                "aperture": null,
                "comment": "",
                "interaction_model": {
                  "type": "RefractiveReflectiveModel",
                  "is_reflective": false,
                  "coating": null,
                  "bsdf": null
                }
              }
            ]
          },
          "ray_tracer": {
            "ray_aiming_config": {
              "mode": "paraxial",
              "max_iter": 10,
              "tol": 1e-06
            }
          }
        },
        "prescription": [
          {
            "index": 0,
            "is_image": false,
            "radius_mm": "Infinity",
            "thickness_mm": null
          },
          {
            "index": 1,
            "is_image": false,
            "radius_mm": 51.3125,
            "thickness_mm": 5
          },
          {
            "index": 2,
            "is_image": false,
            "radius_mm": -50.0,
            "thickness_mm": 47.609375
          },
          {
            "index": 3,
            "is_image": true,
            "radius_mm": "Infinity",
            "thickness_mm": 0.0
          }
        ],
        "surfaces": [
          {
            "index": 0,
            "is_image": false,
            "radius_mm": "Infinity",
            "thickness_mm": null
          },
          {
            "index": 1,
            "is_image": false,
            "radius_mm": 51.3125,
            "thickness_mm": 5
          },
          {
            "index": 2,
            "is_image": false,
            "radius_mm": -50.0,
            "thickness_mm": 47.609375
          },
          {
            "index": 3,
            "is_image": true,
            "radius_mm": "Infinity",
            "thickness_mm": 0.0
          }
        ],
        "axial_positions_mm": [
          "-Infinity",
          0.0,
          5.0,
          52.609375
        ],
        "image_surface": 3,
        "import_restrictions": {
          "format": "Optiland native JSON",
          "restrictions": "Centered spherical/plane refractive surfaces in air; EPD; meridional angle fields; millimetres; scalar analysis; no solves, pickups, configurations, coatings, scattering, apodization or unsupported directives. Catalog glass requires an explicit catalog and exact material lookup. Native JSON export only."
        }
      },
      "measurements": [
        {
          "metric": "efl_mm",
          "value": 49.67567371446399,
          "unit": "mm",
          "analysis": {
            "sampling": 64,
            "use_polarization": false,
            "wavelength": 1,
            "wavelength_um": 0.55
          }
        },
        {
          "metric": "total_track_mm",
          "value": 52.609375,
          "unit": "mm",
          "analysis": {
            "sampling": 64,
            "use_polarization": false
          }
        },
        {
          "metric": "rms_spot_um",
          "field": 1,
          "wavelength": 1,
          "value": 18.270222970375055,
          "unit": "um",
          "analysis": {
            "sampling": 64,
            "use_polarization": false,
            "field_xy_deg": [
              0.0,
              0.0
            ],
            "wavelength_um": 0.55,
            "scalar": true,
            "sampled_rays": 817,
            "transmitted_rays": 817,
            "method": "geometric RMS radius about centroid",
            "distribution": "hexapolar",
            "num_rings": 16
          }
        },
        {
          "metric": "mtf",
          "field": 1,
          "wavelength": 1,
          "frequency": 20,
          "axis": "tangential",
          "value": 0.5422427423381281,
          "unit": "1",
          "analysis": {
            "sampling": 64,
            "use_polarization": false,
            "field_xy_deg": [
              0.0,
              0.0
            ],
            "wavelength_um": 0.55,
            "scalar": true,
            "method": "scalar FFT MTF",
            "interpolation": "linear, no extrapolation",
            "frequency_range_cyc_per_mm": [
              0.0,
              529.15681266261
            ]
          }
        },
        {
          "metric": "mtf",
          "field": 1,
          "wavelength": 1,
          "frequency": 20,
          "axis": "sagittal",
          "value": 0.5422427423381281,
          "unit": "1",
          "analysis": {
            "sampling": 64,
            "use_polarization": false,
            "field_xy_deg": [
              0.0,
              0.0
            ],
            "wavelength_um": 0.55,
            "scalar": true,
            "method": "scalar FFT MTF",
            "interpolation": "linear, no extrapolation",
            "frequency_range_cyc_per_mm": [
              0.0,
              529.15681266261
            ]
          }
        }
      ],
      "assessment": {
        "passes": true,
        "requirements": [
          {
            "id": "focal-length",
            "key": "efl_mm",
            "requirement": {
              "id": "focal-length",
              "metric": "efl_mm",
              "unit": "mm",
              "min": 48,
              "max": 51
            },
            "status": "pass",
            "value": 49.67567371446399,
            "unit": "mm"
          },
          {
            "id": "track",
            "key": "total_track_mm",
            "requirement": {
              "id": "track",
              "metric": "total_track_mm",
              "unit": "mm",
              "max": 65
            },
            "status": "pass",
            "value": 52.609375,
            "unit": "mm"
          },
          {
            "id": "spot",
            "key": "rms_spot_um|f=1|w=1",
            "requirement": {
              "id": "spot",
              "metric": "rms_spot_um",
              "field": 1,
              "wavelength": 1,
              "unit": "um",
              "max": 30
            },
            "status": "pass",
            "value": 18.270222970375055,
            "unit": "um"
          },
          {
            "id": "contrast-t",
            "key": "mtf|f=1|w=1|nu=20|axis=tangential",
            "requirement": {
              "id": "contrast-t",
              "metric": "mtf",
              "field": 1,
              "wavelength": 1,
              "frequency": 20,
              "axis": "tangential",
              "unit": "1",
              "min": 0.3
            },
            "status": "pass",
            "value": 0.5422427423381281,
            "unit": "1"
          },
          {
            "id": "contrast-s",
            "key": "mtf|f=1|w=1|nu=20|axis=sagittal",
            "requirement": {
              "id": "contrast-s",
              "metric": "mtf",
              "field": 1,
              "wavelength": 1,
              "frequency": 20,
              "axis": "sagittal",
              "unit": "1",
              "min": 0.3
            },
            "status": "pass",
            "value": 0.5422427423381281,
            "unit": "1"
          }
        ]
      },
      "objective_breakdown": {
        "aggregation": "weighted_rms",
        "direction": "minimize",
        "value": 0.48727002864152547,
        "unit": "1",
        "terms": [
          {
            "metric": "efl_mm",
            "key": "efl_mm",
            "unit": "mm",
            "value": 49.67567371446399,
            "target": 50,
            "scale": 2,
            "weight": 1,
            "normalized_residual": -0.16216314276800503,
            "weighted_residual": -0.07252156213485253
          },
          {
            "metric": "rms_spot_um",
            "field": 1,
            "wavelength": 1,
            "key": "rms_spot_um|f=1|w=1",
            "unit": "um",
            "value": 18.270222970375055,
            "target": 0,
            "scale": 30,
            "weight": 2,
            "normalized_residual": 0.6090074323458352,
            "weighted_residual": 0.3851701196367481
          },
          {
            "metric": "mtf",
            "field": 1,
            "wavelength": 1,
            "frequency": 20,
            "axis": "tangential",
            "key": "mtf|f=1|w=1|nu=20|axis=tangential",
            "unit": "1",
            "value": 0.5422427423381281,
            "target": 1,
            "scale": 1,
            "weight": 1,
            "normalized_residual": -0.4577572576618719,
            "weighted_residual": -0.2047152690651664
          },
          {
            "metric": "mtf",
            "field": 1,
            "wavelength": 1,
            "frequency": 20,
            "axis": "sagittal",
            "key": "mtf|f=1|w=1|nu=20|axis=sagittal",
            "unit": "1",
            "value": 0.5422427423381281,
            "target": 1,
            "scale": 1,
            "weight": 1,
            "normalized_residual": -0.4577572576618719,
            "weighted_residual": -0.2047152690651664
          }
        ]
      },
      "objective_value": 0.48727002864152547
    },
    {
      "kind": "search",
      "parameters_mm": [
        51.3125,
        47.390625
      ],
      "inspection": {
        "engine": {
          "name": "Optiland",
          "version": "0.6.2"
        },
        "focus_mm": 47.390625,
        "invariants": {
          "version": 1.0,
          "name": "Synthetic N-BK7 singlet matching defocused-singlet.zmx prescription",
          "aperture": {
            "type": "EPD",
            "value": 10
          },
          "fields": {
            "fields": [
              {
                "x": 0.0,
                "y": 0,
                "vx": 0.0,
                "vy": 0.0,
                "weight": 1.0
              }
            ],
            "telecentric": false,
            "field_definition": {
              "field_type": "AngleField"
            }
          },
          "wavelengths": {
            "wavelengths": [
              {
                "value": 0.55,
                "is_primary": true,
                "unit": "um",
                "weight": 1.0
              }
            ],
            "polarization": "ignore"
          },
          "apodization": null,
          "pickups": [],
          "solves": {
            "solves": []
          },
          "surface_group": {
            "surfaces": [
              {
                "type": "ObjectSurface",
                "geometry": {
                  "type": "Plane",
                  "cs": {
                    "x": 0.0,
                    "y": 0.0,
                    "z": "-Infinity",
                    "rx": 0.0,
                    "ry": 0.0,
                    "rz": 0.0,
                    "reference_cs": null
                  },
                  "radius": "Infinity"
                },
                "material_post": {
                  "type": "IdealMaterial",
                  "propagation_model": {
                    "class": "HomogeneousPropagation"
                  },
                  "index": 1.0,
                  "absorp": 0.0
                },
                "comment": ""
              },
              {
                "type": "Surface",
                "thickness": 5,
                "geometry": {
                  "type": "StandardGeometry",
                  "cs": {
                    "x": 0.0,
                    "y": 0.0,
                    "z": 0.0,
                    "rx": 0.0,
                    "ry": 0.0,
                    "rz": 0.0,
                    "reference_cs": null
                  },
                  "radius": 51.3125,
                  "conic": 0.0
                },
                "material_post": {
                  "type": "Material",
                  "propagation_model": {
                    "class": "HomogeneousPropagation"
                  },
                  "filename": "C:\\Users\\erict\\AppData\\Local\\uv\\cache\\archive-v0\\1oTiDYYjy2XEHm8e\\Lib\\site-packages\\optiland\\database\\data-nk\\glass\\schott\\N-BK7.yml",
                  "name": "N-BK7",
                  "reference": null,
                  "catalog": "schott",
                  "match_policy": "strict",
                  "robust_search": null,
                  "min_wavelength": null,
                  "max_wavelength": null
                },
                "is_stop": true,
                "aperture": null,
                "comment": "",
                "interaction_model": {
                  "type": "RefractiveReflectiveModel",
                  "is_reflective": false,
                  "coating": null,
                  "bsdf": null
                }
              },
              {
                "type": "Surface",
                "geometry": {
                  "type": "StandardGeometry",
                  "cs": {
                    "x": 0.0,
                    "y": 0.0,
                    "z": 5.0,
                    "rx": 0.0,
                    "ry": 0.0,
                    "rz": 0.0,
                    "reference_cs": null
                  },
                  "radius": -50.0,
                  "conic": 0.0
                },
                "material_post": {
                  "type": "IdealMaterial",
                  "propagation_model": {
                    "class": "HomogeneousPropagation"
                  },
                  "index": 1.0,
                  "absorp": 0.0
                },
                "is_stop": false,
                "aperture": null,
                "comment": "",
                "interaction_model": {
                  "type": "RefractiveReflectiveModel",
                  "is_reflective": false,
                  "coating": null,
                  "bsdf": null
                }
              },
              {
                "type": "Surface",
                "thickness": 0.0,
                "geometry": {
                  "type": "Plane",
                  "cs": {
                    "x": 0.0,
                    "y": 0.0,
                    "rx": 0.0,
                    "ry": 0.0,
                    "rz": 0.0,
                    "reference_cs": null
                  },
                  "radius": "Infinity"
                },
                "material_post": {
                  "type": "IdealMaterial",
                  "propagation_model": {
                    "class": "HomogeneousPropagation"
                  },
                  "index": 1.0,
                  "absorp": 0.0
                },
                "is_stop": false,
                "aperture": null,
                "comment": "",
                "interaction_model": {
                  "type": "RefractiveReflectiveModel",
                  "is_reflective": false,
                  "coating": null,
                  "bsdf": null
                }
              }
            ]
          },
          "ray_tracer": {
            "ray_aiming_config": {
              "mode": "paraxial",
              "max_iter": 10,
              "tol": 1e-06
            }
          }
        },
        "prescription": [
          {
            "index": 0,
            "is_image": false,
            "radius_mm": "Infinity",
            "thickness_mm": null
          },
          {
            "index": 1,
            "is_image": false,
            "radius_mm": 51.3125,
            "thickness_mm": 5
          },
          {
            "index": 2,
            "is_image": false,
            "radius_mm": -50.0,
            "thickness_mm": 47.390625
          },
          {
            "index": 3,
            "is_image": true,
            "radius_mm": "Infinity",
            "thickness_mm": 0.0
          }
        ],
        "surfaces": [
          {
            "index": 0,
            "is_image": false,
            "radius_mm": "Infinity",
            "thickness_mm": null
          },
          {
            "index": 1,
            "is_image": false,
            "radius_mm": 51.3125,
            "thickness_mm": 5
          },
          {
            "index": 2,
            "is_image": false,
            "radius_mm": -50.0,
            "thickness_mm": 47.390625
          },
          {
            "index": 3,
            "is_image": true,
            "radius_mm": "Infinity",
            "thickness_mm": 0.0
          }
        ],
        "axial_positions_mm": [
          "-Infinity",
          0.0,
          5.0,
          52.390625
        ],
        "image_surface": 3,
        "import_restrictions": {
          "format": "Optiland native JSON",
          "restrictions": "Centered spherical/plane refractive surfaces in air; EPD; meridional angle fields; millimetres; scalar analysis; no solves, pickups, configurations, coatings, scattering, apodization or unsupported directives. Catalog glass requires an explicit catalog and exact material lookup. Native JSON export only."
        }
      },
      "measurements": [
        {
          "metric": "efl_mm",
          "value": 49.67567371446399,
          "unit": "mm",
          "analysis": {
            "sampling": 64,
            "use_polarization": false,
            "wavelength": 1,
            "wavelength_um": 0.55
          }
        },
        {
          "metric": "total_track_mm",
          "value": 52.390625,
          "unit": "mm",
          "analysis": {
            "sampling": 64,
            "use_polarization": false
          }
        },
        {
          "metric": "rms_spot_um",
          "field": 1,
          "wavelength": 1,
          "value": 15.560573931960178,
          "unit": "um",
          "analysis": {
            "sampling": 64,
            "use_polarization": false,
            "field_xy_deg": [
              0.0,
              0.0
            ],
            "wavelength_um": 0.55,
            "scalar": true,
            "sampled_rays": 817,
            "transmitted_rays": 817,
            "method": "geometric RMS radius about centroid",
            "distribution": "hexapolar",
            "num_rings": 16
          }
        },
        {
          "metric": "mtf",
          "field": 1,
          "wavelength": 1,
          "frequency": 20,
          "axis": "tangential",
          "value": 0.3460098115964248,
          "unit": "1",
          "analysis": {
            "sampling": 64,
            "use_polarization": false,
            "field_xy_deg": [
              0.0,
              0.0
            ],
            "wavelength_um": 0.55,
            "scalar": true,
            "method": "scalar FFT MTF",
            "interpolation": "linear, no extrapolation",
            "frequency_range_cyc_per_mm": [
              0.0,
              529.15681266261
            ]
          }
        },
        {
          "metric": "mtf",
          "field": 1,
          "wavelength": 1,
          "frequency": 20,
          "axis": "sagittal",
          "value": 0.3460098115964248,
          "unit": "1",
          "analysis": {
            "sampling": 64,
            "use_polarization": false,
            "field_xy_deg": [
              0.0,
              0.0
            ],
            "wavelength_um": 0.55,
            "scalar": true,
            "method": "scalar FFT MTF",
            "interpolation": "linear, no extrapolation",
            "frequency_range_cyc_per_mm": [
              0.0,
              529.15681266261
            ]
          }
        }
      ],
      "assessment": {
        "passes": true,
        "requirements": [
          {
            "id": "focal-length",
            "key": "efl_mm",
            "requirement": {
              "id": "focal-length",
              "metric": "efl_mm",
              "unit": "mm",
              "min": 48,
              "max": 51
            },
            "status": "pass",
            "value": 49.67567371446399,
            "unit": "mm"
          },
          {
            "id": "track",
            "key": "total_track_mm",
            "requirement": {
              "id": "track",
              "metric": "total_track_mm",
              "unit": "mm",
              "max": 65
            },
            "status": "pass",
            "value": 52.390625,
            "unit": "mm"
          },
          {
            "id": "spot",
            "key": "rms_spot_um|f=1|w=1",
            "requirement": {
              "id": "spot",
              "metric": "rms_spot_um",
              "field": 1,
              "wavelength": 1,
              "unit": "um",
              "max": 30
            },
            "status": "pass",
            "value": 15.560573931960178,
            "unit": "um"
          },
          {
            "id": "contrast-t",
            "key": "mtf|f=1|w=1|nu=20|axis=tangential",
            "requirement": {
              "id": "contrast-t",
              "metric": "mtf",
              "field": 1,
              "wavelength": 1,
              "frequency": 20,
              "axis": "tangential",
              "unit": "1",
              "min": 0.3
            },
            "status": "pass",
            "value": 0.3460098115964248,
            "unit": "1"
          },
          {
            "id": "contrast-s",
            "key": "mtf|f=1|w=1|nu=20|axis=sagittal",
            "requirement": {
              "id": "contrast-s",
              "metric": "mtf",
              "field": 1,
              "wavelength": 1,
              "frequency": 20,
              "axis": "sagittal",
              "unit": "1",
              "min": 0.3
            },
            "status": "pass",
            "value": 0.3460098115964248,
            "unit": "1"
          }
        ]
      },
      "objective_breakdown": {
        "aggregation": "weighted_rms",
        "direction": "minimize",
        "value": 0.5328739309567431,
        "unit": "1",
        "terms": [
          {
            "metric": "efl_mm",
            "key": "efl_mm",
            "unit": "mm",
            "value": 49.67567371446399,
            "target": 50,
            "scale": 2,
            "weight": 1,
            "normalized_residual": -0.16216314276800503,
            "weighted_residual": -0.07252156213485253
          },
          {
            "metric": "rms_spot_um",
            "field": 1,
            "wavelength": 1,
            "key": "rms_spot_um|f=1|w=1",
            "unit": "um",
            "value": 15.560573931960178,
            "target": 0,
            "scale": 30,
            "weight": 2,
            "normalized_residual": 0.518685797732006,
            "weighted_residual": 0.3280457021629074
          },
          {
            "metric": "mtf",
            "field": 1,
            "wavelength": 1,
            "frequency": 20,
            "axis": "tangential",
            "key": "mtf|f=1|w=1|nu=20|axis=tangential",
            "unit": "1",
            "value": 0.3460098115964248,
            "target": 1,
            "scale": 1,
            "weight": 1,
            "normalized_residual": -0.6539901884035753,
            "weighted_residual": -0.2924733035776578
          },
          {
            "metric": "mtf",
            "field": 1,
            "wavelength": 1,
            "frequency": 20,
            "axis": "sagittal",
            "key": "mtf|f=1|w=1|nu=20|axis=sagittal",
            "unit": "1",
            "value": 0.3460098115964248,
            "target": 1,
            "scale": 1,
            "weight": 1,
            "normalized_residual": -0.6539901884035753,
            "weighted_residual": -0.2924733035776578
          }
        ]
      },
      "objective_value": 0.5328739309567431
    },
    {
      "kind": "search",
      "parameters_mm": [
        51.34375,
        47.5
      ],
      "inspection": {
        "engine": {
          "name": "Optiland",
          "version": "0.6.2"
        },
        "focus_mm": 47.5,
        "invariants": {
          "version": 1.0,
          "name": "Synthetic N-BK7 singlet matching defocused-singlet.zmx prescription",
          "aperture": {
            "type": "EPD",
            "value": 10
          },
          "fields": {
            "fields": [
              {
                "x": 0.0,
                "y": 0,
                "vx": 0.0,
                "vy": 0.0,
                "weight": 1.0
              }
            ],
            "telecentric": false,
            "field_definition": {
              "field_type": "AngleField"
            }
          },
          "wavelengths": {
            "wavelengths": [
              {
                "value": 0.55,
                "is_primary": true,
                "unit": "um",
                "weight": 1.0
              }
            ],
            "polarization": "ignore"
          },
          "apodization": null,
          "pickups": [],
          "solves": {
            "solves": []
          },
          "surface_group": {
            "surfaces": [
              {
                "type": "ObjectSurface",
                "geometry": {
                  "type": "Plane",
                  "cs": {
                    "x": 0.0,
                    "y": 0.0,
                    "z": "-Infinity",
                    "rx": 0.0,
                    "ry": 0.0,
                    "rz": 0.0,
                    "reference_cs": null
                  },
                  "radius": "Infinity"
                },
                "material_post": {
                  "type": "IdealMaterial",
                  "propagation_model": {
                    "class": "HomogeneousPropagation"
                  },
                  "index": 1.0,
                  "absorp": 0.0
                },
                "comment": ""
              },
              {
                "type": "Surface",
                "thickness": 5,
                "geometry": {
                  "type": "StandardGeometry",
                  "cs": {
                    "x": 0.0,
                    "y": 0.0,
                    "z": 0.0,
                    "rx": 0.0,
                    "ry": 0.0,
                    "rz": 0.0,
                    "reference_cs": null
                  },
                  "radius": 51.34375,
                  "conic": 0.0
                },
                "material_post": {
                  "type": "Material",
                  "propagation_model": {
                    "class": "HomogeneousPropagation"
                  },
                  "filename": "C:\\Users\\erict\\AppData\\Local\\uv\\cache\\archive-v0\\1oTiDYYjy2XEHm8e\\Lib\\site-packages\\optiland\\database\\data-nk\\glass\\schott\\N-BK7.yml",
                  "name": "N-BK7",
                  "reference": null,
                  "catalog": "schott",
                  "match_policy": "strict",
                  "robust_search": null,
                  "min_wavelength": null,
                  "max_wavelength": null
                },
                "is_stop": true,
                "aperture": null,
                "comment": "",
                "interaction_model": {
                  "type": "RefractiveReflectiveModel",
                  "is_reflective": false,
                  "coating": null,
                  "bsdf": null
                }
              },
              {
                "type": "Surface",
                "geometry": {
                  "type": "StandardGeometry",
                  "cs": {
                    "x": 0.0,
                    "y": 0.0,
                    "z": 5.0,
                    "rx": 0.0,
                    "ry": 0.0,
                    "rz": 0.0,
                    "reference_cs": null
                  },
                  "radius": -50.0,
                  "conic": 0.0
                },
                "material_post": {
                  "type": "IdealMaterial",
                  "propagation_model": {
                    "class": "HomogeneousPropagation"
                  },
                  "index": 1.0,
                  "absorp": 0.0
                },
                "is_stop": false,
                "aperture": null,
                "comment": "",
                "interaction_model": {
                  "type": "RefractiveReflectiveModel",
                  "is_reflective": false,
                  "coating": null,
                  "bsdf": null
                }
              },
              {
                "type": "Surface",
                "thickness": 0.0,
                "geometry": {
                  "type": "Plane",
                  "cs": {
                    "x": 0.0,
                    "y": 0.0,
                    "rx": 0.0,
                    "ry": 0.0,
                    "rz": 0.0,
                    "reference_cs": null
                  },
                  "radius": "Infinity"
                },
                "material_post": {
                  "type": "IdealMaterial",
                  "propagation_model": {
                    "class": "HomogeneousPropagation"
                  },
                  "index": 1.0,
                  "absorp": 0.0
                },
                "is_stop": false,
                "aperture": null,
                "comment": "",
                "interaction_model": {
                  "type": "RefractiveReflectiveModel",
                  "is_reflective": false,
                  "coating": null,
                  "bsdf": null
                }
              }
            ]
          },
          "ray_tracer": {
            "ray_aiming_config": {
              "mode": "paraxial",
              "max_iter": 10,
              "tol": 1e-06
            }
          }
        },
        "prescription": [
          {
            "index": 0,
            "is_image": false,
            "radius_mm": "Infinity",
            "thickness_mm": null
          },
          {
            "index": 1,
            "is_image": false,
            "radius_mm": 51.34375,
            "thickness_mm": 5
          },
          {
            "index": 2,
            "is_image": false,
            "radius_mm": -50.0,
            "thickness_mm": 47.5
          },
          {
            "index": 3,
            "is_image": true,
            "radius_mm": "Infinity",
            "thickness_mm": 0.0
          }
        ],
        "surfaces": [
          {
            "index": 0,
            "is_image": false,
            "radius_mm": "Infinity",
            "thickness_mm": null
          },
          {
            "index": 1,
            "is_image": false,
            "radius_mm": 51.34375,
            "thickness_mm": 5
          },
          {
            "index": 2,
            "is_image": false,
            "radius_mm": -50.0,
            "thickness_mm": 47.5
          },
          {
            "index": 3,
            "is_image": true,
            "radius_mm": "Infinity",
            "thickness_mm": 0.0
          }
        ],
        "axial_positions_mm": [
          "-Infinity",
          0.0,
          5.0,
          52.5
        ],
        "image_surface": 3,
        "import_restrictions": {
          "format": "Optiland native JSON",
          "restrictions": "Centered spherical/plane refractive surfaces in air; EPD; meridional angle fields; millimetres; scalar analysis; no solves, pickups, configurations, coatings, scattering, apodization or unsupported directives. Catalog glass requires an explicit catalog and exact material lookup. Native JSON export only."
        }
      },
      "measurements": [
        {
          "metric": "efl_mm",
          "value": 49.69033708255516,
          "unit": "mm",
          "analysis": {
            "sampling": 64,
            "use_polarization": false,
            "wavelength": 1,
            "wavelength_um": 0.55
          }
        },
        {
          "metric": "total_track_mm",
          "value": 52.5,
          "unit": "mm",
          "analysis": {
            "sampling": 64,
            "use_polarization": false
          }
        },
        {
          "metric": "rms_spot_um",
          "field": 1,
          "wavelength": 1,
          "value": 14.733806268385543,
          "unit": "um",
          "analysis": {
            "sampling": 64,
            "use_polarization": false,
            "field_xy_deg": [
              0.0,
              0.0
            ],
            "wavelength_um": 0.55,
            "scalar": true,
            "sampled_rays": 817,
            "transmitted_rays": 817,
            "method": "geometric RMS radius about centroid",
            "distribution": "hexapolar",
            "num_rings": 16
          }
        },
        {
          "metric": "mtf",
          "field": 1,
          "wavelength": 1,
          "frequency": 20,
          "axis": "tangential",
          "value": 0.5032397194460043,
          "unit": "1",
          "analysis": {
            "sampling": 64,
            "use_polarization": false,
            "field_xy_deg": [
              0.0,
              0.0
            ],
            "wavelength_um": 0.55,
            "scalar": true,
            "method": "scalar FFT MTF",
            "interpolation": "linear, no extrapolation",
            "frequency_range_cyc_per_mm": [
              0.0,
              528.998991247969
            ]
          }
        },
        {
          "metric": "mtf",
          "field": 1,
          "wavelength": 1,
          "frequency": 20,
          "axis": "sagittal",
          "value": 0.5032397194460043,
          "unit": "1",
          "analysis": {
            "sampling": 64,
            "use_polarization": false,
            "field_xy_deg": [
              0.0,
              0.0
            ],
            "wavelength_um": 0.55,
            "scalar": true,
            "method": "scalar FFT MTF",
            "interpolation": "linear, no extrapolation",
            "frequency_range_cyc_per_mm": [
              0.0,
              528.998991247969
            ]
          }
        }
      ],
      "assessment": {
        "passes": true,
        "requirements": [
          {
            "id": "focal-length",
            "key": "efl_mm",
            "requirement": {
              "id": "focal-length",
              "metric": "efl_mm",
              "unit": "mm",
              "min": 48,
              "max": 51
            },
            "status": "pass",
            "value": 49.69033708255516,
            "unit": "mm"
          },
          {
            "id": "track",
            "key": "total_track_mm",
            "requirement": {
              "id": "track",
              "metric": "total_track_mm",
              "unit": "mm",
              "max": 65
            },
            "status": "pass",
            "value": 52.5,
            "unit": "mm"
          },
          {
            "id": "spot",
            "key": "rms_spot_um|f=1|w=1",
            "requirement": {
              "id": "spot",
              "metric": "rms_spot_um",
              "field": 1,
              "wavelength": 1,
              "unit": "um",
              "max": 30
            },
            "status": "pass",
            "value": 14.733806268385543,
            "unit": "um"
          },
          {
            "id": "contrast-t",
            "key": "mtf|f=1|w=1|nu=20|axis=tangential",
            "requirement": {
              "id": "contrast-t",
              "metric": "mtf",
              "field": 1,
              "wavelength": 1,
              "frequency": 20,
              "axis": "tangential",
              "unit": "1",
              "min": 0.3
            },
            "status": "pass",
            "value": 0.5032397194460043,
            "unit": "1"
          },
          {
            "id": "contrast-s",
            "key": "mtf|f=1|w=1|nu=20|axis=sagittal",
            "requirement": {
              "id": "contrast-s",
              "metric": "mtf",
              "field": 1,
              "wavelength": 1,
              "frequency": 20,
              "axis": "sagittal",
              "unit": "1",
              "min": 0.3
            },
            "status": "pass",
            "value": 0.5032397194460043,
            "unit": "1"
          }
        ]
      },
      "objective_breakdown": {
        "aggregation": "weighted_rms",
        "direction": "minimize",
        "value": 0.44719694748080824,
        "unit": "1",
        "terms": [
          {
            "metric": "efl_mm",
            "key": "efl_mm",
            "unit": "mm",
            "value": 49.69033708255516,
            "target": 50,
            "scale": 2,
            "weight": 1,
            "normalized_residual": -0.15483145872241977,
            "weighted_residual": -0.06924273335175667
          },
          {
            "metric": "rms_spot_um",
            "field": 1,
            "wavelength": 1,
            "key": "rms_spot_um|f=1|w=1",
            "unit": "um",
            "value": 14.733806268385543,
            "target": 0,
            "scale": 30,
            "weight": 2,
            "normalized_residual": 0.4911268756128514,
            "weighted_residual": 0.31061590941176287
          },
          {
            "metric": "mtf",
            "field": 1,
            "wavelength": 1,
            "frequency": 20,
            "axis": "tangential",
            "key": "mtf|f=1|w=1|nu=20|axis=tangential",
            "unit": "1",
            "value": 0.5032397194460043,
            "target": 1,
            "scale": 1,
            "weight": 1,
            "normalized_residual": -0.4967602805539957,
            "weighted_residual": -0.22215795116812023
          },
          {
            "metric": "mtf",
            "field": 1,
            "wavelength": 1,
            "frequency": 20,
            "axis": "sagittal",
            "key": "mtf|f=1|w=1|nu=20|axis=sagittal",
            "unit": "1",
            "value": 0.5032397194460043,
            "target": 1,
            "scale": 1,
            "weight": 1,
            "normalized_residual": -0.4967602805539957,
            "weighted_residual": -0.22215795116812023
          }
        ]
      },
      "objective_value": 0.44719694748080824
    },
    {
      "kind": "search",
      "parameters_mm": [
        51.28125,
        47.5
      ],
      "inspection": {
        "engine": {
          "name": "Optiland",
          "version": "0.6.2"
        },
        "focus_mm": 47.5,
        "invariants": {
          "version": 1.0,
          "name": "Synthetic N-BK7 singlet matching defocused-singlet.zmx prescription",
          "aperture": {
            "type": "EPD",
            "value": 10
          },
          "fields": {
            "fields": [
              {
                "x": 0.0,
                "y": 0,
                "vx": 0.0,
                "vy": 0.0,
                "weight": 1.0
              }
            ],
            "telecentric": false,
            "field_definition": {
              "field_type": "AngleField"
            }
          },
          "wavelengths": {
            "wavelengths": [
              {
                "value": 0.55,
                "is_primary": true,
                "unit": "um",
                "weight": 1.0
              }
            ],
            "polarization": "ignore"
          },
          "apodization": null,
          "pickups": [],
          "solves": {
            "solves": []
          },
          "surface_group": {
            "surfaces": [
              {
                "type": "ObjectSurface",
                "geometry": {
                  "type": "Plane",
                  "cs": {
                    "x": 0.0,
                    "y": 0.0,
                    "z": "-Infinity",
                    "rx": 0.0,
                    "ry": 0.0,
                    "rz": 0.0,
                    "reference_cs": null
                  },
                  "radius": "Infinity"
                },
                "material_post": {
                  "type": "IdealMaterial",
                  "propagation_model": {
                    "class": "HomogeneousPropagation"
                  },
                  "index": 1.0,
                  "absorp": 0.0
                },
                "comment": ""
              },
              {
                "type": "Surface",
                "thickness": 5,
                "geometry": {
                  "type": "StandardGeometry",
                  "cs": {
                    "x": 0.0,
                    "y": 0.0,
                    "z": 0.0,
                    "rx": 0.0,
                    "ry": 0.0,
                    "rz": 0.0,
                    "reference_cs": null
                  },
                  "radius": 51.28125,
                  "conic": 0.0
                },
                "material_post": {
                  "type": "Material",
                  "propagation_model": {
                    "class": "HomogeneousPropagation"
                  },
                  "filename": "C:\\Users\\erict\\AppData\\Local\\uv\\cache\\archive-v0\\1oTiDYYjy2XEHm8e\\Lib\\site-packages\\optiland\\database\\data-nk\\glass\\schott\\N-BK7.yml",
                  "name": "N-BK7",
                  "reference": null,
                  "catalog": "schott",
                  "match_policy": "strict",
                  "robust_search": null,
                  "min_wavelength": null,
                  "max_wavelength": null
                },
                "is_stop": true,
                "aperture": null,
                "comment": "",
                "interaction_model": {
                  "type": "RefractiveReflectiveModel",
                  "is_reflective": false,
                  "coating": null,
                  "bsdf": null
                }
              },
              {
                "type": "Surface",
                "geometry": {
                  "type": "StandardGeometry",
                  "cs": {
                    "x": 0.0,
                    "y": 0.0,
                    "z": 5.0,
                    "rx": 0.0,
                    "ry": 0.0,
                    "rz": 0.0,
                    "reference_cs": null
                  },
                  "radius": -50.0,
                  "conic": 0.0
                },
                "material_post": {
                  "type": "IdealMaterial",
                  "propagation_model": {
                    "class": "HomogeneousPropagation"
                  },
                  "index": 1.0,
                  "absorp": 0.0
                },
                "is_stop": false,
                "aperture": null,
                "comment": "",
                "interaction_model": {
                  "type": "RefractiveReflectiveModel",
                  "is_reflective": false,
                  "coating": null,
                  "bsdf": null
                }
              },
              {
                "type": "Surface",
                "thickness": 0.0,
                "geometry": {
                  "type": "Plane",
                  "cs": {
                    "x": 0.0,
                    "y": 0.0,
                    "rx": 0.0,
                    "ry": 0.0,
                    "rz": 0.0,
                    "reference_cs": null
                  },
                  "radius": "Infinity"
                },
                "material_post": {
                  "type": "IdealMaterial",
                  "propagation_model": {
                    "class": "HomogeneousPropagation"
                  },
                  "index": 1.0,
                  "absorp": 0.0
                },
                "is_stop": false,
                "aperture": null,
                "comment": "",
                "interaction_model": {
                  "type": "RefractiveReflectiveModel",
                  "is_reflective": false,
                  "coating": null,
                  "bsdf": null
                }
              }
            ]
          },
          "ray_tracer": {
            "ray_aiming_config": {
              "mode": "paraxial",
              "max_iter": 10,
              "tol": 1e-06
            }
          }
        },
        "prescription": [
          {
            "index": 0,
            "is_image": false,
            "radius_mm": "Infinity",
            "thickness_mm": null
          },
          {
            "index": 1,
            "is_image": false,
            "radius_mm": 51.28125,
            "thickness_mm": 5
          },
          {
            "index": 2,
            "is_image": false,
            "radius_mm": -50.0,
            "thickness_mm": 47.5
          },
          {
            "index": 3,
            "is_image": true,
            "radius_mm": "Infinity",
            "thickness_mm": 0.0
          }
        ],
        "surfaces": [
          {
            "index": 0,
            "is_image": false,
            "radius_mm": "Infinity",
            "thickness_mm": null
          },
          {
            "index": 1,
            "is_image": false,
            "radius_mm": 51.28125,
            "thickness_mm": 5
          },
          {
            "index": 2,
            "is_image": false,
            "radius_mm": -50.0,
            "thickness_mm": 47.5
          },
          {
            "index": 3,
            "is_image": true,
            "radius_mm": "Infinity",
            "thickness_mm": 0.0
          }
        ],
        "axial_positions_mm": [
          "-Infinity",
          0.0,
          5.0,
          52.5
        ],
        "image_surface": 3,
        "import_restrictions": {
          "format": "Optiland native JSON",
          "restrictions": "Centered spherical/plane refractive surfaces in air; EPD; meridional angle fields; millimetres; scalar analysis; no solves, pickups, configurations, coatings, scattering, apodization or unsupported directives. Catalog glass requires an explicit catalog and exact material lookup. Native JSON export only."
        }
      },
      "measurements": [
        {
          "metric": "efl_mm",
          "value": 49.66100114255255,
          "unit": "mm",
          "analysis": {
            "sampling": 64,
            "use_polarization": false,
            "wavelength": 1,
            "wavelength_um": 0.55
          }
        },
        {
          "metric": "total_track_mm",
          "value": 52.5,
          "unit": "mm",
          "analysis": {
            "sampling": 64,
            "use_polarization": false
          }
        },
        {
          "metric": "rms_spot_um",
          "field": 1,
          "wavelength": 1,
          "value": 15.167310565078116,
          "unit": "um",
          "analysis": {
            "sampling": 64,
            "use_polarization": false,
            "field_xy_deg": [
              0.0,
              0.0
            ],
            "wavelength_um": 0.55,
            "scalar": true,
            "sampled_rays": 817,
            "transmitted_rays": 817,
            "method": "geometric RMS radius about centroid",
            "distribution": "hexapolar",
            "num_rings": 16
          }
        },
        {
          "metric": "mtf",
          "field": 1,
          "wavelength": 1,
          "frequency": 20,
          "axis": "tangential",
          "value": 0.5293449530159791,
          "unit": "1",
          "analysis": {
            "sampling": 64,
            "use_polarization": false,
            "field_xy_deg": [
              0.0,
              0.0
            ],
            "wavelength_um": 0.55,
            "scalar": true,
            "method": "scalar FFT MTF",
            "interpolation": "linear, no extrapolation",
            "frequency_range_cyc_per_mm": [
              0.0,
              529.314828671987
            ]
          }
        },
        {
          "metric": "mtf",
          "field": 1,
          "wavelength": 1,
          "frequency": 20,
          "axis": "sagittal",
          "value": 0.529344953015979,
          "unit": "1",
          "analysis": {
            "sampling": 64,
            "use_polarization": false,
            "field_xy_deg": [
              0.0,
              0.0
            ],
            "wavelength_um": 0.55,
            "scalar": true,
            "method": "scalar FFT MTF",
            "interpolation": "linear, no extrapolation",
            "frequency_range_cyc_per_mm": [
              0.0,
              529.314828671987
            ]
          }
        }
      ],
      "assessment": {
        "passes": true,
        "requirements": [
          {
            "id": "focal-length",
            "key": "efl_mm",
            "requirement": {
              "id": "focal-length",
              "metric": "efl_mm",
              "unit": "mm",
              "min": 48,
              "max": 51
            },
            "status": "pass",
            "value": 49.66100114255255,
            "unit": "mm"
          },
          {
            "id": "track",
            "key": "total_track_mm",
            "requirement": {
              "id": "track",
              "metric": "total_track_mm",
              "unit": "mm",
              "max": 65
            },
            "status": "pass",
            "value": 52.5,
            "unit": "mm"
          },
          {
            "id": "spot",
            "key": "rms_spot_um|f=1|w=1",
            "requirement": {
              "id": "spot",
              "metric": "rms_spot_um",
              "field": 1,
              "wavelength": 1,
              "unit": "um",
              "max": 30
            },
            "status": "pass",
            "value": 15.167310565078116,
            "unit": "um"
          },
          {
            "id": "contrast-t",
            "key": "mtf|f=1|w=1|nu=20|axis=tangential",
            "requirement": {
              "id": "contrast-t",
              "metric": "mtf",
              "field": 1,
              "wavelength": 1,
              "frequency": 20,
              "axis": "tangential",
              "unit": "1",
              "min": 0.3
            },
            "status": "pass",
            "value": 0.5293449530159791,
            "unit": "1"
          },
          {
            "id": "contrast-s",
            "key": "mtf|f=1|w=1|nu=20|axis=sagittal",
            "requirement": {
              "id": "contrast-s",
              "metric": "mtf",
              "field": 1,
              "wavelength": 1,
              "frequency": 20,
              "axis": "sagittal",
              "unit": "1",
              "min": 0.3
            },
            "status": "pass",
            "value": 0.529344953015979,
            "unit": "1"
          }
        ]
      },
      "objective_breakdown": {
        "aggregation": "weighted_rms",
        "direction": "minimize",
        "value": 0.4433911696889775,
        "unit": "1",
        "terms": [
          {
            "metric": "efl_mm",
            "key": "efl_mm",
            "unit": "mm",
            "value": 49.66100114255255,
            "target": 50,
            "scale": 2,
            "weight": 1,
            "normalized_residual": -0.16949942872372503,
            "weighted_residual": -0.07580244895472592
          },
          {
            "metric": "rms_spot_um",
            "field": 1,
            "wavelength": 1,
            "key": "rms_spot_um|f=1|w=1",
            "unit": "um",
            "value": 15.167310565078116,
            "target": 0,
            "scale": 30,
            "weight": 2,
            "normalized_residual": 0.5055770188359372,
            "weighted_residual": 0.31975498243188244
          },
          {
            "metric": "mtf",
            "field": 1,
            "wavelength": 1,
            "frequency": 20,
            "axis": "tangential",
            "key": "mtf|f=1|w=1|nu=20|axis=tangential",
            "unit": "1",
            "value": 0.5293449530159791,
            "target": 1,
            "scale": 1,
            "weight": 1,
            "normalized_residual": -0.47065504698402094,
            "weighted_residual": -0.21048333580192563
          },
          {
            "metric": "mtf",
            "field": 1,
            "wavelength": 1,
            "frequency": 20,
            "axis": "sagittal",
            "key": "mtf|f=1|w=1|nu=20|axis=sagittal",
            "unit": "1",
            "value": 0.529344953015979,
            "target": 1,
            "scale": 1,
            "weight": 1,
            "normalized_residual": -0.47065504698402105,
            "weighted_residual": -0.2104833358019257
          }
        ]
      },
      "objective_value": 0.4433911696889775
    },
    {
      "kind": "search",
      "parameters_mm": [
        51.28125,
        47.5546875
      ],
      "inspection": {
        "engine": {
          "name": "Optiland",
          "version": "0.6.2"
        },
        "focus_mm": 47.5546875,
        "invariants": {
          "version": 1.0,
          "name": "Synthetic N-BK7 singlet matching defocused-singlet.zmx prescription",
          "aperture": {
            "type": "EPD",
            "value": 10
          },
          "fields": {
            "fields": [
              {
                "x": 0.0,
                "y": 0,
                "vx": 0.0,
                "vy": 0.0,
                "weight": 1.0
              }
            ],
            "telecentric": false,
            "field_definition": {
              "field_type": "AngleField"
            }
          },
          "wavelengths": {
            "wavelengths": [
              {
                "value": 0.55,
                "is_primary": true,
                "unit": "um",
                "weight": 1.0
              }
            ],
            "polarization": "ignore"
          },
          "apodization": null,
          "pickups": [],
          "solves": {
            "solves": []
          },
          "surface_group": {
            "surfaces": [
              {
                "type": "ObjectSurface",
                "geometry": {
                  "type": "Plane",
                  "cs": {
                    "x": 0.0,
                    "y": 0.0,
                    "z": "-Infinity",
                    "rx": 0.0,
                    "ry": 0.0,
                    "rz": 0.0,
                    "reference_cs": null
                  },
                  "radius": "Infinity"
                },
                "material_post": {
                  "type": "IdealMaterial",
                  "propagation_model": {
                    "class": "HomogeneousPropagation"
                  },
                  "index": 1.0,
                  "absorp": 0.0
                },
                "comment": ""
              },
              {
                "type": "Surface",
                "thickness": 5,
                "geometry": {
                  "type": "StandardGeometry",
                  "cs": {
                    "x": 0.0,
                    "y": 0.0,
                    "z": 0.0,
                    "rx": 0.0,
                    "ry": 0.0,
                    "rz": 0.0,
                    "reference_cs": null
                  },
                  "radius": 51.28125,
                  "conic": 0.0
                },
                "material_post": {
                  "type": "Material",
                  "propagation_model": {
                    "class": "HomogeneousPropagation"
                  },
                  "filename": "C:\\Users\\erict\\AppData\\Local\\uv\\cache\\archive-v0\\1oTiDYYjy2XEHm8e\\Lib\\site-packages\\optiland\\database\\data-nk\\glass\\schott\\N-BK7.yml",
                  "name": "N-BK7",
                  "reference": null,
                  "catalog": "schott",
                  "match_policy": "strict",
                  "robust_search": null,
                  "min_wavelength": null,
                  "max_wavelength": null
                },
                "is_stop": true,
                "aperture": null,
                "comment": "",
                "interaction_model": {
                  "type": "RefractiveReflectiveModel",
                  "is_reflective": false,
                  "coating": null,
                  "bsdf": null
                }
              },
              {
                "type": "Surface",
                "geometry": {
                  "type": "StandardGeometry",
                  "cs": {
                    "x": 0.0,
                    "y": 0.0,
                    "z": 5.0,
                    "rx": 0.0,
                    "ry": 0.0,
                    "rz": 0.0,
                    "reference_cs": null
                  },
                  "radius": -50.0,
                  "conic": 0.0
                },
                "material_post": {
                  "type": "IdealMaterial",
                  "propagation_model": {
                    "class": "HomogeneousPropagation"
                  },
                  "index": 1.0,
                  "absorp": 0.0
                },
                "is_stop": false,
                "aperture": null,
                "comment": "",
                "interaction_model": {
                  "type": "RefractiveReflectiveModel",
                  "is_reflective": false,
                  "coating": null,
                  "bsdf": null
                }
              },
              {
                "type": "Surface",
                "thickness": 0.0,
                "geometry": {
                  "type": "Plane",
                  "cs": {
                    "x": 0.0,
                    "y": 0.0,
                    "rx": 0.0,
                    "ry": 0.0,
                    "rz": 0.0,
                    "reference_cs": null
                  },
                  "radius": "Infinity"
                },
                "material_post": {
                  "type": "IdealMaterial",
                  "propagation_model": {
                    "class": "HomogeneousPropagation"
                  },
                  "index": 1.0,
                  "absorp": 0.0
                },
                "is_stop": false,
                "aperture": null,
                "comment": "",
                "interaction_model": {
                  "type": "RefractiveReflectiveModel",
                  "is_reflective": false,
                  "coating": null,
                  "bsdf": null
                }
              }
            ]
          },
          "ray_tracer": {
            "ray_aiming_config": {
              "mode": "paraxial",
              "max_iter": 10,
              "tol": 1e-06
            }
          }
        },
        "prescription": [
          {
            "index": 0,
            "is_image": false,
            "radius_mm": "Infinity",
            "thickness_mm": null
          },
          {
            "index": 1,
            "is_image": false,
            "radius_mm": 51.28125,
            "thickness_mm": 5
          },
          {
            "index": 2,
            "is_image": false,
            "radius_mm": -50.0,
            "thickness_mm": 47.5546875
          },
          {
            "index": 3,
            "is_image": true,
            "radius_mm": "Infinity",
            "thickness_mm": 0.0
          }
        ],
        "surfaces": [
          {
            "index": 0,
            "is_image": false,
            "radius_mm": "Infinity",
            "thickness_mm": null
          },
          {
            "index": 1,
            "is_image": false,
            "radius_mm": 51.28125,
            "thickness_mm": 5
          },
          {
            "index": 2,
            "is_image": false,
            "radius_mm": -50.0,
            "thickness_mm": 47.5546875
          },
          {
            "index": 3,
            "is_image": true,
            "radius_mm": "Infinity",
            "thickness_mm": 0.0
          }
        ],
        "axial_positions_mm": [
          "-Infinity",
          0.0,
          5.0,
          52.5546875
        ],
        "image_surface": 3,
        "import_restrictions": {
          "format": "Optiland native JSON",
          "restrictions": "Centered spherical/plane refractive surfaces in air; EPD; meridional angle fields; millimetres; scalar analysis; no solves, pickups, configurations, coatings, scattering, apodization or unsupported directives. Catalog glass requires an explicit catalog and exact material lookup. Native JSON export only."
        }
      },
      "measurements": [
        {
          "metric": "efl_mm",
          "value": 49.66100114255255,
          "unit": "mm",
          "analysis": {
            "sampling": 64,
            "use_polarization": false,
            "wavelength": 1,
            "wavelength_um": 0.55
          }
        },
        {
          "metric": "total_track_mm",
          "value": 52.5546875,
          "unit": "mm",
          "analysis": {
            "sampling": 64,
            "use_polarization": false
          }
        },
        {
          "metric": "rms_spot_um",
          "field": 1,
          "wavelength": 1,
          "value": 16.689004593689553,
          "unit": "um",
          "analysis": {
            "sampling": 64,
            "use_polarization": false,
            "field_xy_deg": [
              0.0,
              0.0
            ],
            "wavelength_um": 0.55,
            "scalar": true,
            "sampled_rays": 817,
            "transmitted_rays": 817,
            "method": "geometric RMS radius about centroid",
            "distribution": "hexapolar",
            "num_rings": 16
          }
        },
        {
          "metric": "mtf",
          "field": 1,
          "wavelength": 1,
          "frequency": 20,
          "axis": "tangential",
          "value": 0.5479765517286433,
          "unit": "1",
          "analysis": {
            "sampling": 64,
            "use_polarization": false,
            "field_xy_deg": [
              0.0,
              0.0
            ],
            "wavelength_um": 0.55,
            "scalar": true,
            "method": "scalar FFT MTF",
            "interpolation": "linear, no extrapolation",
            "frequency_range_cyc_per_mm": [
              0.0,
              529.314828671987
            ]
          }
        },
        {
          "metric": "mtf",
          "field": 1,
          "wavelength": 1,
          "frequency": 20,
          "axis": "sagittal",
          "value": 0.5479765517286435,
          "unit": "1",
          "analysis": {
            "sampling": 64,
            "use_polarization": false,
            "field_xy_deg": [
              0.0,
              0.0
            ],
            "wavelength_um": 0.55,
            "scalar": true,
            "method": "scalar FFT MTF",
            "interpolation": "linear, no extrapolation",
            "frequency_range_cyc_per_mm": [
              0.0,
              529.314828671987
            ]
          }
        }
      ],
      "assessment": {
        "passes": true,
        "requirements": [
          {
            "id": "focal-length",
            "key": "efl_mm",
            "requirement": {
              "id": "focal-length",
              "metric": "efl_mm",
              "unit": "mm",
              "min": 48,
              "max": 51
            },
            "status": "pass",
            "value": 49.66100114255255,
            "unit": "mm"
          },
          {
            "id": "track",
            "key": "total_track_mm",
            "requirement": {
              "id": "track",
              "metric": "total_track_mm",
              "unit": "mm",
              "max": 65
            },
            "status": "pass",
            "value": 52.5546875,
            "unit": "mm"
          },
          {
            "id": "spot",
            "key": "rms_spot_um|f=1|w=1",
            "requirement": {
              "id": "spot",
              "metric": "rms_spot_um",
              "field": 1,
              "wavelength": 1,
              "unit": "um",
              "max": 30
            },
            "status": "pass",
            "value": 16.689004593689553,
            "unit": "um"
          },
          {
            "id": "contrast-t",
            "key": "mtf|f=1|w=1|nu=20|axis=tangential",
            "requirement": {
              "id": "contrast-t",
              "metric": "mtf",
              "field": 1,
              "wavelength": 1,
              "frequency": 20,
              "axis": "tangential",
              "unit": "1",
              "min": 0.3
            },
            "status": "pass",
            "value": 0.5479765517286433,
            "unit": "1"
          },
          {
            "id": "contrast-s",
            "key": "mtf|f=1|w=1|nu=20|axis=sagittal",
            "requirement": {
              "id": "contrast-s",
              "metric": "mtf",
              "field": 1,
              "wavelength": 1,
              "frequency": 20,
              "axis": "sagittal",
              "unit": "1",
              "min": 0.3
            },
            "status": "pass",
            "value": 0.5479765517286435,
            "unit": "1"
          }
        ]
      },
      "objective_breakdown": {
        "aggregation": "weighted_rms",
        "direction": "minimize",
        "value": 0.45963467507167866,
        "unit": "1",
        "terms": [
          {
            "metric": "efl_mm",
            "key": "efl_mm",
            "unit": "mm",
            "value": 49.66100114255255,
            "target": 50,
            "scale": 2,
            "weight": 1,
            "normalized_residual": -0.16949942872372503,
            "weighted_residual": -0.07580244895472592
          },
          {
            "metric": "rms_spot_um",
            "field": 1,
            "wavelength": 1,
            "key": "rms_spot_um|f=1|w=1",
            "unit": "um",
            "value": 16.689004593689553,
            "target": 0,
            "scale": 30,
            "weight": 2,
            "normalized_residual": 0.5563001531229851,
            "weighted_residual": 0.3518351093138129
          },
          {
            "metric": "mtf",
            "field": 1,
            "wavelength": 1,
            "frequency": 20,
            "axis": "tangential",
            "key": "mtf|f=1|w=1|nu=20|axis=tangential",
            "unit": "1",
            "value": 0.5479765517286433,
            "target": 1,
            "scale": 1,
            "weight": 1,
            "normalized_residual": -0.45202344827135665,
            "weighted_residual": -0.20215103155172265
          },
          {
            "metric": "mtf",
            "field": 1,
            "wavelength": 1,
            "frequency": 20,
            "axis": "sagittal",
            "key": "mtf|f=1|w=1|nu=20|axis=sagittal",
            "unit": "1",
            "value": 0.5479765517286435,
            "target": 1,
            "scale": 1,
            "weight": 1,
            "normalized_residual": -0.45202344827135654,
            "weighted_residual": -0.2021510315517226
          }
        ]
      },
      "objective_value": 0.45963467507167866
    },
    {
      "kind": "search",
      "parameters_mm": [
        51.28125,
        47.4453125
      ],
      "inspection": {
        "engine": {
          "name": "Optiland",
          "version": "0.6.2"
        },
        "focus_mm": 47.4453125,
        "invariants": {
          "version": 1.0,
          "name": "Synthetic N-BK7 singlet matching defocused-singlet.zmx prescription",
          "aperture": {
            "type": "EPD",
            "value": 10
          },
          "fields": {
            "fields": [
              {
                "x": 0.0,
                "y": 0,
                "vx": 0.0,
                "vy": 0.0,
                "weight": 1.0
              }
            ],
            "telecentric": false,
            "field_definition": {
              "field_type": "AngleField"
            }
          },
          "wavelengths": {
            "wavelengths": [
              {
                "value": 0.55,
                "is_primary": true,
                "unit": "um",
                "weight": 1.0
              }
            ],
            "polarization": "ignore"
          },
          "apodization": null,
          "pickups": [],
          "solves": {
            "solves": []
          },
          "surface_group": {
            "surfaces": [
              {
                "type": "ObjectSurface",
                "geometry": {
                  "type": "Plane",
                  "cs": {
                    "x": 0.0,
                    "y": 0.0,
                    "z": "-Infinity",
                    "rx": 0.0,
                    "ry": 0.0,
                    "rz": 0.0,
                    "reference_cs": null
                  },
                  "radius": "Infinity"
                },
                "material_post": {
                  "type": "IdealMaterial",
                  "propagation_model": {
                    "class": "HomogeneousPropagation"
                  },
                  "index": 1.0,
                  "absorp": 0.0
                },
                "comment": ""
              },
              {
                "type": "Surface",
                "thickness": 5,
                "geometry": {
                  "type": "StandardGeometry",
                  "cs": {
                    "x": 0.0,
                    "y": 0.0,
                    "z": 0.0,
                    "rx": 0.0,
                    "ry": 0.0,
                    "rz": 0.0,
                    "reference_cs": null
                  },
                  "radius": 51.28125,
                  "conic": 0.0
                },
                "material_post": {
                  "type": "Material",
                  "propagation_model": {
                    "class": "HomogeneousPropagation"
                  },
                  "filename": "C:\\Users\\erict\\AppData\\Local\\uv\\cache\\archive-v0\\1oTiDYYjy2XEHm8e\\Lib\\site-packages\\optiland\\database\\data-nk\\glass\\schott\\N-BK7.yml",
                  "name": "N-BK7",
                  "reference": null,
                  "catalog": "schott",
                  "match_policy": "strict",
                  "robust_search": null,
                  "min_wavelength": null,
                  "max_wavelength": null
                },
                "is_stop": true,
                "aperture": null,
                "comment": "",
                "interaction_model": {
                  "type": "RefractiveReflectiveModel",
                  "is_reflective": false,
                  "coating": null,
                  "bsdf": null
                }
              },
              {
                "type": "Surface",
                "geometry": {
                  "type": "StandardGeometry",
                  "cs": {
                    "x": 0.0,
                    "y": 0.0,
                    "z": 5.0,
                    "rx": 0.0,
                    "ry": 0.0,
                    "rz": 0.0,
                    "reference_cs": null
                  },
                  "radius": -50.0,
                  "conic": 0.0
                },
                "material_post": {
                  "type": "IdealMaterial",
                  "propagation_model": {
                    "class": "HomogeneousPropagation"
                  },
                  "index": 1.0,
                  "absorp": 0.0
                },
                "is_stop": false,
                "aperture": null,
                "comment": "",
                "interaction_model": {
                  "type": "RefractiveReflectiveModel",
                  "is_reflective": false,
                  "coating": null,
                  "bsdf": null
                }
              },
              {
                "type": "Surface",
                "thickness": 0.0,
                "geometry": {
                  "type": "Plane",
                  "cs": {
                    "x": 0.0,
                    "y": 0.0,
                    "rx": 0.0,
                    "ry": 0.0,
                    "rz": 0.0,
                    "reference_cs": null
                  },
                  "radius": "Infinity"
                },
                "material_post": {
                  "type": "IdealMaterial",
                  "propagation_model": {
                    "class": "HomogeneousPropagation"
                  },
                  "index": 1.0,
                  "absorp": 0.0
                },
                "is_stop": false,
                "aperture": null,
                "comment": "",
                "interaction_model": {
                  "type": "RefractiveReflectiveModel",
                  "is_reflective": false,
                  "coating": null,
                  "bsdf": null
                }
              }
            ]
          },
          "ray_tracer": {
            "ray_aiming_config": {
              "mode": "paraxial",
              "max_iter": 10,
              "tol": 1e-06
            }
          }
        },
        "prescription": [
          {
            "index": 0,
            "is_image": false,
            "radius_mm": "Infinity",
            "thickness_mm": null
          },
          {
            "index": 1,
            "is_image": false,
            "radius_mm": 51.28125,
            "thickness_mm": 5
          },
          {
            "index": 2,
            "is_image": false,
            "radius_mm": -50.0,
            "thickness_mm": 47.4453125
          },
          {
            "index": 3,
            "is_image": true,
            "radius_mm": "Infinity",
            "thickness_mm": 0.0
          }
        ],
        "surfaces": [
          {
            "index": 0,
            "is_image": false,
            "radius_mm": "Infinity",
            "thickness_mm": null
          },
          {
            "index": 1,
            "is_image": false,
            "radius_mm": 51.28125,
            "thickness_mm": 5
          },
          {
            "index": 2,
            "is_image": false,
            "radius_mm": -50.0,
            "thickness_mm": 47.4453125
          },
          {
            "index": 3,
            "is_image": true,
            "radius_mm": "Infinity",
            "thickness_mm": 0.0
          }
        ],
        "axial_positions_mm": [
          "-Infinity",
          0.0,
          5.0,
          52.4453125
        ],
        "image_surface": 3,
        "import_restrictions": {
          "format": "Optiland native JSON",
          "restrictions": "Centered spherical/plane refractive surfaces in air; EPD; meridional angle fields; millimetres; scalar analysis; no solves, pickups, configurations, coatings, scattering, apodization or unsupported directives. Catalog glass requires an explicit catalog and exact material lookup. Native JSON export only."
        }
      },
      "measurements": [
        {
          "metric": "efl_mm",
          "value": 49.66100114255255,
          "unit": "mm",
          "analysis": {
            "sampling": 64,
            "use_polarization": false,
            "wavelength": 1,
            "wavelength_um": 0.55
          }
        },
        {
          "metric": "total_track_mm",
          "value": 52.4453125,
          "unit": "mm",
          "analysis": {
            "sampling": 64,
            "use_polarization": false
          }
        },
        {
          "metric": "rms_spot_um",
          "field": 1,
          "wavelength": 1,
          "value": 14.643298212412201,
          "unit": "um",
          "analysis": {
            "sampling": 64,
            "use_polarization": false,
            "field_xy_deg": [
              0.0,
              0.0
            ],
            "wavelength_um": 0.55,
            "scalar": true,
            "sampled_rays": 817,
            "transmitted_rays": 817,
            "method": "geometric RMS radius about centroid",
            "distribution": "hexapolar",
            "num_rings": 16
          }
        },
        {
          "metric": "mtf",
          "field": 1,
          "wavelength": 1,
          "frequency": 20,
          "axis": "tangential",
          "value": 0.47278733965954384,
          "unit": "1",
          "analysis": {
            "sampling": 64,
            "use_polarization": false,
            "field_xy_deg": [
              0.0,
              0.0
            ],
            "wavelength_um": 0.55,
            "scalar": true,
            "method": "scalar FFT MTF",
            "interpolation": "linear, no extrapolation",
            "frequency_range_cyc_per_mm": [
              0.0,
              529.314828671987
            ]
          }
        },
        {
          "metric": "mtf",
          "field": 1,
          "wavelength": 1,
          "frequency": 20,
          "axis": "sagittal",
          "value": 0.4727873396595438,
          "unit": "1",
          "analysis": {
            "sampling": 64,
            "use_polarization": false,
            "field_xy_deg": [
              0.0,
              0.0
            ],
            "wavelength_um": 0.55,
            "scalar": true,
            "method": "scalar FFT MTF",
            "interpolation": "linear, no extrapolation",
            "frequency_range_cyc_per_mm": [
              0.0,
              529.314828671987
            ]
          }
        }
      ],
      "assessment": {
        "passes": true,
        "requirements": [
          {
            "id": "focal-length",
            "key": "efl_mm",
            "requirement": {
              "id": "focal-length",
              "metric": "efl_mm",
              "unit": "mm",
              "min": 48,
              "max": 51
            },
            "status": "pass",
            "value": 49.66100114255255,
            "unit": "mm"
          },
          {
            "id": "track",
            "key": "total_track_mm",
            "requirement": {
              "id": "track",
              "metric": "total_track_mm",
              "unit": "mm",
              "max": 65
            },
            "status": "pass",
            "value": 52.4453125,
            "unit": "mm"
          },
          {
            "id": "spot",
            "key": "rms_spot_um|f=1|w=1",
            "requirement": {
              "id": "spot",
              "metric": "rms_spot_um",
              "field": 1,
              "wavelength": 1,
              "unit": "um",
              "max": 30
            },
            "status": "pass",
            "value": 14.643298212412201,
            "unit": "um"
          },
          {
            "id": "contrast-t",
            "key": "mtf|f=1|w=1|nu=20|axis=tangential",
            "requirement": {
              "id": "contrast-t",
              "metric": "mtf",
              "field": 1,
              "wavelength": 1,
              "frequency": 20,
              "axis": "tangential",
              "unit": "1",
              "min": 0.3
            },
            "status": "pass",
            "value": 0.47278733965954384,
            "unit": "1"
          },
          {
            "id": "contrast-s",
            "key": "mtf|f=1|w=1|nu=20|axis=sagittal",
            "requirement": {
              "id": "contrast-s",
              "metric": "mtf",
              "field": 1,
              "wavelength": 1,
              "frequency": 20,
              "axis": "sagittal",
              "unit": "1",
              "min": 0.3
            },
            "status": "pass",
            "value": 0.4727873396595438,
            "unit": "1"
          }
        ]
      },
      "objective_breakdown": {
        "aggregation": "weighted_rms",
        "direction": "minimize",
        "value": 0.46068189950237926,
        "unit": "1",
        "terms": [
          {
            "metric": "efl_mm",
            "key": "efl_mm",
            "unit": "mm",
            "value": 49.66100114255255,
            "target": 50,
            "scale": 2,
            "weight": 1,
            "normalized_residual": -0.16949942872372503,
            "weighted_residual": -0.07580244895472592
          },
          {
            "metric": "rms_spot_um",
            "field": 1,
            "wavelength": 1,
            "key": "rms_spot_um|f=1|w=1",
            "unit": "um",
            "value": 14.643298212412201,
            "target": 0,
            "scale": 30,
            "weight": 2,
            "normalized_residual": 0.48810994041374006,
            "weighted_residual": 0.3087078320552978
          },
          {
            "metric": "mtf",
            "field": 1,
            "wavelength": 1,
            "frequency": 20,
            "axis": "tangential",
            "key": "mtf|f=1|w=1|nu=20|axis=tangential",
            "unit": "1",
            "value": 0.47278733965954384,
            "target": 1,
            "scale": 1,
            "weight": 1,
            "normalized_residual": -0.5272126603404561,
            "weighted_residual": -0.23577666942395345
          },
          {
            "metric": "mtf",
            "field": 1,
            "wavelength": 1,
            "frequency": 20,
            "axis": "sagittal",
            "key": "mtf|f=1|w=1|nu=20|axis=sagittal",
            "unit": "1",
            "value": 0.4727873396595438,
            "target": 1,
            "scale": 1,
            "weight": 1,
            "normalized_residual": -0.5272126603404562,
            "weighted_residual": -0.2357766694239535
          }
        ]
      },
      "objective_value": 0.46068189950237926
    },
    {
      "kind": "search",
      "parameters_mm": [
        51.296875,
        47.5
      ],
      "inspection": {
        "engine": {
          "name": "Optiland",
          "version": "0.6.2"
        },
        "focus_mm": 47.5,
        "invariants": {
          "version": 1.0,
          "name": "Synthetic N-BK7 singlet matching defocused-singlet.zmx prescription",
          "aperture": {
            "type": "EPD",
            "value": 10
          },
          "fields": {
            "fields": [
              {
                "x": 0.0,
                "y": 0,
                "vx": 0.0,
                "vy": 0.0,
                "weight": 1.0
              }
            ],
            "telecentric": false,
            "field_definition": {
              "field_type": "AngleField"
            }
          },
          "wavelengths": {
            "wavelengths": [
              {
                "value": 0.55,
                "is_primary": true,
                "unit": "um",
                "weight": 1.0
              }
            ],
            "polarization": "ignore"
          },
          "apodization": null,
          "pickups": [],
          "solves": {
            "solves": []
          },
          "surface_group": {
            "surfaces": [
              {
                "type": "ObjectSurface",
                "geometry": {
                  "type": "Plane",
                  "cs": {
                    "x": 0.0,
                    "y": 0.0,
                    "z": "-Infinity",
                    "rx": 0.0,
                    "ry": 0.0,
                    "rz": 0.0,
                    "reference_cs": null
                  },
                  "radius": "Infinity"
                },
                "material_post": {
                  "type": "IdealMaterial",
                  "propagation_model": {
                    "class": "HomogeneousPropagation"
                  },
                  "index": 1.0,
                  "absorp": 0.0
                },
                "comment": ""
              },
              {
                "type": "Surface",
                "thickness": 5,
                "geometry": {
                  "type": "StandardGeometry",
                  "cs": {
                    "x": 0.0,
                    "y": 0.0,
                    "z": 0.0,
                    "rx": 0.0,
                    "ry": 0.0,
                    "rz": 0.0,
                    "reference_cs": null
                  },
                  "radius": 51.296875,
                  "conic": 0.0
                },
                "material_post": {
                  "type": "Material",
                  "propagation_model": {
                    "class": "HomogeneousPropagation"
                  },
                  "filename": "C:\\Users\\erict\\AppData\\Local\\uv\\cache\\archive-v0\\1oTiDYYjy2XEHm8e\\Lib\\site-packages\\optiland\\database\\data-nk\\glass\\schott\\N-BK7.yml",
                  "name": "N-BK7",
                  "reference": null,
                  "catalog": "schott",
                  "match_policy": "strict",
                  "robust_search": null,
                  "min_wavelength": null,
                  "max_wavelength": null
                },
                "is_stop": true,
                "aperture": null,
                "comment": "",
                "interaction_model": {
                  "type": "RefractiveReflectiveModel",
                  "is_reflective": false,
                  "coating": null,
                  "bsdf": null
                }
              },
              {
                "type": "Surface",
                "geometry": {
                  "type": "StandardGeometry",
                  "cs": {
                    "x": 0.0,
                    "y": 0.0,
                    "z": 5.0,
                    "rx": 0.0,
                    "ry": 0.0,
                    "rz": 0.0,
                    "reference_cs": null
                  },
                  "radius": -50.0,
                  "conic": 0.0
                },
                "material_post": {
                  "type": "IdealMaterial",
                  "propagation_model": {
                    "class": "HomogeneousPropagation"
                  },
                  "index": 1.0,
                  "absorp": 0.0
                },
                "is_stop": false,
                "aperture": null,
                "comment": "",
                "interaction_model": {
                  "type": "RefractiveReflectiveModel",
                  "is_reflective": false,
                  "coating": null,
                  "bsdf": null
                }
              },
              {
                "type": "Surface",
                "thickness": 0.0,
                "geometry": {
                  "type": "Plane",
                  "cs": {
                    "x": 0.0,
                    "y": 0.0,
                    "rx": 0.0,
                    "ry": 0.0,
                    "rz": 0.0,
                    "reference_cs": null
                  },
                  "radius": "Infinity"
                },
                "material_post": {
                  "type": "IdealMaterial",
                  "propagation_model": {
                    "class": "HomogeneousPropagation"
                  },
                  "index": 1.0,
                  "absorp": 0.0
                },
                "is_stop": false,
                "aperture": null,
                "comment": "",
                "interaction_model": {
                  "type": "RefractiveReflectiveModel",
                  "is_reflective": false,
                  "coating": null,
                  "bsdf": null
                }
              }
            ]
          },
          "ray_tracer": {
            "ray_aiming_config": {
              "mode": "paraxial",
              "max_iter": 10,
              "tol": 1e-06
            }
          }
        },
        "prescription": [
          {
            "index": 0,
            "is_image": false,
            "radius_mm": "Infinity",
            "thickness_mm": null
          },
          {
            "index": 1,
            "is_image": false,
            "radius_mm": 51.296875,
            "thickness_mm": 5
          },
          {
            "index": 2,
            "is_image": false,
            "radius_mm": -50.0,
            "thickness_mm": 47.5
          },
          {
            "index": 3,
            "is_image": true,
            "radius_mm": "Infinity",
            "thickness_mm": 0.0
          }
        ],
        "surfaces": [
          {
            "index": 0,
            "is_image": false,
            "radius_mm": "Infinity",
            "thickness_mm": null
          },
          {
            "index": 1,
            "is_image": false,
            "radius_mm": 51.296875,
            "thickness_mm": 5
          },
          {
            "index": 2,
            "is_image": false,
            "radius_mm": -50.0,
            "thickness_mm": 47.5
          },
          {
            "index": 3,
            "is_image": true,
            "radius_mm": "Infinity",
            "thickness_mm": 0.0
          }
        ],
        "axial_positions_mm": [
          "-Infinity",
          0.0,
          5.0,
          52.5
        ],
        "image_surface": 3,
        "import_restrictions": {
          "format": "Optiland native JSON",
          "restrictions": "Centered spherical/plane refractive surfaces in air; EPD; meridional angle fields; millimetres; scalar analysis; no solves, pickups, configurations, coatings, scattering, apodization or unsupported directives. Catalog glass requires an explicit catalog and exact material lookup. Native JSON export only."
        }
      },
      "measurements": [
        {
          "metric": "efl_mm",
          "value": 49.66833857952731,
          "unit": "mm",
          "analysis": {
            "sampling": 64,
            "use_polarization": false,
            "wavelength": 1,
            "wavelength_um": 0.55
          }
        },
        {
          "metric": "total_track_mm",
          "value": 52.5,
          "unit": "mm",
          "analysis": {
            "sampling": 64,
            "use_polarization": false
          }
        },
        {
          "metric": "rms_spot_um",
          "field": 1,
          "wavelength": 1,
          "value": 15.028443130032251,
          "unit": "um",
          "analysis": {
            "sampling": 64,
            "use_polarization": false,
            "field_xy_deg": [
              0.0,
              0.0
            ],
            "wavelength_um": 0.55,
            "scalar": true,
            "sampled_rays": 817,
            "transmitted_rays": 817,
            "method": "geometric RMS radius about centroid",
            "distribution": "hexapolar",
            "num_rings": 16
          }
        },
        {
          "metric": "mtf",
          "field": 1,
          "wavelength": 1,
          "frequency": 20,
          "axis": "tangential",
          "value": 0.5239547320864908,
          "unit": "1",
          "analysis": {
            "sampling": 64,
            "use_polarization": false,
            "field_xy_deg": [
              0.0,
              0.0
            ],
            "wavelength_um": 0.55,
            "scalar": true,
            "method": "scalar FFT MTF",
            "interpolation": "linear, no extrapolation",
            "frequency_range_cyc_per_mm": [
              0.0,
              529.2357963203524
            ]
          }
        },
        {
          "metric": "mtf",
          "field": 1,
          "wavelength": 1,
          "frequency": 20,
          "axis": "sagittal",
          "value": 0.5239547320864908,
          "unit": "1",
          "analysis": {
            "sampling": 64,
            "use_polarization": false,
            "field_xy_deg": [
              0.0,
              0.0
            ],
            "wavelength_um": 0.55,
            "scalar": true,
            "method": "scalar FFT MTF",
            "interpolation": "linear, no extrapolation",
            "frequency_range_cyc_per_mm": [
              0.0,
              529.2357963203524
            ]
          }
        }
      ],
      "assessment": {
        "passes": true,
        "requirements": [
          {
            "id": "focal-length",
            "key": "efl_mm",
            "requirement": {
              "id": "focal-length",
              "metric": "efl_mm",
              "unit": "mm",
              "min": 48,
              "max": 51
            },
            "status": "pass",
            "value": 49.66833857952731,
            "unit": "mm"
          },
          {
            "id": "track",
            "key": "total_track_mm",
            "requirement": {
              "id": "track",
              "metric": "total_track_mm",
              "unit": "mm",
              "max": 65
            },
            "status": "pass",
            "value": 52.5,
            "unit": "mm"
          },
          {
            "id": "spot",
            "key": "rms_spot_um|f=1|w=1",
            "requirement": {
              "id": "spot",
              "metric": "rms_spot_um",
              "field": 1,
              "wavelength": 1,
              "unit": "um",
              "max": 30
            },
            "status": "pass",
            "value": 15.028443130032251,
            "unit": "um"
          },
          {
            "id": "contrast-t",
            "key": "mtf|f=1|w=1|nu=20|axis=tangential",
            "requirement": {
              "id": "contrast-t",
              "metric": "mtf",
              "field": 1,
              "wavelength": 1,
              "frequency": 20,
              "axis": "tangential",
              "unit": "1",
              "min": 0.3
            },
            "status": "pass",
            "value": 0.5239547320864908,
            "unit": "1"
          },
          {
            "id": "contrast-s",
            "key": "mtf|f=1|w=1|nu=20|axis=sagittal",
            "requirement": {
              "id": "contrast-s",
              "metric": "mtf",
              "field": 1,
              "wavelength": 1,
              "frequency": 20,
              "axis": "sagittal",
              "unit": "1",
              "min": 0.3
            },
            "status": "pass",
            "value": 0.5239547320864908,
            "unit": "1"
          }
        ]
      },
      "objective_breakdown": {
        "aggregation": "weighted_rms",
        "direction": "minimize",
        "value": 0.44331388995510956,
        "unit": "1",
        "terms": [
          {
            "metric": "efl_mm",
            "key": "efl_mm",
            "unit": "mm",
            "value": 49.66833857952731,
            "target": 50,
            "scale": 2,
            "weight": 1,
            "normalized_residual": -0.16583071023634588,
            "weighted_residual": -0.07416174816910792
          },
          {
            "metric": "rms_spot_um",
            "field": 1,
            "wavelength": 1,
            "key": "rms_spot_um|f=1|w=1",
            "unit": "um",
            "value": 15.028443130032251,
            "target": 0,
            "scale": 30,
            "weight": 2,
            "normalized_residual": 0.5009481043344084,
            "weighted_residual": 0.3168273998480796
          },
          {
            "metric": "mtf",
            "field": 1,
            "wavelength": 1,
            "frequency": 20,
            "axis": "tangential",
            "key": "mtf|f=1|w=1|nu=20|axis=tangential",
            "unit": "1",
            "value": 0.5239547320864908,
            "target": 1,
            "scale": 1,
            "weight": 1,
            "normalized_residual": -0.4760452679135092,
            "weighted_residual": -0.2128939158843412
          },
          {
            "metric": "mtf",
            "field": 1,
            "wavelength": 1,
            "frequency": 20,
            "axis": "sagittal",
            "key": "mtf|f=1|w=1|nu=20|axis=sagittal",
            "unit": "1",
            "value": 0.5239547320864908,
            "target": 1,
            "scale": 1,
            "weight": 1,
            "normalized_residual": -0.4760452679135092,
            "weighted_residual": -0.2128939158843412
          }
        ]
      },
      "objective_value": 0.44331388995510956
    },
    {
      "kind": "search",
      "parameters_mm": [
        51.296875,
        47.52734375
      ],
      "inspection": {
        "engine": {
          "name": "Optiland",
          "version": "0.6.2"
        },
        "focus_mm": 47.52734375,
        "invariants": {
          "version": 1.0,
          "name": "Synthetic N-BK7 singlet matching defocused-singlet.zmx prescription",
          "aperture": {
            "type": "EPD",
            "value": 10
          },
          "fields": {
            "fields": [
              {
                "x": 0.0,
                "y": 0,
                "vx": 0.0,
                "vy": 0.0,
                "weight": 1.0
              }
            ],
            "telecentric": false,
            "field_definition": {
              "field_type": "AngleField"
            }
          },
          "wavelengths": {
            "wavelengths": [
              {
                "value": 0.55,
                "is_primary": true,
                "unit": "um",
                "weight": 1.0
              }
            ],
            "polarization": "ignore"
          },
          "apodization": null,
          "pickups": [],
          "solves": {
            "solves": []
          },
          "surface_group": {
            "surfaces": [
              {
                "type": "ObjectSurface",
                "geometry": {
                  "type": "Plane",
                  "cs": {
                    "x": 0.0,
                    "y": 0.0,
                    "z": "-Infinity",
                    "rx": 0.0,
                    "ry": 0.0,
                    "rz": 0.0,
                    "reference_cs": null
                  },
                  "radius": "Infinity"
                },
                "material_post": {
                  "type": "IdealMaterial",
                  "propagation_model": {
                    "class": "HomogeneousPropagation"
                  },
                  "index": 1.0,
                  "absorp": 0.0
                },
                "comment": ""
              },
              {
                "type": "Surface",
                "thickness": 5,
                "geometry": {
                  "type": "StandardGeometry",
                  "cs": {
                    "x": 0.0,
                    "y": 0.0,
                    "z": 0.0,
                    "rx": 0.0,
                    "ry": 0.0,
                    "rz": 0.0,
                    "reference_cs": null
                  },
                  "radius": 51.296875,
                  "conic": 0.0
                },
                "material_post": {
                  "type": "Material",
                  "propagation_model": {
                    "class": "HomogeneousPropagation"
                  },
                  "filename": "C:\\Users\\erict\\AppData\\Local\\uv\\cache\\archive-v0\\1oTiDYYjy2XEHm8e\\Lib\\site-packages\\optiland\\database\\data-nk\\glass\\schott\\N-BK7.yml",
                  "name": "N-BK7",
                  "reference": null,
                  "catalog": "schott",
                  "match_policy": "strict",
                  "robust_search": null,
                  "min_wavelength": null,
                  "max_wavelength": null
                },
                "is_stop": true,
                "aperture": null,
                "comment": "",
                "interaction_model": {
                  "type": "RefractiveReflectiveModel",
                  "is_reflective": false,
                  "coating": null,
                  "bsdf": null
                }
              },
              {
                "type": "Surface",
                "geometry": {
                  "type": "StandardGeometry",
                  "cs": {
                    "x": 0.0,
                    "y": 0.0,
                    "z": 5.0,
                    "rx": 0.0,
                    "ry": 0.0,
                    "rz": 0.0,
                    "reference_cs": null
                  },
                  "radius": -50.0,
                  "conic": 0.0
                },
                "material_post": {
                  "type": "IdealMaterial",
                  "propagation_model": {
                    "class": "HomogeneousPropagation"
                  },
                  "index": 1.0,
                  "absorp": 0.0
                },
                "is_stop": false,
                "aperture": null,
                "comment": "",
                "interaction_model": {
                  "type": "RefractiveReflectiveModel",
                  "is_reflective": false,
                  "coating": null,
                  "bsdf": null
                }
              },
              {
                "type": "Surface",
                "thickness": 0.0,
                "geometry": {
                  "type": "Plane",
                  "cs": {
                    "x": 0.0,
                    "y": 0.0,
                    "rx": 0.0,
                    "ry": 0.0,
                    "rz": 0.0,
                    "reference_cs": null
                  },
                  "radius": "Infinity"
                },
                "material_post": {
                  "type": "IdealMaterial",
                  "propagation_model": {
                    "class": "HomogeneousPropagation"
                  },
                  "index": 1.0,
                  "absorp": 0.0
                },
                "is_stop": false,
                "aperture": null,
                "comment": "",
                "interaction_model": {
                  "type": "RefractiveReflectiveModel",
                  "is_reflective": false,
                  "coating": null,
                  "bsdf": null
                }
              }
            ]
          },
          "ray_tracer": {
            "ray_aiming_config": {
              "mode": "paraxial",
              "max_iter": 10,
              "tol": 1e-06
            }
          }
        },
        "prescription": [
          {
            "index": 0,
            "is_image": false,
            "radius_mm": "Infinity",
            "thickness_mm": null
          },
          {
            "index": 1,
            "is_image": false,
            "radius_mm": 51.296875,
            "thickness_mm": 5
          },
          {
            "index": 2,
            "is_image": false,
            "radius_mm": -50.0,
            "thickness_mm": 47.52734375
          },
          {
            "index": 3,
            "is_image": true,
            "radius_mm": "Infinity",
            "thickness_mm": 0.0
          }
        ],
        "surfaces": [
          {
            "index": 0,
            "is_image": false,
            "radius_mm": "Infinity",
            "thickness_mm": null
          },
          {
            "index": 1,
            "is_image": false,
            "radius_mm": 51.296875,
            "thickness_mm": 5
          },
          {
            "index": 2,
            "is_image": false,
            "radius_mm": -50.0,
            "thickness_mm": 47.52734375
          },
          {
            "index": 3,
            "is_image": true,
            "radius_mm": "Infinity",
            "thickness_mm": 0.0
          }
        ],
        "axial_positions_mm": [
          "-Infinity",
          0.0,
          5.0,
          52.52734375
        ],
        "image_surface": 3,
        "import_restrictions": {
          "format": "Optiland native JSON",
          "restrictions": "Centered spherical/plane refractive surfaces in air; EPD; meridional angle fields; millimetres; scalar analysis; no solves, pickups, configurations, coatings, scattering, apodization or unsupported directives. Catalog glass requires an explicit catalog and exact material lookup. Native JSON export only."
        }
      },
      "measurements": [
        {
          "metric": "efl_mm",
          "value": 49.66833857952731,
          "unit": "mm",
          "analysis": {
            "sampling": 64,
            "use_polarization": false,
            "wavelength": 1,
            "wavelength_um": 0.55
          }
        },
        {
          "metric": "total_track_mm",
          "value": 52.52734375,
          "unit": "mm",
          "analysis": {
            "sampling": 64,
            "use_polarization": false
          }
        },
        {
          "metric": "rms_spot_um",
          "field": 1,
          "wavelength": 1,
          "value": 15.610895773967215,
          "unit": "um",
          "analysis": {
            "sampling": 64,
            "use_polarization": false,
            "field_xy_deg": [
              0.0,
              0.0
            ],
            "wavelength_um": 0.55,
            "scalar": true,
            "sampled_rays": 817,
            "transmitted_rays": 817,
            "method": "geometric RMS radius about centroid",
            "distribution": "hexapolar",
            "num_rings": 16
          }
        },
        {
          "metric": "mtf",
          "field": 1,
          "wavelength": 1,
          "frequency": 20,
          "axis": "tangential",
          "value": 0.540246731208305,
          "unit": "1",
          "analysis": {
            "sampling": 64,
            "use_polarization": false,
            "field_xy_deg": [
              0.0,
              0.0
            ],
            "wavelength_um": 0.55,
            "scalar": true,
            "method": "scalar FFT MTF",
            "interpolation": "linear, no extrapolation",
            "frequency_range_cyc_per_mm": [
              0.0,
              529.2357963203524
            ]
          }
        },
        {
          "metric": "mtf",
          "field": 1,
          "wavelength": 1,
          "frequency": 20,
          "axis": "sagittal",
          "value": 0.540246731208305,
          "unit": "1",
          "analysis": {
            "sampling": 64,
            "use_polarization": false,
            "field_xy_deg": [
              0.0,
              0.0
            ],
            "wavelength_um": 0.55,
            "scalar": true,
            "method": "scalar FFT MTF",
            "interpolation": "linear, no extrapolation",
            "frequency_range_cyc_per_mm": [
              0.0,
              529.2357963203524
            ]
          }
        }
      ],
      "assessment": {
        "passes": true,
        "requirements": [
          {
            "id": "focal-length",
            "key": "efl_mm",
            "requirement": {
              "id": "focal-length",
              "metric": "efl_mm",
              "unit": "mm",
              "min": 48,
              "max": 51
            },
            "status": "pass",
            "value": 49.66833857952731,
            "unit": "mm"
          },
          {
            "id": "track",
            "key": "total_track_mm",
            "requirement": {
              "id": "track",
              "metric": "total_track_mm",
              "unit": "mm",
              "max": 65
            },
            "status": "pass",
            "value": 52.52734375,
            "unit": "mm"
          },
          {
            "id": "spot",
            "key": "rms_spot_um|f=1|w=1",
            "requirement": {
              "id": "spot",
              "metric": "rms_spot_um",
              "field": 1,
              "wavelength": 1,
              "unit": "um",
              "max": 30
            },
            "status": "pass",
            "value": 15.610895773967215,
            "unit": "um"
          },
          {
            "id": "contrast-t",
            "key": "mtf|f=1|w=1|nu=20|axis=tangential",
            "requirement": {
              "id": "contrast-t",
              "metric": "mtf",
              "field": 1,
              "wavelength": 1,
              "frequency": 20,
              "axis": "tangential",
              "unit": "1",
              "min": 0.3
            },
            "status": "pass",
            "value": 0.540246731208305,
            "unit": "1"
          },
          {
            "id": "contrast-s",
            "key": "mtf|f=1|w=1|nu=20|axis=sagittal",
            "requirement": {
              "id": "contrast-s",
              "metric": "mtf",
              "field": 1,
              "wavelength": 1,
              "frequency": 20,
              "axis": "sagittal",
              "unit": "1",
              "min": 0.3
            },
            "status": "pass",
            "value": 0.540246731208305,
            "unit": "1"
          }
        ]
      },
      "objective_breakdown": {
        "aggregation": "weighted_rms",
        "direction": "minimize",
        "value": 0.4453766192634534,
        "unit": "1",
        "terms": [
          {
            "metric": "efl_mm",
            "key": "efl_mm",
            "unit": "mm",
            "value": 49.66833857952731,
            "target": 50,
            "scale": 2,
            "weight": 1,
            "normalized_residual": -0.16583071023634588,
            "weighted_residual": -0.07416174816910792
          },
          {
            "metric": "rms_spot_um",
            "field": 1,
            "wavelength": 1,
            "key": "rms_spot_um|f=1|w=1",
            "unit": "um",
            "value": 15.610895773967215,
            "target": 0,
            "scale": 30,
            "weight": 2,
            "normalized_residual": 0.5203631924655738,
            "weighted_residual": 0.3291065797415566
          },
          {
            "metric": "mtf",
            "field": 1,
            "wavelength": 1,
            "frequency": 20,
            "axis": "tangential",
            "key": "mtf|f=1|w=1|nu=20|axis=tangential",
            "unit": "1",
            "value": 0.540246731208305,
            "target": 1,
            "scale": 1,
            "weight": 1,
            "normalized_residual": -0.459753268791695,
            "weighted_residual": -0.20560791237919251
          },
          {
            "metric": "mtf",
            "field": 1,
            "wavelength": 1,
            "frequency": 20,
            "axis": "sagittal",
            "key": "mtf|f=1|w=1|nu=20|axis=sagittal",
            "unit": "1",
            "value": 0.540246731208305,
            "target": 1,
            "scale": 1,
            "weight": 1,
            "normalized_residual": -0.459753268791695,
            "weighted_residual": -0.20560791237919251
          }
        ]
      },
      "objective_value": 0.4453766192634534
    },
    {
      "kind": "search",
      "parameters_mm": [
        51.296875,
        47.47265625
      ],
      "inspection": {
        "engine": {
          "name": "Optiland",
          "version": "0.6.2"
        },
        "focus_mm": 47.47265625,
        "invariants": {
          "version": 1.0,
          "name": "Synthetic N-BK7 singlet matching defocused-singlet.zmx prescription",
          "aperture": {
            "type": "EPD",
            "value": 10
          },
          "fields": {
            "fields": [
              {
                "x": 0.0,
                "y": 0,
                "vx": 0.0,
                "vy": 0.0,
                "weight": 1.0
              }
            ],
            "telecentric": false,
            "field_definition": {
              "field_type": "AngleField"
            }
          },
          "wavelengths": {
            "wavelengths": [
              {
                "value": 0.55,
                "is_primary": true,
                "unit": "um",
                "weight": 1.0
              }
            ],
            "polarization": "ignore"
          },
          "apodization": null,
          "pickups": [],
          "solves": {
            "solves": []
          },
          "surface_group": {
            "surfaces": [
              {
                "type": "ObjectSurface",
                "geometry": {
                  "type": "Plane",
                  "cs": {
                    "x": 0.0,
                    "y": 0.0,
                    "z": "-Infinity",
                    "rx": 0.0,
                    "ry": 0.0,
                    "rz": 0.0,
                    "reference_cs": null
                  },
                  "radius": "Infinity"
                },
                "material_post": {
                  "type": "IdealMaterial",
                  "propagation_model": {
                    "class": "HomogeneousPropagation"
                  },
                  "index": 1.0,
                  "absorp": 0.0
                },
                "comment": ""
              },
              {
                "type": "Surface",
                "thickness": 5,
                "geometry": {
                  "type": "StandardGeometry",
                  "cs": {
                    "x": 0.0,
                    "y": 0.0,
                    "z": 0.0,
                    "rx": 0.0,
                    "ry": 0.0,
                    "rz": 0.0,
                    "reference_cs": null
                  },
                  "radius": 51.296875,
                  "conic": 0.0
                },
                "material_post": {
                  "type": "Material",
                  "propagation_model": {
                    "class": "HomogeneousPropagation"
                  },
                  "filename": "C:\\Users\\erict\\AppData\\Local\\uv\\cache\\archive-v0\\1oTiDYYjy2XEHm8e\\Lib\\site-packages\\optiland\\database\\data-nk\\glass\\schott\\N-BK7.yml",
                  "name": "N-BK7",
                  "reference": null,
                  "catalog": "schott",
                  "match_policy": "strict",
                  "robust_search": null,
                  "min_wavelength": null,
                  "max_wavelength": null
                },
                "is_stop": true,
                "aperture": null,
                "comment": "",
                "interaction_model": {
                  "type": "RefractiveReflectiveModel",
                  "is_reflective": false,
                  "coating": null,
                  "bsdf": null
                }
              },
              {
                "type": "Surface",
                "geometry": {
                  "type": "StandardGeometry",
                  "cs": {
                    "x": 0.0,
                    "y": 0.0,
                    "z": 5.0,
                    "rx": 0.0,
                    "ry": 0.0,
                    "rz": 0.0,
                    "reference_cs": null
                  },
                  "radius": -50.0,
                  "conic": 0.0
                },
                "material_post": {
                  "type": "IdealMaterial",
                  "propagation_model": {
                    "class": "HomogeneousPropagation"
                  },
                  "index": 1.0,
                  "absorp": 0.0
                },
                "is_stop": false,
                "aperture": null,
                "comment": "",
                "interaction_model": {
                  "type": "RefractiveReflectiveModel",
                  "is_reflective": false,
                  "coating": null,
                  "bsdf": null
                }
              },
              {
                "type": "Surface",
                "thickness": 0.0,
                "geometry": {
                  "type": "Plane",
                  "cs": {
                    "x": 0.0,
                    "y": 0.0,
                    "rx": 0.0,
                    "ry": 0.0,
                    "rz": 0.0,
                    "reference_cs": null
                  },
                  "radius": "Infinity"
                },
                "material_post": {
                  "type": "IdealMaterial",
                  "propagation_model": {
                    "class": "HomogeneousPropagation"
                  },
                  "index": 1.0,
                  "absorp": 0.0
                },
                "is_stop": false,
                "aperture": null,
                "comment": "",
                "interaction_model": {
                  "type": "RefractiveReflectiveModel",
                  "is_reflective": false,
                  "coating": null,
                  "bsdf": null
                }
              }
            ]
          },
          "ray_tracer": {
            "ray_aiming_config": {
              "mode": "paraxial",
              "max_iter": 10,
              "tol": 1e-06
            }
          }
        },
        "prescription": [
          {
            "index": 0,
            "is_image": false,
            "radius_mm": "Infinity",
            "thickness_mm": null
          },
          {
            "index": 1,
            "is_image": false,
            "radius_mm": 51.296875,
            "thickness_mm": 5
          },
          {
            "index": 2,
            "is_image": false,
            "radius_mm": -50.0,
            "thickness_mm": 47.47265625
          },
          {
            "index": 3,
            "is_image": true,
            "radius_mm": "Infinity",
            "thickness_mm": 0.0
          }
        ],
        "surfaces": [
          {
            "index": 0,
            "is_image": false,
            "radius_mm": "Infinity",
            "thickness_mm": null
          },
          {
            "index": 1,
            "is_image": false,
            "radius_mm": 51.296875,
            "thickness_mm": 5
          },
          {
            "index": 2,
            "is_image": false,
            "radius_mm": -50.0,
            "thickness_mm": 47.47265625
          },
          {
            "index": 3,
            "is_image": true,
            "radius_mm": "Infinity",
            "thickness_mm": 0.0
          }
        ],
        "axial_positions_mm": [
          "-Infinity",
          0.0,
          5.0,
          52.47265625
        ],
        "image_surface": 3,
        "import_restrictions": {
          "format": "Optiland native JSON",
          "restrictions": "Centered spherical/plane refractive surfaces in air; EPD; meridional angle fields; millimetres; scalar analysis; no solves, pickups, configurations, coatings, scattering, apodization or unsupported directives. Catalog glass requires an explicit catalog and exact material lookup. Native JSON export only."
        }
      },
      "measurements": [
        {
          "metric": "efl_mm",
          "value": 49.66833857952731,
          "unit": "mm",
          "analysis": {
            "sampling": 64,
            "use_polarization": false,
            "wavelength": 1,
            "wavelength_um": 0.55
          }
        },
        {
          "metric": "total_track_mm",
          "value": 52.47265625,
          "unit": "mm",
          "analysis": {
            "sampling": 64,
            "use_polarization": false
          }
        },
        {
          "metric": "rms_spot_um",
          "field": 1,
          "wavelength": 1,
          "value": 14.704396804587661,
          "unit": "um",
          "analysis": {
            "sampling": 64,
            "use_polarization": false,
            "field_xy_deg": [
              0.0,
              0.0
            ],
            "wavelength_um": 0.55,
            "scalar": true,
            "sampled_rays": 817,
            "transmitted_rays": 817,
            "method": "geometric RMS radius about centroid",
            "distribution": "hexapolar",
            "num_rings": 16
          }
        },
        {
          "metric": "mtf",
          "field": 1,
          "wavelength": 1,
          "frequency": 20,
          "axis": "tangential",
          "value": 0.4979062087273844,
          "unit": "1",
          "analysis": {
            "sampling": 64,
            "use_polarization": false,
            "field_xy_deg": [
              0.0,
              0.0
            ],
            "wavelength_um": 0.55,
            "scalar": true,
            "method": "scalar FFT MTF",
            "interpolation": "linear, no extrapolation",
            "frequency_range_cyc_per_mm": [
              0.0,
              529.2357963203524
            ]
          }
        },
        {
          "metric": "mtf",
          "field": 1,
          "wavelength": 1,
          "frequency": 20,
          "axis": "sagittal",
          "value": 0.49790620872738434,
          "unit": "1",
          "analysis": {
            "sampling": 64,
            "use_polarization": false,
            "field_xy_deg": [
              0.0,
              0.0
            ],
            "wavelength_um": 0.55,
            "scalar": true,
            "method": "scalar FFT MTF",
            "interpolation": "linear, no extrapolation",
            "frequency_range_cyc_per_mm": [
              0.0,
              529.2357963203524
            ]
          }
        }
      ],
      "assessment": {
        "passes": true,
        "requirements": [
          {
            "id": "focal-length",
            "key": "efl_mm",
            "requirement": {
              "id": "focal-length",
              "metric": "efl_mm",
              "unit": "mm",
              "min": 48,
              "max": 51
            },
            "status": "pass",
            "value": 49.66833857952731,
            "unit": "mm"
          },
          {
            "id": "track",
            "key": "total_track_mm",
            "requirement": {
              "id": "track",
              "metric": "total_track_mm",
              "unit": "mm",
              "max": 65
            },
            "status": "pass",
            "value": 52.47265625,
            "unit": "mm"
          },
          {
            "id": "spot",
            "key": "rms_spot_um|f=1|w=1",
            "requirement": {
              "id": "spot",
              "metric": "rms_spot_um",
              "field": 1,
              "wavelength": 1,
              "unit": "um",
              "max": 30
            },
            "status": "pass",
            "value": 14.704396804587661,
            "unit": "um"
          },
          {
            "id": "contrast-t",
            "key": "mtf|f=1|w=1|nu=20|axis=tangential",
            "requirement": {
              "id": "contrast-t",
              "metric": "mtf",
              "field": 1,
              "wavelength": 1,
              "frequency": 20,
              "axis": "tangential",
              "unit": "1",
              "min": 0.3
            },
            "status": "pass",
            "value": 0.4979062087273844,
            "unit": "1"
          },
          {
            "id": "contrast-s",
            "key": "mtf|f=1|w=1|nu=20|axis=sagittal",
            "requirement": {
              "id": "contrast-s",
              "metric": "mtf",
              "field": 1,
              "wavelength": 1,
              "frequency": 20,
              "axis": "sagittal",
              "unit": "1",
              "min": 0.3
            },
            "status": "pass",
            "value": 0.49790620872738434,
            "unit": "1"
          }
        ]
      },
      "objective_breakdown": {
        "aggregation": "weighted_rms",
        "direction": "minimize",
        "value": 0.4499296557876559,
        "unit": "1",
        "terms": [
          {
            "metric": "efl_mm",
            "key": "efl_mm",
            "unit": "mm",
            "value": 49.66833857952731,
            "target": 50,
            "scale": 2,
            "weight": 1,
            "normalized_residual": -0.16583071023634588,
            "weighted_residual": -0.07416174816910792
          },
          {
            "metric": "rms_spot_um",
            "field": 1,
            "wavelength": 1,
            "key": "rms_spot_um|f=1|w=1",
            "unit": "um",
            "value": 14.704396804587661,
            "target": 0,
            "scale": 30,
            "weight": 2,
            "normalized_residual": 0.4901465601529221,
            "weighted_residual": 0.30999590347599243
          },
          {
            "metric": "mtf",
            "field": 1,
            "wavelength": 1,
            "frequency": 20,
            "axis": "tangential",
            "key": "mtf|f=1|w=1|nu=20|axis=tangential",
            "unit": "1",
            "value": 0.4979062087273844,
            "target": 1,
            "scale": 1,
            "weight": 1,
            "normalized_residual": -0.5020937912726156,
            "weighted_residual": -0.2245431696732318
          },
          {
            "metric": "mtf",
            "field": 1,
            "wavelength": 1,
            "frequency": 20,
            "axis": "sagittal",
            "key": "mtf|f=1|w=1|nu=20|axis=sagittal",
            "unit": "1",
            "value": 0.49790620872738434,
            "target": 1,
            "scale": 1,
            "weight": 1,
            "normalized_residual": -0.5020937912726157,
            "weighted_residual": -0.22454316967323185
          }
        ]
      },
      "objective_value": 0.4499296557876559
    },
    {
      "kind": "search",
      "parameters_mm": [
        51.3046875,
        47.5
      ],
      "inspection": {
        "engine": {
          "name": "Optiland",
          "version": "0.6.2"
        },
        "focus_mm": 47.5,
        "invariants": {
          "version": 1.0,
          "name": "Synthetic N-BK7 singlet matching defocused-singlet.zmx prescription",
          "aperture": {
            "type": "EPD",
            "value": 10
          },
          "fields": {
            "fields": [
              {
                "x": 0.0,
                "y": 0,
                "vx": 0.0,
                "vy": 0.0,
                "weight": 1.0
              }
            ],
            "telecentric": false,
            "field_definition": {
              "field_type": "AngleField"
            }
          },
          "wavelengths": {
            "wavelengths": [
              {
                "value": 0.55,
                "is_primary": true,
                "unit": "um",
                "weight": 1.0
              }
            ],
            "polarization": "ignore"
          },
          "apodization": null,
          "pickups": [],
          "solves": {
            "solves": []
          },
          "surface_group": {
            "surfaces": [
              {
                "type": "ObjectSurface",
                "geometry": {
                  "type": "Plane",
                  "cs": {
                    "x": 0.0,
                    "y": 0.0,
                    "z": "-Infinity",
                    "rx": 0.0,
                    "ry": 0.0,
                    "rz": 0.0,
                    "reference_cs": null
                  },
                  "radius": "Infinity"
                },
                "material_post": {
                  "type": "IdealMaterial",
                  "propagation_model": {
                    "class": "HomogeneousPropagation"
                  },
                  "index": 1.0,
                  "absorp": 0.0
                },
                "comment": ""
              },
              {
                "type": "Surface",
                "thickness": 5,
                "geometry": {
                  "type": "StandardGeometry",
                  "cs": {
                    "x": 0.0,
                    "y": 0.0,
                    "z": 0.0,
                    "rx": 0.0,
                    "ry": 0.0,
                    "rz": 0.0,
                    "reference_cs": null
                  },
                  "radius": 51.3046875,
                  "conic": 0.0
                },
                "material_post": {
                  "type": "Material",
                  "propagation_model": {
                    "class": "HomogeneousPropagation"
                  },
                  "filename": "C:\\Users\\erict\\AppData\\Local\\uv\\cache\\archive-v0\\1oTiDYYjy2XEHm8e\\Lib\\site-packages\\optiland\\database\\data-nk\\glass\\schott\\N-BK7.yml",
                  "name": "N-BK7",
                  "reference": null,
                  "catalog": "schott",
                  "match_policy": "strict",
                  "robust_search": null,
                  "min_wavelength": null,
                  "max_wavelength": null
                },
                "is_stop": true,
                "aperture": null,
                "comment": "",
                "interaction_model": {
                  "type": "RefractiveReflectiveModel",
                  "is_reflective": false,
                  "coating": null,
                  "bsdf": null
                }
              },
              {
                "type": "Surface",
                "geometry": {
                  "type": "StandardGeometry",
                  "cs": {
                    "x": 0.0,
                    "y": 0.0,
                    "z": 5.0,
                    "rx": 0.0,
                    "ry": 0.0,
                    "rz": 0.0,
                    "reference_cs": null
                  },
                  "radius": -50.0,
                  "conic": 0.0
                },
                "material_post": {
                  "type": "IdealMaterial",
                  "propagation_model": {
                    "class": "HomogeneousPropagation"
                  },
                  "index": 1.0,
                  "absorp": 0.0
                },
                "is_stop": false,
                "aperture": null,
                "comment": "",
                "interaction_model": {
                  "type": "RefractiveReflectiveModel",
                  "is_reflective": false,
                  "coating": null,
                  "bsdf": null
                }
              },
              {
                "type": "Surface",
                "thickness": 0.0,
                "geometry": {
                  "type": "Plane",
                  "cs": {
                    "x": 0.0,
                    "y": 0.0,
                    "rx": 0.0,
                    "ry": 0.0,
                    "rz": 0.0,
                    "reference_cs": null
                  },
                  "radius": "Infinity"
                },
                "material_post": {
                  "type": "IdealMaterial",
                  "propagation_model": {
                    "class": "HomogeneousPropagation"
                  },
                  "index": 1.0,
                  "absorp": 0.0
                },
                "is_stop": false,
                "aperture": null,
                "comment": "",
                "interaction_model": {
                  "type": "RefractiveReflectiveModel",
                  "is_reflective": false,
                  "coating": null,
                  "bsdf": null
                }
              }
            ]
          },
          "ray_tracer": {
            "ray_aiming_config": {
              "mode": "paraxial",
              "max_iter": 10,
              "tol": 1e-06
            }
          }
        },
        "prescription": [
          {
            "index": 0,
            "is_image": false,
            "radius_mm": "Infinity",
            "thickness_mm": null
          },
          {
            "index": 1,
            "is_image": false,
            "radius_mm": 51.3046875,
            "thickness_mm": 5
          },
          {
            "index": 2,
            "is_image": false,
            "radius_mm": -50.0,
            "thickness_mm": 47.5
          },
          {
            "index": 3,
            "is_image": true,
            "radius_mm": "Infinity",
            "thickness_mm": 0.0
          }
        ],
        "surfaces": [
          {
            "index": 0,
            "is_image": false,
            "radius_mm": "Infinity",
            "thickness_mm": null
          },
          {
            "index": 1,
            "is_image": false,
            "radius_mm": 51.3046875,
            "thickness_mm": 5
          },
          {
            "index": 2,
            "is_image": false,
            "radius_mm": -50.0,
            "thickness_mm": 47.5
          },
          {
            "index": 3,
            "is_image": true,
            "radius_mm": "Infinity",
            "thickness_mm": 0.0
          }
        ],
        "axial_positions_mm": [
          "-Infinity",
          0.0,
          5.0,
          52.5
        ],
        "image_surface": 3,
        "import_restrictions": {
          "format": "Optiland native JSON",
          "restrictions": "Centered spherical/plane refractive surfaces in air; EPD; meridional angle fields; millimetres; scalar analysis; no solves, pickups, configurations, coatings, scattering, apodization or unsupported directives. Catalog glass requires an explicit catalog and exact material lookup. Native JSON export only."
        }
      },
      "measurements": [
        {
          "metric": "efl_mm",
          "value": 49.67200643468269,
          "unit": "mm",
          "analysis": {
            "sampling": 64,
            "use_polarization": false,
            "wavelength": 1,
            "wavelength_um": 0.55
          }
        },
        {
          "metric": "total_track_mm",
          "value": 52.5,
          "unit": "mm",
          "analysis": {
            "sampling": 64,
            "use_polarization": false
          }
        },
        {
          "metric": "rms_spot_um",
          "field": 1,
          "wavelength": 1,
          "value": 14.96649677884532,
          "unit": "um",
          "analysis": {
            "sampling": 64,
            "use_polarization": false,
            "field_xy_deg": [
              0.0,
              0.0
            ],
            "wavelength_um": 0.55,
            "scalar": true,
            "sampled_rays": 817,
            "transmitted_rays": 817,
            "method": "geometric RMS radius about centroid",
            "distribution": "hexapolar",
            "num_rings": 16
          }
        },
        {
          "metric": "mtf",
          "field": 1,
          "wavelength": 1,
          "frequency": 20,
          "axis": "tangential",
          "value": 0.5209780997069251,
          "unit": "1",
          "analysis": {
            "sampling": 64,
            "use_polarization": false,
            "field_xy_deg": [
              0.0,
              0.0
            ],
            "wavelength_um": 0.55,
            "scalar": true,
            "method": "scalar FFT MTF",
            "interpolation": "linear, no extrapolation",
            "frequency_range_cyc_per_mm": [
              0.0,
              529.1962984075931
            ]
          }
        },
        {
          "metric": "mtf",
          "field": 1,
          "wavelength": 1,
          "frequency": 20,
          "axis": "sagittal",
          "value": 0.5209780997069251,
          "unit": "1",
          "analysis": {
            "sampling": 64,
            "use_polarization": false,
            "field_xy_deg": [
              0.0,
              0.0
            ],
            "wavelength_um": 0.55,
            "scalar": true,
            "method": "scalar FFT MTF",
            "interpolation": "linear, no extrapolation",
            "frequency_range_cyc_per_mm": [
              0.0,
              529.1962984075931
            ]
          }
        }
      ],
      "assessment": {
        "passes": true,
        "requirements": [
          {
            "id": "focal-length",
            "key": "efl_mm",
            "requirement": {
              "id": "focal-length",
              "metric": "efl_mm",
              "unit": "mm",
              "min": 48,
              "max": 51
            },
            "status": "pass",
            "value": 49.67200643468269,
            "unit": "mm"
          },
          {
            "id": "track",
            "key": "total_track_mm",
            "requirement": {
              "id": "track",
              "metric": "total_track_mm",
              "unit": "mm",
              "max": 65
            },
            "status": "pass",
            "value": 52.5,
            "unit": "mm"
          },
          {
            "id": "spot",
            "key": "rms_spot_um|f=1|w=1",
            "requirement": {
              "id": "spot",
              "metric": "rms_spot_um",
              "field": 1,
              "wavelength": 1,
              "unit": "um",
              "max": 30
            },
            "status": "pass",
            "value": 14.96649677884532,
            "unit": "um"
          },
          {
            "id": "contrast-t",
            "key": "mtf|f=1|w=1|nu=20|axis=tangential",
            "requirement": {
              "id": "contrast-t",
              "metric": "mtf",
              "field": 1,
              "wavelength": 1,
              "frequency": 20,
              "axis": "tangential",
              "unit": "1",
              "min": 0.3
            },
            "status": "pass",
            "value": 0.5209780997069251,
            "unit": "1"
          },
          {
            "id": "contrast-s",
            "key": "mtf|f=1|w=1|nu=20|axis=sagittal",
            "requirement": {
              "id": "contrast-s",
              "metric": "mtf",
              "field": 1,
              "wavelength": 1,
              "frequency": 20,
              "axis": "sagittal",
              "unit": "1",
              "min": 0.3
            },
            "status": "pass",
            "value": 0.5209780997069251,
            "unit": "1"
          }
        ]
      },
      "objective_breakdown": {
        "aggregation": "weighted_rms",
        "direction": "minimize",
        "value": 0.4435285454025917,
        "unit": "1",
        "terms": [
          {
            "metric": "efl_mm",
            "key": "efl_mm",
            "unit": "mm",
            "value": 49.67200643468269,
            "target": 50,
            "scale": 2,
            "weight": 1,
            "normalized_residual": -0.16399678265865347,
            "weighted_residual": -0.07334159082320157
          },
          {
            "metric": "rms_spot_um",
            "field": 1,
            "wavelength": 1,
            "key": "rms_spot_um|f=1|w=1",
            "unit": "um",
            "value": 14.96649677884532,
            "target": 0,
            "scale": 30,
            "weight": 2,
            "normalized_residual": 0.4988832259615107,
            "weighted_residual": 0.3155214560981638
          },
          {
            "metric": "mtf",
            "field": 1,
            "wavelength": 1,
            "frequency": 20,
            "axis": "tangential",
            "key": "mtf|f=1|w=1|nu=20|axis=tangential",
            "unit": "1",
            "value": 0.5209780997069251,
            "target": 1,
            "scale": 1,
            "weight": 1,
            "normalized_residual": -0.4790219002930749,
            "weighted_residual": -0.21422510635328837
          },
          {
            "metric": "mtf",
            "field": 1,
            "wavelength": 1,
            "frequency": 20,
            "axis": "sagittal",
            "key": "mtf|f=1|w=1|nu=20|axis=sagittal",
            "unit": "1",
            "value": 0.5209780997069251,
            "target": 1,
            "scale": 1,
            "weight": 1,
            "normalized_residual": -0.4790219002930749,
            "weighted_residual": -0.21422510635328837
          }
        ]
      },
      "objective_value": 0.4435285454025917
    },
    {
      "kind": "search",
      "parameters_mm": [
        51.2890625,
        47.5
      ],
      "inspection": {
        "engine": {
          "name": "Optiland",
          "version": "0.6.2"
        },
        "focus_mm": 47.5,
        "invariants": {
          "version": 1.0,
          "name": "Synthetic N-BK7 singlet matching defocused-singlet.zmx prescription",
          "aperture": {
            "type": "EPD",
            "value": 10
          },
          "fields": {
            "fields": [
              {
                "x": 0.0,
                "y": 0,
                "vx": 0.0,
                "vy": 0.0,
                "weight": 1.0
              }
            ],
            "telecentric": false,
            "field_definition": {
              "field_type": "AngleField"
            }
          },
          "wavelengths": {
            "wavelengths": [
              {
                "value": 0.55,
                "is_primary": true,
                "unit": "um",
                "weight": 1.0
              }
            ],
            "polarization": "ignore"
          },
          "apodization": null,
          "pickups": [],
          "solves": {
            "solves": []
          },
          "surface_group": {
            "surfaces": [
              {
                "type": "ObjectSurface",
                "geometry": {
                  "type": "Plane",
                  "cs": {
                    "x": 0.0,
                    "y": 0.0,
                    "z": "-Infinity",
                    "rx": 0.0,
                    "ry": 0.0,
                    "rz": 0.0,
                    "reference_cs": null
                  },
                  "radius": "Infinity"
                },
                "material_post": {
                  "type": "IdealMaterial",
                  "propagation_model": {
                    "class": "HomogeneousPropagation"
                  },
                  "index": 1.0,
                  "absorp": 0.0
                },
                "comment": ""
              },
              {
                "type": "Surface",
                "thickness": 5,
                "geometry": {
                  "type": "StandardGeometry",
                  "cs": {
                    "x": 0.0,
                    "y": 0.0,
                    "z": 0.0,
                    "rx": 0.0,
                    "ry": 0.0,
                    "rz": 0.0,
                    "reference_cs": null
                  },
                  "radius": 51.2890625,
                  "conic": 0.0
                },
                "material_post": {
                  "type": "Material",
                  "propagation_model": {
                    "class": "HomogeneousPropagation"
                  },
                  "filename": "C:\\Users\\erict\\AppData\\Local\\uv\\cache\\archive-v0\\1oTiDYYjy2XEHm8e\\Lib\\site-packages\\optiland\\database\\data-nk\\glass\\schott\\N-BK7.yml",
                  "name": "N-BK7",
                  "reference": null,
                  "catalog": "schott",
                  "match_policy": "strict",
                  "robust_search": null,
                  "min_wavelength": null,
                  "max_wavelength": null
                },
                "is_stop": true,
                "aperture": null,
                "comment": "",
                "interaction_model": {
                  "type": "RefractiveReflectiveModel",
                  "is_reflective": false,
                  "coating": null,
                  "bsdf": null
                }
              },
              {
                "type": "Surface",
                "geometry": {
                  "type": "StandardGeometry",
                  "cs": {
                    "x": 0.0,
                    "y": 0.0,
                    "z": 5.0,
                    "rx": 0.0,
                    "ry": 0.0,
                    "rz": 0.0,
                    "reference_cs": null
                  },
                  "radius": -50.0,
                  "conic": 0.0
                },
                "material_post": {
                  "type": "IdealMaterial",
                  "propagation_model": {
                    "class": "HomogeneousPropagation"
                  },
                  "index": 1.0,
                  "absorp": 0.0
                },
                "is_stop": false,
                "aperture": null,
                "comment": "",
                "interaction_model": {
                  "type": "RefractiveReflectiveModel",
                  "is_reflective": false,
                  "coating": null,
                  "bsdf": null
                }
              },
              {
                "type": "Surface",
                "thickness": 0.0,
                "geometry": {
                  "type": "Plane",
                  "cs": {
                    "x": 0.0,
                    "y": 0.0,
                    "rx": 0.0,
                    "ry": 0.0,
                    "rz": 0.0,
                    "reference_cs": null
                  },
                  "radius": "Infinity"
                },
                "material_post": {
                  "type": "IdealMaterial",
                  "propagation_model": {
                    "class": "HomogeneousPropagation"
                  },
                  "index": 1.0,
                  "absorp": 0.0
                },
                "is_stop": false,
                "aperture": null,
                "comment": "",
                "interaction_model": {
                  "type": "RefractiveReflectiveModel",
                  "is_reflective": false,
                  "coating": null,
                  "bsdf": null
                }
              }
            ]
          },
          "ray_tracer": {
            "ray_aiming_config": {
              "mode": "paraxial",
              "max_iter": 10,
              "tol": 1e-06
            }
          }
        },
        "prescription": [
          {
            "index": 0,
            "is_image": false,
            "radius_mm": "Infinity",
            "thickness_mm": null
          },
          {
            "index": 1,
            "is_image": false,
            "radius_mm": 51.2890625,
            "thickness_mm": 5
          },
          {
            "index": 2,
            "is_image": false,
            "radius_mm": -50.0,
            "thickness_mm": 47.5
          },
          {
            "index": 3,
            "is_image": true,
            "radius_mm": "Infinity",
            "thickness_mm": 0.0
          }
        ],
        "surfaces": [
          {
            "index": 0,
            "is_image": false,
            "radius_mm": "Infinity",
            "thickness_mm": null
          },
          {
            "index": 1,
            "is_image": false,
            "radius_mm": 51.2890625,
            "thickness_mm": 5
          },
          {
            "index": 2,
            "is_image": false,
            "radius_mm": -50.0,
            "thickness_mm": 47.5
          },
          {
            "index": 3,
            "is_image": true,
            "radius_mm": "Infinity",
            "thickness_mm": 0.0
          }
        ],
        "axial_positions_mm": [
          "-Infinity",
          0.0,
          5.0,
          52.5
        ],
        "image_surface": 3,
        "import_restrictions": {
          "format": "Optiland native JSON",
          "restrictions": "Centered spherical/plane refractive surfaces in air; EPD; meridional angle fields; millimetres; scalar analysis; no solves, pickups, configurations, coatings, scattering, apodization or unsupported directives. Catalog glass requires an explicit catalog and exact material lookup. Native JSON export only."
        }
      },
      "measurements": [
        {
          "metric": "efl_mm",
          "value": 49.66467014886242,
          "unit": "mm",
          "analysis": {
            "sampling": 64,
            "use_polarization": false,
            "wavelength": 1,
            "wavelength_um": 0.55
          }
        },
        {
          "metric": "total_track_mm",
          "value": 52.5,
          "unit": "mm",
          "analysis": {
            "sampling": 64,
            "use_polarization": false
          }
        },
        {
          "metric": "rms_spot_um",
          "field": 1,
          "wavelength": 1,
          "value": 15.095401573852323,
          "unit": "um",
          "analysis": {
            "sampling": 64,
            "use_polarization": false,
            "field_xy_deg": [
              0.0,
              0.0
            ],
            "wavelength_um": 0.55,
            "scalar": true,
            "sampled_rays": 817,
            "transmitted_rays": 817,
            "method": "geometric RMS radius about centroid",
            "distribution": "hexapolar",
            "num_rings": 16
          }
        },
        {
          "metric": "mtf",
          "field": 1,
          "wavelength": 1,
          "frequency": 20,
          "axis": "tangential",
          "value": 0.526743233005974,
          "unit": "1",
          "analysis": {
            "sampling": 64,
            "use_polarization": false,
            "field_xy_deg": [
              0.0,
              0.0
            ],
            "wavelength_um": 0.55,
            "scalar": true,
            "method": "scalar FFT MTF",
            "interpolation": "linear, no extrapolation",
            "frequency_range_cyc_per_mm": [
              0.0,
              529.2753064066362
            ]
          }
        },
        {
          "metric": "mtf",
          "field": 1,
          "wavelength": 1,
          "frequency": 20,
          "axis": "sagittal",
          "value": 0.526743233005974,
          "unit": "1",
          "analysis": {
            "sampling": 64,
            "use_polarization": false,
            "field_xy_deg": [
              0.0,
              0.0
            ],
            "wavelength_um": 0.55,
            "scalar": true,
            "method": "scalar FFT MTF",
            "interpolation": "linear, no extrapolation",
            "frequency_range_cyc_per_mm": [
              0.0,
              529.2753064066362
            ]
          }
        }
      ],
      "assessment": {
        "passes": true,
        "requirements": [
          {
            "id": "focal-length",
            "key": "efl_mm",
            "requirement": {
              "id": "focal-length",
              "metric": "efl_mm",
              "unit": "mm",
              "min": 48,
              "max": 51
            },
            "status": "pass",
            "value": 49.66467014886242,
            "unit": "mm"
          },
          {
            "id": "track",
            "key": "total_track_mm",
            "requirement": {
              "id": "track",
              "metric": "total_track_mm",
              "unit": "mm",
              "max": 65
            },
            "status": "pass",
            "value": 52.5,
            "unit": "mm"
          },
          {
            "id": "spot",
            "key": "rms_spot_um|f=1|w=1",
            "requirement": {
              "id": "spot",
              "metric": "rms_spot_um",
              "field": 1,
              "wavelength": 1,
              "unit": "um",
              "max": 30
            },
            "status": "pass",
            "value": 15.095401573852323,
            "unit": "um"
          },
          {
            "id": "contrast-t",
            "key": "mtf|f=1|w=1|nu=20|axis=tangential",
            "requirement": {
              "id": "contrast-t",
              "metric": "mtf",
              "field": 1,
              "wavelength": 1,
              "frequency": 20,
              "axis": "tangential",
              "unit": "1",
              "min": 0.3
            },
            "status": "pass",
            "value": 0.526743233005974,
            "unit": "1"
          },
          {
            "id": "contrast-s",
            "key": "mtf|f=1|w=1|nu=20|axis=sagittal",
            "requirement": {
              "id": "contrast-s",
              "metric": "mtf",
              "field": 1,
              "wavelength": 1,
              "frequency": 20,
              "axis": "sagittal",
              "unit": "1",
              "min": 0.3
            },
            "status": "pass",
            "value": 0.526743233005974,
            "unit": "1"
          }
        ]
      },
      "objective_breakdown": {
        "aggregation": "weighted_rms",
        "direction": "minimize",
        "value": 0.4432687204547757,
        "unit": "1",
        "terms": [
          {
            "metric": "efl_mm",
            "key": "efl_mm",
            "unit": "mm",
            "value": 49.66467014886242,
            "target": 50,
            "scale": 2,
            "weight": 1,
            "normalized_residual": -0.16766492556878987,
            "weighted_residual": -0.07498203420285135
          },
          {
            "metric": "rms_spot_um",
            "field": 1,
            "wavelength": 1,
            "key": "rms_spot_um|f=1|w=1",
            "unit": "um",
            "value": 15.095401573852323,
            "target": 0,
            "scale": 30,
            "weight": 2,
            "normalized_residual": 0.5031800524617441,
            "weighted_residual": 0.31823900778842534
          },
          {
            "metric": "mtf",
            "field": 1,
            "wavelength": 1,
            "frequency": 20,
            "axis": "tangential",
            "key": "mtf|f=1|w=1|nu=20|axis=tangential",
            "unit": "1",
            "value": 0.526743233005974,
            "target": 1,
            "scale": 1,
            "weight": 1,
            "normalized_residual": -0.47325676699402597,
            "weighted_residual": -0.21164686036208416
          },
          {
            "metric": "mtf",
            "field": 1,
            "wavelength": 1,
            "frequency": 20,
            "axis": "sagittal",
            "key": "mtf|f=1|w=1|nu=20|axis=sagittal",
            "unit": "1",
            "value": 0.526743233005974,
            "target": 1,
            "scale": 1,
            "weight": 1,
            "normalized_residual": -0.47325676699402597,
            "weighted_residual": -0.21164686036208416
          }
        ]
      },
      "objective_value": 0.4432687204547757
    },
    {
      "kind": "search",
      "parameters_mm": [
        51.2890625,
        47.513671875
      ],
      "inspection": {
        "engine": {
          "name": "Optiland",
          "version": "0.6.2"
        },
        "focus_mm": 47.513671875,
        "invariants": {
          "version": 1.0,
          "name": "Synthetic N-BK7 singlet matching defocused-singlet.zmx prescription",
          "aperture": {
            "type": "EPD",
            "value": 10
          },
          "fields": {
            "fields": [
              {
                "x": 0.0,
                "y": 0,
                "vx": 0.0,
                "vy": 0.0,
                "weight": 1.0
              }
            ],
            "telecentric": false,
            "field_definition": {
              "field_type": "AngleField"
            }
          },
          "wavelengths": {
            "wavelengths": [
              {
                "value": 0.55,
                "is_primary": true,
                "unit": "um",
                "weight": 1.0
              }
            ],
            "polarization": "ignore"
          },
          "apodization": null,
          "pickups": [],
          "solves": {
            "solves": []
          },
          "surface_group": {
            "surfaces": [
              {
                "type": "ObjectSurface",
                "geometry": {
                  "type": "Plane",
                  "cs": {
                    "x": 0.0,
                    "y": 0.0,
                    "z": "-Infinity",
                    "rx": 0.0,
                    "ry": 0.0,
                    "rz": 0.0,
                    "reference_cs": null
                  },
                  "radius": "Infinity"
                },
                "material_post": {
                  "type": "IdealMaterial",
                  "propagation_model": {
                    "class": "HomogeneousPropagation"
                  },
                  "index": 1.0,
                  "absorp": 0.0
                },
                "comment": ""
              },
              {
                "type": "Surface",
                "thickness": 5,
                "geometry": {
                  "type": "StandardGeometry",
                  "cs": {
                    "x": 0.0,
                    "y": 0.0,
                    "z": 0.0,
                    "rx": 0.0,
                    "ry": 0.0,
                    "rz": 0.0,
                    "reference_cs": null
                  },
                  "radius": 51.2890625,
                  "conic": 0.0
                },
                "material_post": {
                  "type": "Material",
                  "propagation_model": {
                    "class": "HomogeneousPropagation"
                  },
                  "filename": "C:\\Users\\erict\\AppData\\Local\\uv\\cache\\archive-v0\\1oTiDYYjy2XEHm8e\\Lib\\site-packages\\optiland\\database\\data-nk\\glass\\schott\\N-BK7.yml",
                  "name": "N-BK7",
                  "reference": null,
                  "catalog": "schott",
                  "match_policy": "strict",
                  "robust_search": null,
                  "min_wavelength": null,
                  "max_wavelength": null
                },
                "is_stop": true,
                "aperture": null,
                "comment": "",
                "interaction_model": {
                  "type": "RefractiveReflectiveModel",
                  "is_reflective": false,
                  "coating": null,
                  "bsdf": null
                }
              },
              {
                "type": "Surface",
                "geometry": {
                  "type": "StandardGeometry",
                  "cs": {
                    "x": 0.0,
                    "y": 0.0,
                    "z": 5.0,
                    "rx": 0.0,
                    "ry": 0.0,
                    "rz": 0.0,
                    "reference_cs": null
                  },
                  "radius": -50.0,
                  "conic": 0.0
                },
                "material_post": {
                  "type": "IdealMaterial",
                  "propagation_model": {
                    "class": "HomogeneousPropagation"
                  },
                  "index": 1.0,
                  "absorp": 0.0
                },
                "is_stop": false,
                "aperture": null,
                "comment": "",
                "interaction_model": {
                  "type": "RefractiveReflectiveModel",
                  "is_reflective": false,
                  "coating": null,
                  "bsdf": null
                }
              },
              {
                "type": "Surface",
                "thickness": 0.0,
                "geometry": {
                  "type": "Plane",
                  "cs": {
                    "x": 0.0,
                    "y": 0.0,
                    "rx": 0.0,
                    "ry": 0.0,
                    "rz": 0.0,
                    "reference_cs": null
                  },
                  "radius": "Infinity"
                },
                "material_post": {
                  "type": "IdealMaterial",
                  "propagation_model": {
                    "class": "HomogeneousPropagation"
                  },
                  "index": 1.0,
                  "absorp": 0.0
                },
                "is_stop": false,
                "aperture": null,
                "comment": "",
                "interaction_model": {
                  "type": "RefractiveReflectiveModel",
                  "is_reflective": false,
                  "coating": null,
                  "bsdf": null
                }
              }
            ]
          },
          "ray_tracer": {
            "ray_aiming_config": {
              "mode": "paraxial",
              "max_iter": 10,
              "tol": 1e-06
            }
          }
        },
        "prescription": [
          {
            "index": 0,
            "is_image": false,
            "radius_mm": "Infinity",
            "thickness_mm": null
          },
          {
            "index": 1,
            "is_image": false,
            "radius_mm": 51.2890625,
            "thickness_mm": 5
          },
          {
            "index": 2,
            "is_image": false,
            "radius_mm": -50.0,
            "thickness_mm": 47.513671875
          },
          {
            "index": 3,
            "is_image": true,
            "radius_mm": "Infinity",
            "thickness_mm": 0.0
          }
        ],
        "surfaces": [
          {
            "index": 0,
            "is_image": false,
            "radius_mm": "Infinity",
            "thickness_mm": null
          },
          {
            "index": 1,
            "is_image": false,
            "radius_mm": 51.2890625,
            "thickness_mm": 5
          },
          {
            "index": 2,
            "is_image": false,
            "radius_mm": -50.0,
            "thickness_mm": 47.513671875
          },
          {
            "index": 3,
            "is_image": true,
            "radius_mm": "Infinity",
            "thickness_mm": 0.0
          }
        ],
        "axial_positions_mm": [
          "-Infinity",
          0.0,
          5.0,
          52.513671875
        ],
        "image_surface": 3,
        "import_restrictions": {
          "format": "Optiland native JSON",
          "restrictions": "Centered spherical/plane refractive surfaces in air; EPD; meridional angle fields; millimetres; scalar analysis; no solves, pickups, configurations, coatings, scattering, apodization or unsupported directives. Catalog glass requires an explicit catalog and exact material lookup. Native JSON export only."
        }
      },
      "measurements": [
        {
          "metric": "efl_mm",
          "value": 49.66467014886242,
          "unit": "mm",
          "analysis": {
            "sampling": 64,
            "use_polarization": false,
            "wavelength": 1,
            "wavelength_um": 0.55
          }
        },
        {
          "metric": "total_track_mm",
          "value": 52.513671875,
          "unit": "mm",
          "analysis": {
            "sampling": 64,
            "use_polarization": false
          }
        },
        {
          "metric": "rms_spot_um",
          "field": 1,
          "wavelength": 1,
          "value": 15.37331148818591,
          "unit": "um",
          "analysis": {
            "sampling": 64,
            "use_polarization": false,
            "field_xy_deg": [
              0.0,
              0.0
            ],
            "wavelength_um": 0.55,
            "scalar": true,
            "sampled_rays": 817,
            "transmitted_rays": 817,
            "method": "geometric RMS radius about centroid",
            "distribution": "hexapolar",
            "num_rings": 16
          }
        },
        {
          "metric": "mtf",
          "field": 1,
          "wavelength": 1,
          "frequency": 20,
          "axis": "tangential",
          "value": 0.535407640903565,
          "unit": "1",
          "analysis": {
            "sampling": 64,
            "use_polarization": false,
            "field_xy_deg": [
              0.0,
              0.0
            ],
            "wavelength_um": 0.55,
            "scalar": true,
            "method": "scalar FFT MTF",
            "interpolation": "linear, no extrapolation",
            "frequency_range_cyc_per_mm": [
              0.0,
              529.2753064066362
            ]
          }
        },
        {
          "metric": "mtf",
          "field": 1,
          "wavelength": 1,
          "frequency": 20,
          "axis": "sagittal",
          "value": 0.535407640903565,
          "unit": "1",
          "analysis": {
            "sampling": 64,
            "use_polarization": false,
            "field_xy_deg": [
              0.0,
              0.0
            ],
            "wavelength_um": 0.55,
            "scalar": true,
            "method": "scalar FFT MTF",
            "interpolation": "linear, no extrapolation",
            "frequency_range_cyc_per_mm": [
              0.0,
              529.2753064066362
            ]
          }
        }
      ],
      "assessment": {
        "passes": true,
        "requirements": [
          {
            "id": "focal-length",
            "key": "efl_mm",
            "requirement": {
              "id": "focal-length",
              "metric": "efl_mm",
              "unit": "mm",
              "min": 48,
              "max": 51
            },
            "status": "pass",
            "value": 49.66467014886242,
            "unit": "mm"
          },
          {
            "id": "track",
            "key": "total_track_mm",
            "requirement": {
              "id": "track",
              "metric": "total_track_mm",
              "unit": "mm",
              "max": 65
            },
            "status": "pass",
            "value": 52.513671875,
            "unit": "mm"
          },
          {
            "id": "spot",
            "key": "rms_spot_um|f=1|w=1",
            "requirement": {
              "id": "spot",
              "metric": "rms_spot_um",
              "field": 1,
              "wavelength": 1,
              "unit": "um",
              "max": 30
            },
            "status": "pass",
            "value": 15.37331148818591,
            "unit": "um"
          },
          {
            "id": "contrast-t",
            "key": "mtf|f=1|w=1|nu=20|axis=tangential",
            "requirement": {
              "id": "contrast-t",
              "metric": "mtf",
              "field": 1,
              "wavelength": 1,
              "frequency": 20,
              "axis": "tangential",
              "unit": "1",
              "min": 0.3
            },
            "status": "pass",
            "value": 0.535407640903565,
            "unit": "1"
          },
          {
            "id": "contrast-s",
            "key": "mtf|f=1|w=1|nu=20|axis=sagittal",
            "requirement": {
              "id": "contrast-s",
              "metric": "mtf",
              "field": 1,
              "wavelength": 1,
              "frequency": 20,
              "axis": "sagittal",
              "unit": "1",
              "min": 0.3
            },
            "status": "pass",
            "value": 0.535407640903565,
            "unit": "1"
          }
        ]
      },
      "objective_breakdown": {
        "aggregation": "weighted_rms",
        "direction": "minimize",
        "value": 0.4438469944074548,
        "unit": "1",
        "terms": [
          {
            "metric": "efl_mm",
            "key": "efl_mm",
            "unit": "mm",
            "value": 49.66467014886242,
            "target": 50,
            "scale": 2,
            "weight": 1,
            "normalized_residual": -0.16766492556878987,
            "weighted_residual": -0.07498203420285135
          },
          {
            "metric": "rms_spot_um",
            "field": 1,
            "wavelength": 1,
            "key": "rms_spot_um|f=1|w=1",
            "unit": "um",
            "value": 15.37331148818591,
            "target": 0,
            "scale": 30,
            "weight": 2,
            "normalized_residual": 0.5124437162728637,
            "weighted_residual": 0.32409786321266804
          },
          {
            "metric": "mtf",
            "field": 1,
            "wavelength": 1,
            "frequency": 20,
            "axis": "tangential",
            "key": "mtf|f=1|w=1|nu=20|axis=tangential",
            "unit": "1",
            "value": 0.535407640903565,
            "target": 1,
            "scale": 1,
            "weight": 1,
            "normalized_residual": -0.46459235909643504,
            "weighted_residual": -0.2077720193533243
          },
          {
            "metric": "mtf",
            "field": 1,
            "wavelength": 1,
            "frequency": 20,
            "axis": "sagittal",
            "key": "mtf|f=1|w=1|nu=20|axis=sagittal",
            "unit": "1",
            "value": 0.535407640903565,
            "target": 1,
            "scale": 1,
            "weight": 1,
            "normalized_residual": -0.46459235909643504,
            "weighted_residual": -0.2077720193533243
          }
        ]
      },
      "objective_value": 0.4438469944074548
    },
    {
      "kind": "search",
      "parameters_mm": [
        51.2890625,
        47.486328125
      ],
      "inspection": {
        "engine": {
          "name": "Optiland",
          "version": "0.6.2"
        },
        "focus_mm": 47.486328125,
        "invariants": {
          "version": 1.0,
          "name": "Synthetic N-BK7 singlet matching defocused-singlet.zmx prescription",
          "aperture": {
            "type": "EPD",
            "value": 10
          },
          "fields": {
            "fields": [
              {
                "x": 0.0,
                "y": 0,
                "vx": 0.0,
                "vy": 0.0,
                "weight": 1.0
              }
            ],
            "telecentric": false,
            "field_definition": {
              "field_type": "AngleField"
            }
          },
          "wavelengths": {
            "wavelengths": [
              {
                "value": 0.55,
                "is_primary": true,
                "unit": "um",
                "weight": 1.0
              }
            ],
            "polarization": "ignore"
          },
          "apodization": null,
          "pickups": [],
          "solves": {
            "solves": []
          },
          "surface_group": {
            "surfaces": [
              {
                "type": "ObjectSurface",
                "geometry": {
                  "type": "Plane",
                  "cs": {
                    "x": 0.0,
                    "y": 0.0,
                    "z": "-Infinity",
                    "rx": 0.0,
                    "ry": 0.0,
                    "rz": 0.0,
                    "reference_cs": null
                  },
                  "radius": "Infinity"
                },
                "material_post": {
                  "type": "IdealMaterial",
                  "propagation_model": {
                    "class": "HomogeneousPropagation"
                  },
                  "index": 1.0,
                  "absorp": 0.0
                },
                "comment": ""
              },
              {
                "type": "Surface",
                "thickness": 5,
                "geometry": {
                  "type": "StandardGeometry",
                  "cs": {
                    "x": 0.0,
                    "y": 0.0,
                    "z": 0.0,
                    "rx": 0.0,
                    "ry": 0.0,
                    "rz": 0.0,
                    "reference_cs": null
                  },
                  "radius": 51.2890625,
                  "conic": 0.0
                },
                "material_post": {
                  "type": "Material",
                  "propagation_model": {
                    "class": "HomogeneousPropagation"
                  },
                  "filename": "C:\\Users\\erict\\AppData\\Local\\uv\\cache\\archive-v0\\1oTiDYYjy2XEHm8e\\Lib\\site-packages\\optiland\\database\\data-nk\\glass\\schott\\N-BK7.yml",
                  "name": "N-BK7",
                  "reference": null,
                  "catalog": "schott",
                  "match_policy": "strict",
                  "robust_search": null,
                  "min_wavelength": null,
                  "max_wavelength": null
                },
                "is_stop": true,
                "aperture": null,
                "comment": "",
                "interaction_model": {
                  "type": "RefractiveReflectiveModel",
                  "is_reflective": false,
                  "coating": null,
                  "bsdf": null
                }
              },
              {
                "type": "Surface",
                "geometry": {
                  "type": "StandardGeometry",
                  "cs": {
                    "x": 0.0,
                    "y": 0.0,
                    "z": 5.0,
                    "rx": 0.0,
                    "ry": 0.0,
                    "rz": 0.0,
                    "reference_cs": null
                  },
                  "radius": -50.0,
                  "conic": 0.0
                },
                "material_post": {
                  "type": "IdealMaterial",
                  "propagation_model": {
                    "class": "HomogeneousPropagation"
                  },
                  "index": 1.0,
                  "absorp": 0.0
                },
                "is_stop": false,
                "aperture": null,
                "comment": "",
                "interaction_model": {
                  "type": "RefractiveReflectiveModel",
                  "is_reflective": false,
                  "coating": null,
                  "bsdf": null
                }
              },
              {
                "type": "Surface",
                "thickness": 0.0,
                "geometry": {
                  "type": "Plane",
                  "cs": {
                    "x": 0.0,
                    "y": 0.0,
                    "rx": 0.0,
                    "ry": 0.0,
                    "rz": 0.0,
                    "reference_cs": null
                  },
                  "radius": "Infinity"
                },
                "material_post": {
                  "type": "IdealMaterial",
                  "propagation_model": {
                    "class": "HomogeneousPropagation"
                  },
                  "index": 1.0,
                  "absorp": 0.0
                },
                "is_stop": false,
                "aperture": null,
                "comment": "",
                "interaction_model": {
                  "type": "RefractiveReflectiveModel",
                  "is_reflective": false,
                  "coating": null,
                  "bsdf": null
                }
              }
            ]
          },
          "ray_tracer": {
            "ray_aiming_config": {
              "mode": "paraxial",
              "max_iter": 10,
              "tol": 1e-06
            }
          }
        },
        "prescription": [
          {
            "index": 0,
            "is_image": false,
            "radius_mm": "Infinity",
            "thickness_mm": null
          },
          {
            "index": 1,
            "is_image": false,
            "radius_mm": 51.2890625,
            "thickness_mm": 5
          },
          {
            "index": 2,
            "is_image": false,
            "radius_mm": -50.0,
            "thickness_mm": 47.486328125
          },
          {
            "index": 3,
            "is_image": true,
            "radius_mm": "Infinity",
            "thickness_mm": 0.0
          }
        ],
        "surfaces": [
          {
            "index": 0,
            "is_image": false,
            "radius_mm": "Infinity",
            "thickness_mm": null
          },
          {
            "index": 1,
            "is_image": false,
            "radius_mm": 51.2890625,
            "thickness_mm": 5
          },
          {
            "index": 2,
            "is_image": false,
            "radius_mm": -50.0,
            "thickness_mm": 47.486328125
          },
          {
            "index": 3,
            "is_image": true,
            "radius_mm": "Infinity",
            "thickness_mm": 0.0
          }
        ],
        "axial_positions_mm": [
          "-Infinity",
          0.0,
          5.0,
          52.486328125
        ],
        "image_surface": 3,
        "import_restrictions": {
          "format": "Optiland native JSON",
          "restrictions": "Centered spherical/plane refractive surfaces in air; EPD; meridional angle fields; millimetres; scalar analysis; no solves, pickups, configurations, coatings, scattering, apodization or unsupported directives. Catalog glass requires an explicit catalog and exact material lookup. Native JSON export only."
        }
      },
      "measurements": [
        {
          "metric": "efl_mm",
          "value": 49.66467014886242,
          "unit": "mm",
          "analysis": {
            "sampling": 64,
            "use_polarization": false,
            "wavelength": 1,
            "wavelength_um": 0.55
          }
        },
        {
          "metric": "total_track_mm",
          "value": 52.486328125,
          "unit": "mm",
          "analysis": {
            "sampling": 64,
            "use_polarization": false
          }
        },
        {
          "metric": "rms_spot_um",
          "field": 1,
          "wavelength": 1,
          "value": 14.881420820917223,
          "unit": "um",
          "analysis": {
            "sampling": 64,
            "use_polarization": false,
            "field_xy_deg": [
              0.0,
              0.0
            ],
            "wavelength_um": 0.55,
            "scalar": true,
            "sampled_rays": 817,
            "transmitted_rays": 817,
            "method": "geometric RMS radius about centroid",
            "distribution": "hexapolar",
            "num_rings": 16
          }
        },
        {
          "metric": "mtf",
          "field": 1,
          "wavelength": 1,
          "frequency": 20,
          "axis": "tangential",
          "value": 0.5156500506427368,
          "unit": "1",
          "analysis": {
            "sampling": 64,
            "use_polarization": false,
            "field_xy_deg": [
              0.0,
              0.0
            ],
            "wavelength_um": 0.55,
            "scalar": true,
            "method": "scalar FFT MTF",
            "interpolation": "linear, no extrapolation",
            "frequency_range_cyc_per_mm": [
              0.0,
              529.2753064066362
            ]
          }
        },
        {
          "metric": "mtf",
          "field": 1,
          "wavelength": 1,
          "frequency": 20,
          "axis": "sagittal",
          "value": 0.5156500506427368,
          "unit": "1",
          "analysis": {
            "sampling": 64,
            "use_polarization": false,
            "field_xy_deg": [
              0.0,
              0.0
            ],
            "wavelength_um": 0.55,
            "scalar": true,
            "method": "scalar FFT MTF",
            "interpolation": "linear, no extrapolation",
            "frequency_range_cyc_per_mm": [
              0.0,
              529.2753064066362
            ]
          }
        }
      ],
      "assessment": {
        "passes": true,
        "requirements": [
          {
            "id": "focal-length",
            "key": "efl_mm",
            "requirement": {
              "id": "focal-length",
              "metric": "efl_mm",
              "unit": "mm",
              "min": 48,
              "max": 51
            },
            "status": "pass",
            "value": 49.66467014886242,
            "unit": "mm"
          },
          {
            "id": "track",
            "key": "total_track_mm",
            "requirement": {
              "id": "track",
              "metric": "total_track_mm",
              "unit": "mm",
              "max": 65
            },
            "status": "pass",
            "value": 52.486328125,
            "unit": "mm"
          },
          {
            "id": "spot",
            "key": "rms_spot_um|f=1|w=1",
            "requirement": {
              "id": "spot",
              "metric": "rms_spot_um",
              "field": 1,
              "wavelength": 1,
              "unit": "um",
              "max": 30
            },
            "status": "pass",
            "value": 14.881420820917223,
            "unit": "um"
          },
          {
            "id": "contrast-t",
            "key": "mtf|f=1|w=1|nu=20|axis=tangential",
            "requirement": {
              "id": "contrast-t",
              "metric": "mtf",
              "field": 1,
              "wavelength": 1,
              "frequency": 20,
              "axis": "tangential",
              "unit": "1",
              "min": 0.3
            },
            "status": "pass",
            "value": 0.5156500506427368,
            "unit": "1"
          },
          {
            "id": "contrast-s",
            "key": "mtf|f=1|w=1|nu=20|axis=sagittal",
            "requirement": {
              "id": "contrast-s",
              "metric": "mtf",
              "field": 1,
              "wavelength": 1,
              "frequency": 20,
              "axis": "sagittal",
              "unit": "1",
              "min": 0.3
            },
            "status": "pass",
            "value": 0.5156500506427368,
            "unit": "1"
          }
        ]
      },
      "objective_breakdown": {
        "aggregation": "weighted_rms",
        "direction": "minimize",
        "value": 0.4448431728733513,
        "unit": "1",
        "terms": [
          {
            "metric": "efl_mm",
            "key": "efl_mm",
            "unit": "mm",
            "value": 49.66467014886242,
            "target": 50,
            "scale": 2,
            "weight": 1,
            "normalized_residual": -0.16766492556878987,
            "weighted_residual": -0.07498203420285135
          },
          {
            "metric": "rms_spot_um",
            "field": 1,
            "wavelength": 1,
            "key": "rms_spot_um|f=1|w=1",
            "unit": "um",
            "value": 14.881420820917223,
            "target": 0,
            "scale": 30,
            "weight": 2,
            "normalized_residual": 0.49604736069724076,
            "weighted_residual": 0.31372789742367413
          },
          {
            "metric": "mtf",
            "field": 1,
            "wavelength": 1,
            "frequency": 20,
            "axis": "tangential",
            "key": "mtf|f=1|w=1|nu=20|axis=tangential",
            "unit": "1",
            "value": 0.5156500506427368,
            "target": 1,
            "scale": 1,
            "weight": 1,
            "normalized_residual": -0.48434994935726317,
            "weighted_residual": -0.2166078823322842
          },
          {
            "metric": "mtf",
            "field": 1,
            "wavelength": 1,
            "frequency": 20,
            "axis": "sagittal",
            "key": "mtf|f=1|w=1|nu=20|axis=sagittal",
            "unit": "1",
            "value": 0.5156500506427368,
            "target": 1,
            "scale": 1,
            "weight": 1,
            "normalized_residual": -0.48434994935726317,
            "weighted_residual": -0.2166078823322842
          }
        ]
      },
      "objective_value": 0.4448431728733513
    },
    {
      "kind": "search",
      "parameters_mm": [
        51.29296875,
        47.5
      ],
      "inspection": {
        "engine": {
          "name": "Optiland",
          "version": "0.6.2"
        },
        "focus_mm": 47.5,
        "invariants": {
          "version": 1.0,
          "name": "Synthetic N-BK7 singlet matching defocused-singlet.zmx prescription",
          "aperture": {
            "type": "EPD",
            "value": 10
          },
          "fields": {
            "fields": [
              {
                "x": 0.0,
                "y": 0,
                "vx": 0.0,
                "vy": 0.0,
                "weight": 1.0
              }
            ],
            "telecentric": false,
            "field_definition": {
              "field_type": "AngleField"
            }
          },
          "wavelengths": {
            "wavelengths": [
              {
                "value": 0.55,
                "is_primary": true,
                "unit": "um",
                "weight": 1.0
              }
            ],
            "polarization": "ignore"
          },
          "apodization": null,
          "pickups": [],
          "solves": {
            "solves": []
          },
          "surface_group": {
            "surfaces": [
              {
                "type": "ObjectSurface",
                "geometry": {
                  "type": "Plane",
                  "cs": {
                    "x": 0.0,
                    "y": 0.0,
                    "z": "-Infinity",
                    "rx": 0.0,
                    "ry": 0.0,
                    "rz": 0.0,
                    "reference_cs": null
                  },
                  "radius": "Infinity"
                },
                "material_post": {
                  "type": "IdealMaterial",
                  "propagation_model": {
                    "class": "HomogeneousPropagation"
                  },
                  "index": 1.0,
                  "absorp": 0.0
                },
                "comment": ""
              },
              {
                "type": "Surface",
                "thickness": 5,
                "geometry": {
                  "type": "StandardGeometry",
                  "cs": {
                    "x": 0.0,
                    "y": 0.0,
                    "z": 0.0,
                    "rx": 0.0,
                    "ry": 0.0,
                    "rz": 0.0,
                    "reference_cs": null
                  },
                  "radius": 51.29296875,
                  "conic": 0.0
                },
                "material_post": {
                  "type": "Material",
                  "propagation_model": {
                    "class": "HomogeneousPropagation"
                  },
                  "filename": "C:\\Users\\erict\\AppData\\Local\\uv\\cache\\archive-v0\\1oTiDYYjy2XEHm8e\\Lib\\site-packages\\optiland\\database\\data-nk\\glass\\schott\\N-BK7.yml",
                  "name": "N-BK7",
                  "reference": null,
                  "catalog": "schott",
                  "match_policy": "strict",
                  "robust_search": null,
                  "min_wavelength": null,
                  "max_wavelength": null
                },
                "is_stop": true,
                "aperture": null,
                "comment": "",
                "interaction_model": {
                  "type": "RefractiveReflectiveModel",
                  "is_reflective": false,
                  "coating": null,
                  "bsdf": null
                }
              },
              {
                "type": "Surface",
                "geometry": {
                  "type": "StandardGeometry",
                  "cs": {
                    "x": 0.0,
                    "y": 0.0,
                    "z": 5.0,
                    "rx": 0.0,
                    "ry": 0.0,
                    "rz": 0.0,
                    "reference_cs": null
                  },
                  "radius": -50.0,
                  "conic": 0.0
                },
                "material_post": {
                  "type": "IdealMaterial",
                  "propagation_model": {
                    "class": "HomogeneousPropagation"
                  },
                  "index": 1.0,
                  "absorp": 0.0
                },
                "is_stop": false,
                "aperture": null,
                "comment": "",
                "interaction_model": {
                  "type": "RefractiveReflectiveModel",
                  "is_reflective": false,
                  "coating": null,
                  "bsdf": null
                }
              },
              {
                "type": "Surface",
                "thickness": 0.0,
                "geometry": {
                  "type": "Plane",
                  "cs": {
                    "x": 0.0,
                    "y": 0.0,
                    "rx": 0.0,
                    "ry": 0.0,
                    "rz": 0.0,
                    "reference_cs": null
                  },
                  "radius": "Infinity"
                },
                "material_post": {
                  "type": "IdealMaterial",
                  "propagation_model": {
                    "class": "HomogeneousPropagation"
                  },
                  "index": 1.0,
                  "absorp": 0.0
                },
                "is_stop": false,
                "aperture": null,
                "comment": "",
                "interaction_model": {
                  "type": "RefractiveReflectiveModel",
                  "is_reflective": false,
                  "coating": null,
                  "bsdf": null
                }
              }
            ]
          },
          "ray_tracer": {
            "ray_aiming_config": {
              "mode": "paraxial",
              "max_iter": 10,
              "tol": 1e-06
            }
          }
        },
        "prescription": [
          {
            "index": 0,
            "is_image": false,
            "radius_mm": "Infinity",
            "thickness_mm": null
          },
          {
            "index": 1,
            "is_image": false,
            "radius_mm": 51.29296875,
            "thickness_mm": 5
          },
          {
            "index": 2,
            "is_image": false,
            "radius_mm": -50.0,
            "thickness_mm": 47.5
          },
          {
            "index": 3,
            "is_image": true,
            "radius_mm": "Infinity",
            "thickness_mm": 0.0
          }
        ],
        "surfaces": [
          {
            "index": 0,
            "is_image": false,
            "radius_mm": "Infinity",
            "thickness_mm": null
          },
          {
            "index": 1,
            "is_image": false,
            "radius_mm": 51.29296875,
            "thickness_mm": 5
          },
          {
            "index": 2,
            "is_image": false,
            "radius_mm": -50.0,
            "thickness_mm": 47.5
          },
          {
            "index": 3,
            "is_image": true,
            "radius_mm": "Infinity",
            "thickness_mm": 0.0
          }
        ],
        "axial_positions_mm": [
          "-Infinity",
          0.0,
          5.0,
          52.5
        ],
        "image_surface": 3,
        "import_restrictions": {
          "format": "Optiland native JSON",
          "restrictions": "Centered spherical/plane refractive surfaces in air; EPD; meridional angle fields; millimetres; scalar analysis; no solves, pickups, configurations, coatings, scattering, apodization or unsupported directives. Catalog glass requires an explicit catalog and exact material lookup. Native JSON export only."
        }
      },
      "measurements": [
        {
          "metric": "efl_mm",
          "value": 49.66650443614201,
          "unit": "mm",
          "analysis": {
            "sampling": 64,
            "use_polarization": false,
            "wavelength": 1,
            "wavelength_um": 0.55
          }
        },
        {
          "metric": "total_track_mm",
          "value": 52.5,
          "unit": "mm",
          "analysis": {
            "sampling": 64,
            "use_polarization": false
          }
        },
        {
          "metric": "rms_spot_um",
          "field": 1,
          "wavelength": 1,
          "value": 15.061299596853233,
          "unit": "um",
          "analysis": {
            "sampling": 64,
            "use_polarization": false,
            "field_xy_deg": [
              0.0,
              0.0
            ],
            "wavelength_um": 0.55,
            "scalar": true,
            "sampled_rays": 817,
            "transmitted_rays": 817,
            "method": "geometric RMS radius about centroid",
            "distribution": "hexapolar",
            "num_rings": 16
          }
        },
        {
          "metric": "mtf",
          "field": 1,
          "wavelength": 1,
          "frequency": 20,
          "axis": "tangential",
          "value": 0.5253724190908693,
          "unit": "1",
          "analysis": {
            "sampling": 64,
            "use_polarization": false,
            "field_xy_deg": [
              0.0,
              0.0
            ],
            "wavelength_um": 0.55,
            "scalar": true,
            "method": "scalar FFT MTF",
            "interpolation": "linear, no extrapolation",
            "frequency_range_cyc_per_mm": [
              0.0,
              529.2555498414841
            ]
          }
        },
        {
          "metric": "mtf",
          "field": 1,
          "wavelength": 1,
          "frequency": 20,
          "axis": "sagittal",
          "value": 0.5253724190908693,
          "unit": "1",
          "analysis": {
            "sampling": 64,
            "use_polarization": false,
            "field_xy_deg": [
              0.0,
              0.0
            ],
            "wavelength_um": 0.55,
            "scalar": true,
            "method": "scalar FFT MTF",
            "interpolation": "linear, no extrapolation",
            "frequency_range_cyc_per_mm": [
              0.0,
              529.2555498414841
            ]
          }
        }
      ],
      "assessment": {
        "passes": true,
        "requirements": [
          {
            "id": "focal-length",
            "key": "efl_mm",
            "requirement": {
              "id": "focal-length",
              "metric": "efl_mm",
              "unit": "mm",
              "min": 48,
              "max": 51
            },
            "status": "pass",
            "value": 49.66650443614201,
            "unit": "mm"
          },
          {
            "id": "track",
            "key": "total_track_mm",
            "requirement": {
              "id": "track",
              "metric": "total_track_mm",
              "unit": "mm",
              "max": 65
            },
            "status": "pass",
            "value": 52.5,
            "unit": "mm"
          },
          {
            "id": "spot",
            "key": "rms_spot_um|f=1|w=1",
            "requirement": {
              "id": "spot",
              "metric": "rms_spot_um",
              "field": 1,
              "wavelength": 1,
              "unit": "um",
              "max": 30
            },
            "status": "pass",
            "value": 15.061299596853233,
            "unit": "um"
          },
          {
            "id": "contrast-t",
            "key": "mtf|f=1|w=1|nu=20|axis=tangential",
            "requirement": {
              "id": "contrast-t",
              "metric": "mtf",
              "field": 1,
              "wavelength": 1,
              "frequency": 20,
              "axis": "tangential",
              "unit": "1",
              "min": 0.3
            },
            "status": "pass",
            "value": 0.5253724190908693,
            "unit": "1"
          },
          {
            "id": "contrast-s",
            "key": "mtf|f=1|w=1|nu=20|axis=sagittal",
            "requirement": {
              "id": "contrast-s",
              "metric": "mtf",
              "field": 1,
              "wavelength": 1,
              "frequency": 20,
              "axis": "sagittal",
              "unit": "1",
              "min": 0.3
            },
            "status": "pass",
            "value": 0.5253724190908693,
            "unit": "1"
          }
        ]
      },
      "objective_breakdown": {
        "aggregation": "weighted_rms",
        "direction": "minimize",
        "value": 0.44327023225119666,
        "unit": "1",
        "terms": [
          {
            "metric": "efl_mm",
            "key": "efl_mm",
            "unit": "mm",
            "value": 49.66650443614201,
            "target": 50,
            "scale": 2,
            "weight": 1,
            "normalized_residual": -0.16674778192899353,
            "weighted_residual": -0.07457187509810811
          },
          {
            "metric": "rms_spot_um",
            "field": 1,
            "wavelength": 1,
            "key": "rms_spot_um|f=1|w=1",
            "unit": "um",
            "value": 15.061299596853233,
            "target": 0,
            "scale": 30,
            "weight": 2,
            "normalized_residual": 0.5020433198951078,
            "weighted_residual": 0.31752007498821333
          },
          {
            "metric": "mtf",
            "field": 1,
            "wavelength": 1,
            "frequency": 20,
            "axis": "tangential",
            "key": "mtf|f=1|w=1|nu=20|axis=tangential",
            "unit": "1",
            "value": 0.5253724190908693,
            "target": 1,
            "scale": 1,
            "weight": 1,
            "normalized_residual": -0.4746275809091307,
            "weighted_residual": -0.21225990698181954
          },
          {
            "metric": "mtf",
            "field": 1,
            "wavelength": 1,
            "frequency": 20,
            "axis": "sagittal",
            "key": "mtf|f=1|w=1|nu=20|axis=sagittal",
            "unit": "1",
            "value": 0.5253724190908693,
            "target": 1,
            "scale": 1,
            "weight": 1,
            "normalized_residual": -0.4746275809091307,
            "weighted_residual": -0.21225990698181954
          }
        ]
      },
      "objective_value": 0.44327023225119666
    },
    {
      "kind": "search",
      "parameters_mm": [
        51.28515625,
        47.5
      ],
      "inspection": {
        "engine": {
          "name": "Optiland",
          "version": "0.6.2"
        },
        "focus_mm": 47.5,
        "invariants": {
          "version": 1.0,
          "name": "Synthetic N-BK7 singlet matching defocused-singlet.zmx prescription",
          "aperture": {
            "type": "EPD",
            "value": 10
          },
          "fields": {
            "fields": [
              {
                "x": 0.0,
                "y": 0,
                "vx": 0.0,
                "vy": 0.0,
                "weight": 1.0
              }
            ],
            "telecentric": false,
            "field_definition": {
              "field_type": "AngleField"
            }
          },
          "wavelengths": {
            "wavelengths": [
              {
                "value": 0.55,
                "is_primary": true,
                "unit": "um",
                "weight": 1.0
              }
            ],
            "polarization": "ignore"
          },
          "apodization": null,
          "pickups": [],
          "solves": {
            "solves": []
          },
          "surface_group": {
            "surfaces": [
              {
                "type": "ObjectSurface",
                "geometry": {
                  "type": "Plane",
                  "cs": {
                    "x": 0.0,
                    "y": 0.0,
                    "z": "-Infinity",
                    "rx": 0.0,
                    "ry": 0.0,
                    "rz": 0.0,
                    "reference_cs": null
                  },
                  "radius": "Infinity"
                },
                "material_post": {
                  "type": "IdealMaterial",
                  "propagation_model": {
                    "class": "HomogeneousPropagation"
                  },
                  "index": 1.0,
                  "absorp": 0.0
                },
                "comment": ""
              },
              {
                "type": "Surface",
                "thickness": 5,
                "geometry": {
                  "type": "StandardGeometry",
                  "cs": {
                    "x": 0.0,
                    "y": 0.0,
                    "z": 0.0,
                    "rx": 0.0,
                    "ry": 0.0,
                    "rz": 0.0,
                    "reference_cs": null
                  },
                  "radius": 51.28515625,
                  "conic": 0.0
                },
                "material_post": {
                  "type": "Material",
                  "propagation_model": {
                    "class": "HomogeneousPropagation"
                  },
                  "filename": "C:\\Users\\erict\\AppData\\Local\\uv\\cache\\archive-v0\\1oTiDYYjy2XEHm8e\\Lib\\site-packages\\optiland\\database\\data-nk\\glass\\schott\\N-BK7.yml",
                  "name": "N-BK7",
                  "reference": null,
                  "catalog": "schott",
                  "match_policy": "strict",
                  "robust_search": null,
                  "min_wavelength": null,
                  "max_wavelength": null
                },
                "is_stop": true,
                "aperture": null,
                "comment": "",
                "interaction_model": {
                  "type": "RefractiveReflectiveModel",
                  "is_reflective": false,
                  "coating": null,
                  "bsdf": null
                }
              },
              {
                "type": "Surface",
                "geometry": {
                  "type": "StandardGeometry",
                  "cs": {
                    "x": 0.0,
                    "y": 0.0,
                    "z": 5.0,
                    "rx": 0.0,
                    "ry": 0.0,
                    "rz": 0.0,
                    "reference_cs": null
                  },
                  "radius": -50.0,
                  "conic": 0.0
                },
                "material_post": {
                  "type": "IdealMaterial",
                  "propagation_model": {
                    "class": "HomogeneousPropagation"
                  },
                  "index": 1.0,
                  "absorp": 0.0
                },
                "is_stop": false,
                "aperture": null,
                "comment": "",
                "interaction_model": {
                  "type": "RefractiveReflectiveModel",
                  "is_reflective": false,
                  "coating": null,
                  "bsdf": null
                }
              },
              {
                "type": "Surface",
                "thickness": 0.0,
                "geometry": {
                  "type": "Plane",
                  "cs": {
                    "x": 0.0,
                    "y": 0.0,
                    "rx": 0.0,
                    "ry": 0.0,
                    "rz": 0.0,
                    "reference_cs": null
                  },
                  "radius": "Infinity"
                },
                "material_post": {
                  "type": "IdealMaterial",
                  "propagation_model": {
                    "class": "HomogeneousPropagation"
                  },
                  "index": 1.0,
                  "absorp": 0.0
                },
                "is_stop": false,
                "aperture": null,
                "comment": "",
                "interaction_model": {
                  "type": "RefractiveReflectiveModel",
                  "is_reflective": false,
                  "coating": null,
                  "bsdf": null
                }
              }
            ]
          },
          "ray_tracer": {
            "ray_aiming_config": {
              "mode": "paraxial",
              "max_iter": 10,
              "tol": 1e-06
            }
          }
        },
        "prescription": [
          {
            "index": 0,
            "is_image": false,
            "radius_mm": "Infinity",
            "thickness_mm": null
          },
          {
            "index": 1,
            "is_image": false,
            "radius_mm": 51.28515625,
            "thickness_mm": 5
          },
          {
            "index": 2,
            "is_image": false,
            "radius_mm": -50.0,
            "thickness_mm": 47.5
          },
          {
            "index": 3,
            "is_image": true,
            "radius_mm": "Infinity",
            "thickness_mm": 0.0
          }
        ],
        "surfaces": [
          {
            "index": 0,
            "is_image": false,
            "radius_mm": "Infinity",
            "thickness_mm": null
          },
          {
            "index": 1,
            "is_image": false,
            "radius_mm": 51.28515625,
            "thickness_mm": 5
          },
          {
            "index": 2,
            "is_image": false,
            "radius_mm": -50.0,
            "thickness_mm": 47.5
          },
          {
            "index": 3,
            "is_image": true,
            "radius_mm": "Infinity",
            "thickness_mm": 0.0
          }
        ],
        "axial_positions_mm": [
          "-Infinity",
          0.0,
          5.0,
          52.5
        ],
        "image_surface": 3,
        "import_restrictions": {
          "format": "Optiland native JSON",
          "restrictions": "Centered spherical/plane refractive surfaces in air; EPD; meridional angle fields; millimetres; scalar analysis; no solves, pickups, configurations, coatings, scattering, apodization or unsupported directives. Catalog glass requires an explicit catalog and exact material lookup. Native JSON export only."
        }
      },
      "measurements": [
        {
          "metric": "efl_mm",
          "value": 49.66283571767157,
          "unit": "mm",
          "analysis": {
            "sampling": 64,
            "use_polarization": false,
            "wavelength": 1,
            "wavelength_um": 0.55
          }
        },
        {
          "metric": "total_track_mm",
          "value": 52.5,
          "unit": "mm",
          "analysis": {
            "sampling": 64,
            "use_polarization": false
          }
        },
        {
          "metric": "rms_spot_um",
          "field": 1,
          "wavelength": 1,
          "value": 15.130741245494134,
          "unit": "um",
          "analysis": {
            "sampling": 64,
            "use_polarization": false,
            "field_xy_deg": [
              0.0,
              0.0
            ],
            "wavelength_um": 0.55,
            "scalar": true,
            "sampled_rays": 817,
            "transmitted_rays": 817,
            "method": "geometric RMS radius about centroid",
            "distribution": "hexapolar",
            "num_rings": 16
          }
        },
        {
          "metric": "mtf",
          "field": 1,
          "wavelength": 1,
          "frequency": 20,
          "axis": "tangential",
          "value": 0.5280673487240645,
          "unit": "1",
          "analysis": {
            "sampling": 64,
            "use_polarization": false,
            "field_xy_deg": [
              0.0,
              0.0
            ],
            "wavelength_um": 0.55,
            "scalar": true,
            "method": "scalar FFT MTF",
            "interpolation": "linear, no extrapolation",
            "frequency_range_cyc_per_mm": [
              0.0,
              529.2950660166174
            ]
          }
        },
        {
          "metric": "mtf",
          "field": 1,
          "wavelength": 1,
          "frequency": 20,
          "axis": "sagittal",
          "value": 0.5280673487240646,
          "unit": "1",
          "analysis": {
            "sampling": 64,
            "use_polarization": false,
            "field_xy_deg": [
              0.0,
              0.0
            ],
            "wavelength_um": 0.55,
            "scalar": true,
            "method": "scalar FFT MTF",
            "interpolation": "linear, no extrapolation",
            "frequency_range_cyc_per_mm": [
              0.0,
              529.2950660166174
            ]
          }
        }
      ],
      "assessment": {
        "passes": true,
        "requirements": [
          {
            "id": "focal-length",
            "key": "efl_mm",
            "requirement": {
              "id": "focal-length",
              "metric": "efl_mm",
              "unit": "mm",
              "min": 48,
              "max": 51
            },
            "status": "pass",
            "value": 49.66283571767157,
            "unit": "mm"
          },
          {
            "id": "track",
            "key": "total_track_mm",
            "requirement": {
              "id": "track",
              "metric": "total_track_mm",
              "unit": "mm",
              "max": 65
            },
            "status": "pass",
            "value": 52.5,
            "unit": "mm"
          },
          {
            "id": "spot",
            "key": "rms_spot_um|f=1|w=1",
            "requirement": {
              "id": "spot",
              "metric": "rms_spot_um",
              "field": 1,
              "wavelength": 1,
              "unit": "um",
              "max": 30
            },
            "status": "pass",
            "value": 15.130741245494134,
            "unit": "um"
          },
          {
            "id": "contrast-t",
            "key": "mtf|f=1|w=1|nu=20|axis=tangential",
            "requirement": {
              "id": "contrast-t",
              "metric": "mtf",
              "field": 1,
              "wavelength": 1,
              "frequency": 20,
              "axis": "tangential",
              "unit": "1",
              "min": 0.3
            },
            "status": "pass",
            "value": 0.5280673487240645,
            "unit": "1"
          },
          {
            "id": "contrast-s",
            "key": "mtf|f=1|w=1|nu=20|axis=sagittal",
            "requirement": {
              "id": "contrast-s",
              "metric": "mtf",
              "field": 1,
              "wavelength": 1,
              "frequency": 20,
              "axis": "sagittal",
              "unit": "1",
              "min": 0.3
            },
            "status": "pass",
            "value": 0.5280673487240646,
            "unit": "1"
          }
        ]
      },
      "objective_breakdown": {
        "aggregation": "weighted_rms",
        "direction": "minimize",
        "value": 0.44330911587397787,
        "unit": "1",
        "terms": [
          {
            "metric": "efl_mm",
            "key": "efl_mm",
            "unit": "mm",
            "value": 49.66283571767157,
            "target": 50,
            "scale": 2,
            "weight": 1,
            "normalized_residual": -0.16858214116421522,
            "weighted_residual": -0.07539222548713015
          },
          {
            "metric": "rms_spot_um",
            "field": 1,
            "wavelength": 1,
            "key": "rms_spot_um|f=1|w=1",
            "unit": "um",
            "value": 15.130741245494134,
            "target": 0,
            "scale": 30,
            "weight": 2,
            "normalized_residual": 0.5043580415164711,
            "weighted_residual": 0.31898403348276255
          },
          {
            "metric": "mtf",
            "field": 1,
            "wavelength": 1,
            "frequency": 20,
            "axis": "tangential",
            "key": "mtf|f=1|w=1|nu=20|axis=tangential",
            "unit": "1",
            "value": 0.5280673487240645,
            "target": 1,
            "scale": 1,
            "weight": 1,
            "normalized_residual": -0.47193265127593553,
            "weighted_residual": -0.21105469781093894
          },
          {
            "metric": "mtf",
            "field": 1,
            "wavelength": 1,
            "frequency": 20,
            "axis": "sagittal",
            "key": "mtf|f=1|w=1|nu=20|axis=sagittal",
            "unit": "1",
            "value": 0.5280673487240646,
            "target": 1,
            "scale": 1,
            "weight": 1,
            "normalized_residual": -0.4719326512759354,
            "weighted_residual": -0.21105469781093888
          }
        ]
      },
      "objective_value": 0.44330911587397787
    },
    {
      "kind": "search",
      "parameters_mm": [
        51.2890625,
        47.5068359375
      ],
      "inspection": {
        "engine": {
          "name": "Optiland",
          "version": "0.6.2"
        },
        "focus_mm": 47.5068359375,
        "invariants": {
          "version": 1.0,
          "name": "Synthetic N-BK7 singlet matching defocused-singlet.zmx prescription",
          "aperture": {
            "type": "EPD",
            "value": 10
          },
          "fields": {
            "fields": [
              {
                "x": 0.0,
                "y": 0,
                "vx": 0.0,
                "vy": 0.0,
                "weight": 1.0
              }
            ],
            "telecentric": false,
            "field_definition": {
              "field_type": "AngleField"
            }
          },
          "wavelengths": {
            "wavelengths": [
              {
                "value": 0.55,
                "is_primary": true,
                "unit": "um",
                "weight": 1.0
              }
            ],
            "polarization": "ignore"
          },
          "apodization": null,
          "pickups": [],
          "solves": {
            "solves": []
          },
          "surface_group": {
            "surfaces": [
              {
                "type": "ObjectSurface",
                "geometry": {
                  "type": "Plane",
                  "cs": {
                    "x": 0.0,
                    "y": 0.0,
                    "z": "-Infinity",
                    "rx": 0.0,
                    "ry": 0.0,
                    "rz": 0.0,
                    "reference_cs": null
                  },
                  "radius": "Infinity"
                },
                "material_post": {
                  "type": "IdealMaterial",
                  "propagation_model": {
                    "class": "HomogeneousPropagation"
                  },
                  "index": 1.0,
                  "absorp": 0.0
                },
                "comment": ""
              },
              {
                "type": "Surface",
                "thickness": 5,
                "geometry": {
                  "type": "StandardGeometry",
                  "cs": {
                    "x": 0.0,
                    "y": 0.0,
                    "z": 0.0,
                    "rx": 0.0,
                    "ry": 0.0,
                    "rz": 0.0,
                    "reference_cs": null
                  },
                  "radius": 51.2890625,
                  "conic": 0.0
                },
                "material_post": {
                  "type": "Material",
                  "propagation_model": {
                    "class": "HomogeneousPropagation"
                  },
                  "filename": "C:\\Users\\erict\\AppData\\Local\\uv\\cache\\archive-v0\\1oTiDYYjy2XEHm8e\\Lib\\site-packages\\optiland\\database\\data-nk\\glass\\schott\\N-BK7.yml",
                  "name": "N-BK7",
                  "reference": null,
                  "catalog": "schott",
                  "match_policy": "strict",
                  "robust_search": null,
                  "min_wavelength": null,
                  "max_wavelength": null
                },
                "is_stop": true,
                "aperture": null,
                "comment": "",
                "interaction_model": {
                  "type": "RefractiveReflectiveModel",
                  "is_reflective": false,
                  "coating": null,
                  "bsdf": null
                }
              },
              {
                "type": "Surface",
                "geometry": {
                  "type": "StandardGeometry",
                  "cs": {
                    "x": 0.0,
                    "y": 0.0,
                    "z": 5.0,
                    "rx": 0.0,
                    "ry": 0.0,
                    "rz": 0.0,
                    "reference_cs": null
                  },
                  "radius": -50.0,
                  "conic": 0.0
                },
                "material_post": {
                  "type": "IdealMaterial",
                  "propagation_model": {
                    "class": "HomogeneousPropagation"
                  },
                  "index": 1.0,
                  "absorp": 0.0
                },
                "is_stop": false,
                "aperture": null,
                "comment": "",
                "interaction_model": {
                  "type": "RefractiveReflectiveModel",
                  "is_reflective": false,
                  "coating": null,
                  "bsdf": null
                }
              },
              {
                "type": "Surface",
                "thickness": 0.0,
                "geometry": {
                  "type": "Plane",
                  "cs": {
                    "x": 0.0,
                    "y": 0.0,
                    "rx": 0.0,
                    "ry": 0.0,
                    "rz": 0.0,
                    "reference_cs": null
                  },
                  "radius": "Infinity"
                },
                "material_post": {
                  "type": "IdealMaterial",
                  "propagation_model": {
                    "class": "HomogeneousPropagation"
                  },
                  "index": 1.0,
                  "absorp": 0.0
                },
                "is_stop": false,
                "aperture": null,
                "comment": "",
                "interaction_model": {
                  "type": "RefractiveReflectiveModel",
                  "is_reflective": false,
                  "coating": null,
                  "bsdf": null
                }
              }
            ]
          },
          "ray_tracer": {
            "ray_aiming_config": {
              "mode": "paraxial",
              "max_iter": 10,
              "tol": 1e-06
            }
          }
        },
        "prescription": [
          {
            "index": 0,
            "is_image": false,
            "radius_mm": "Infinity",
            "thickness_mm": null
          },
          {
            "index": 1,
            "is_image": false,
            "radius_mm": 51.2890625,
            "thickness_mm": 5
          },
          {
            "index": 2,
            "is_image": false,
            "radius_mm": -50.0,
            "thickness_mm": 47.5068359375
          },
          {
            "index": 3,
            "is_image": true,
            "radius_mm": "Infinity",
            "thickness_mm": 0.0
          }
        ],
        "surfaces": [
          {
            "index": 0,
            "is_image": false,
            "radius_mm": "Infinity",
            "thickness_mm": null
          },
          {
            "index": 1,
            "is_image": false,
            "radius_mm": 51.2890625,
            "thickness_mm": 5
          },
          {
            "index": 2,
            "is_image": false,
            "radius_mm": -50.0,
            "thickness_mm": 47.5068359375
          },
          {
            "index": 3,
            "is_image": true,
            "radius_mm": "Infinity",
            "thickness_mm": 0.0
          }
        ],
        "axial_positions_mm": [
          "-Infinity",
          0.0,
          5.0,
          52.5068359375
        ],
        "image_surface": 3,
        "import_restrictions": {
          "format": "Optiland native JSON",
          "restrictions": "Centered spherical/plane refractive surfaces in air; EPD; meridional angle fields; millimetres; scalar analysis; no solves, pickups, configurations, coatings, scattering, apodization or unsupported directives. Catalog glass requires an explicit catalog and exact material lookup. Native JSON export only."
        }
      },
      "measurements": [
        {
          "metric": "efl_mm",
          "value": 49.66467014886242,
          "unit": "mm",
          "analysis": {
            "sampling": 64,
            "use_polarization": false,
            "wavelength": 1,
            "wavelength_um": 0.55
          }
        },
        {
          "metric": "total_track_mm",
          "value": 52.5068359375,
          "unit": "mm",
          "analysis": {
            "sampling": 64,
            "use_polarization": false
          }
        },
        {
          "metric": "rms_spot_um",
          "field": 1,
          "wavelength": 1,
          "value": 15.226565292049267,
          "unit": "um",
          "analysis": {
            "sampling": 64,
            "use_polarization": false,
            "field_xy_deg": [
              0.0,
              0.0
            ],
            "wavelength_um": 0.55,
            "scalar": true,
            "sampled_rays": 817,
            "transmitted_rays": 817,
            "method": "geometric RMS radius about centroid",
            "distribution": "hexapolar",
            "num_rings": 16
          }
        },
        {
          "metric": "mtf",
          "field": 1,
          "wavelength": 1,
          "frequency": 20,
          "axis": "tangential",
          "value": 0.531374369675274,
          "unit": "1",
          "analysis": {
            "sampling": 64,
            "use_polarization": false,
            "field_xy_deg": [
              0.0,
              0.0
            ],
            "wavelength_um": 0.55,
            "scalar": true,
            "method": "scalar FFT MTF",
            "interpolation": "linear, no extrapolation",
            "frequency_range_cyc_per_mm": [
              0.0,
              529.2753064066362
            ]
          }
        },
        {
          "metric": "mtf",
          "field": 1,
          "wavelength": 1,
          "frequency": 20,
          "axis": "sagittal",
          "value": 0.531374369675274,
          "unit": "1",
          "analysis": {
            "sampling": 64,
            "use_polarization": false,
            "field_xy_deg": [
              0.0,
              0.0
            ],
            "wavelength_um": 0.55,
            "scalar": true,
            "method": "scalar FFT MTF",
            "interpolation": "linear, no extrapolation",
            "frequency_range_cyc_per_mm": [
              0.0,
              529.2753064066362
            ]
          }
        }
      ],
      "assessment": {
        "passes": true,
        "requirements": [
          {
            "id": "focal-length",
            "key": "efl_mm",
            "requirement": {
              "id": "focal-length",
              "metric": "efl_mm",
              "unit": "mm",
              "min": 48,
              "max": 51
            },
            "status": "pass",
            "value": 49.66467014886242,
            "unit": "mm"
          },
          {
            "id": "track",
            "key": "total_track_mm",
            "requirement": {
              "id": "track",
              "metric": "total_track_mm",
              "unit": "mm",
              "max": 65
            },
            "status": "pass",
            "value": 52.5068359375,
            "unit": "mm"
          },
          {
            "id": "spot",
            "key": "rms_spot_um|f=1|w=1",
            "requirement": {
              "id": "spot",
              "metric": "rms_spot_um",
              "field": 1,
              "wavelength": 1,
              "unit": "um",
              "max": 30
            },
            "status": "pass",
            "value": 15.226565292049267,
            "unit": "um"
          },
          {
            "id": "contrast-t",
            "key": "mtf|f=1|w=1|nu=20|axis=tangential",
            "requirement": {
              "id": "contrast-t",
              "metric": "mtf",
              "field": 1,
              "wavelength": 1,
              "frequency": 20,
              "axis": "tangential",
              "unit": "1",
              "min": 0.3
            },
            "status": "pass",
            "value": 0.531374369675274,
            "unit": "1"
          },
          {
            "id": "contrast-s",
            "key": "mtf|f=1|w=1|nu=20|axis=sagittal",
            "requirement": {
              "id": "contrast-s",
              "metric": "mtf",
              "field": 1,
              "wavelength": 1,
              "frequency": 20,
              "axis": "sagittal",
              "unit": "1",
              "min": 0.3
            },
            "status": "pass",
            "value": 0.531374369675274,
            "unit": "1"
          }
        ]
      },
      "objective_breakdown": {
        "aggregation": "weighted_rms",
        "direction": "minimize",
        "value": 0.44329446502309705,
        "unit": "1",
        "terms": [
          {
            "metric": "efl_mm",
            "key": "efl_mm",
            "unit": "mm",
            "value": 49.66467014886242,
            "target": 50,
            "scale": 2,
            "weight": 1,
            "normalized_residual": -0.16766492556878987,
            "weighted_residual": -0.07498203420285135
          },
          {
            "metric": "rms_spot_um",
            "field": 1,
            "wavelength": 1,
            "key": "rms_spot_um|f=1|w=1",
            "unit": "um",
            "value": 15.226565292049267,
            "target": 0,
            "scale": 30,
            "weight": 2,
            "normalized_residual": 0.5075521764016423,
            "weighted_residual": 0.3210041817609508
          },
          {
            "metric": "mtf",
            "field": 1,
            "wavelength": 1,
            "frequency": 20,
            "axis": "tangential",
            "key": "mtf|f=1|w=1|nu=20|axis=tangential",
            "unit": "1",
            "value": 0.531374369675274,
            "target": 1,
            "scale": 1,
            "weight": 1,
            "normalized_residual": -0.46862563032472604,
            "weighted_residual": -0.20957575308095486
          },
          {
            "metric": "mtf",
            "field": 1,
            "wavelength": 1,
            "frequency": 20,
            "axis": "sagittal",
            "key": "mtf|f=1|w=1|nu=20|axis=sagittal",
            "unit": "1",
            "value": 0.531374369675274,
            "target": 1,
            "scale": 1,
            "weight": 1,
            "normalized_residual": -0.46862563032472604,
            "weighted_residual": -0.20957575308095486
          }
        ]
      },
      "objective_value": 0.44329446502309705
    },
    {
      "kind": "candidate_verification",
      "parameters_mm": [
        51.2890625,
        47.5
      ],
      "inspection": {
        "engine": {
          "name": "Optiland",
          "version": "0.6.2"
        },
        "focus_mm": 47.5,
        "invariants": {
          "version": 1.0,
          "name": "Synthetic N-BK7 singlet matching defocused-singlet.zmx prescription",
          "aperture": {
            "type": "EPD",
            "value": 10
          },
          "fields": {
            "fields": [
              {
                "x": 0.0,
                "y": 0,
                "vx": 0.0,
                "vy": 0.0,
                "weight": 1.0
              }
            ],
            "telecentric": false,
            "field_definition": {
              "field_type": "AngleField"
            }
          },
          "wavelengths": {
            "wavelengths": [
              {
                "value": 0.55,
                "is_primary": true,
                "unit": "um",
                "weight": 1.0
              }
            ],
            "polarization": "ignore"
          },
          "apodization": null,
          "pickups": [],
          "solves": {
            "solves": []
          },
          "surface_group": {
            "surfaces": [
              {
                "type": "ObjectSurface",
                "geometry": {
                  "type": "Plane",
                  "cs": {
                    "x": 0.0,
                    "y": 0.0,
                    "z": "-Infinity",
                    "rx": 0.0,
                    "ry": 0.0,
                    "rz": 0.0,
                    "reference_cs": null
                  },
                  "radius": "Infinity"
                },
                "material_post": {
                  "type": "IdealMaterial",
                  "propagation_model": {
                    "class": "HomogeneousPropagation"
                  },
                  "index": 1.0,
                  "absorp": 0.0
                },
                "comment": ""
              },
              {
                "type": "Surface",
                "thickness": 5,
                "geometry": {
                  "type": "StandardGeometry",
                  "cs": {
                    "x": 0.0,
                    "y": 0.0,
                    "z": 0.0,
                    "rx": 0.0,
                    "ry": 0.0,
                    "rz": 0.0,
                    "reference_cs": null
                  },
                  "radius": 51.2890625,
                  "conic": 0.0
                },
                "material_post": {
                  "type": "Material",
                  "propagation_model": {
                    "class": "HomogeneousPropagation"
                  },
                  "filename": "C:\\Users\\erict\\AppData\\Local\\uv\\cache\\archive-v0\\1oTiDYYjy2XEHm8e\\Lib\\site-packages\\optiland\\database\\data-nk\\glass\\schott\\N-BK7.yml",
                  "name": "N-BK7",
                  "reference": null,
                  "catalog": "schott",
                  "match_policy": "strict",
                  "robust_search": null,
                  "min_wavelength": null,
                  "max_wavelength": null
                },
                "is_stop": true,
                "aperture": null,
                "comment": "",
                "interaction_model": {
                  "type": "RefractiveReflectiveModel",
                  "is_reflective": false,
                  "coating": null,
                  "bsdf": null
                }
              },
              {
                "type": "Surface",
                "geometry": {
                  "type": "StandardGeometry",
                  "cs": {
                    "x": 0.0,
                    "y": 0.0,
                    "z": 5.0,
                    "rx": 0.0,
                    "ry": 0.0,
                    "rz": 0.0,
                    "reference_cs": null
                  },
                  "radius": -50.0,
                  "conic": 0.0
                },
                "material_post": {
                  "type": "IdealMaterial",
                  "propagation_model": {
                    "class": "HomogeneousPropagation"
                  },
                  "index": 1.0,
                  "absorp": 0.0
                },
                "is_stop": false,
                "aperture": null,
                "comment": "",
                "interaction_model": {
                  "type": "RefractiveReflectiveModel",
                  "is_reflective": false,
                  "coating": null,
                  "bsdf": null
                }
              },
              {
                "type": "Surface",
                "thickness": 0.0,
                "geometry": {
                  "type": "Plane",
                  "cs": {
                    "x": 0.0,
                    "y": 0.0,
                    "rx": 0.0,
                    "ry": 0.0,
                    "rz": 0.0,
                    "reference_cs": null
                  },
                  "radius": "Infinity"
                },
                "material_post": {
                  "type": "IdealMaterial",
                  "propagation_model": {
                    "class": "HomogeneousPropagation"
                  },
                  "index": 1.0,
                  "absorp": 0.0
                },
                "is_stop": false,
                "aperture": null,
                "comment": "",
                "interaction_model": {
                  "type": "RefractiveReflectiveModel",
                  "is_reflective": false,
                  "coating": null,
                  "bsdf": null
                }
              }
            ]
          },
          "ray_tracer": {
            "ray_aiming_config": {
              "mode": "paraxial",
              "max_iter": 10,
              "tol": 1e-06
            }
          }
        },
        "prescription": [
          {
            "index": 0,
            "is_image": false,
            "radius_mm": "Infinity",
            "thickness_mm": null
          },
          {
            "index": 1,
            "is_image": false,
            "radius_mm": 51.2890625,
            "thickness_mm": 5
          },
          {
            "index": 2,
            "is_image": false,
            "radius_mm": -50.0,
            "thickness_mm": 47.5
          },
          {
            "index": 3,
            "is_image": true,
            "radius_mm": "Infinity",
            "thickness_mm": 0.0
          }
        ],
        "surfaces": [
          {
            "index": 0,
            "is_image": false,
            "radius_mm": "Infinity",
            "thickness_mm": null
          },
          {
            "index": 1,
            "is_image": false,
            "radius_mm": 51.2890625,
            "thickness_mm": 5
          },
          {
            "index": 2,
            "is_image": false,
            "radius_mm": -50.0,
            "thickness_mm": 47.5
          },
          {
            "index": 3,
            "is_image": true,
            "radius_mm": "Infinity",
            "thickness_mm": 0.0
          }
        ],
        "axial_positions_mm": [
          "-Infinity",
          0.0,
          5.0,
          52.5
        ],
        "image_surface": 3,
        "import_restrictions": {
          "format": "Optiland native JSON",
          "restrictions": "Centered spherical/plane refractive surfaces in air; EPD; meridional angle fields; millimetres; scalar analysis; no solves, pickups, configurations, coatings, scattering, apodization or unsupported directives. Catalog glass requires an explicit catalog and exact material lookup. Native JSON export only."
        }
      },
      "measurements": [
        {
          "metric": "efl_mm",
          "value": 49.66467014886242,
          "unit": "mm",
          "analysis": {
            "sampling": 64,
            "use_polarization": false,
            "wavelength": 1,
            "wavelength_um": 0.55
          }
        },
        {
          "metric": "total_track_mm",
          "value": 52.5,
          "unit": "mm",
          "analysis": {
            "sampling": 64,
            "use_polarization": false
          }
        },
        {
          "metric": "rms_spot_um",
          "field": 1,
          "wavelength": 1,
          "value": 15.095401573852323,
          "unit": "um",
          "analysis": {
            "sampling": 64,
            "use_polarization": false,
            "field_xy_deg": [
              0.0,
              0.0
            ],
            "wavelength_um": 0.55,
            "scalar": true,
            "sampled_rays": 817,
            "transmitted_rays": 817,
            "method": "geometric RMS radius about centroid",
            "distribution": "hexapolar",
            "num_rings": 16
          }
        },
        {
          "metric": "mtf",
          "field": 1,
          "wavelength": 1,
          "frequency": 20,
          "axis": "tangential",
          "value": 0.526743233005974,
          "unit": "1",
          "analysis": {
            "sampling": 64,
            "use_polarization": false,
            "field_xy_deg": [
              0.0,
              0.0
            ],
            "wavelength_um": 0.55,
            "scalar": true,
            "method": "scalar FFT MTF",
            "interpolation": "linear, no extrapolation",
            "frequency_range_cyc_per_mm": [
              0.0,
              529.2753064066362
            ]
          }
        },
        {
          "metric": "mtf",
          "field": 1,
          "wavelength": 1,
          "frequency": 20,
          "axis": "sagittal",
          "value": 0.526743233005974,
          "unit": "1",
          "analysis": {
            "sampling": 64,
            "use_polarization": false,
            "field_xy_deg": [
              0.0,
              0.0
            ],
            "wavelength_um": 0.55,
            "scalar": true,
            "method": "scalar FFT MTF",
            "interpolation": "linear, no extrapolation",
            "frequency_range_cyc_per_mm": [
              0.0,
              529.2753064066362
            ]
          }
        }
      ],
      "assessment": {
        "passes": true,
        "requirements": [
          {
            "id": "focal-length",
            "key": "efl_mm",
            "requirement": {
              "id": "focal-length",
              "metric": "efl_mm",
              "unit": "mm",
              "min": 48,
              "max": 51
            },
            "status": "pass",
            "value": 49.66467014886242,
            "unit": "mm"
          },
          {
            "id": "track",
            "key": "total_track_mm",
            "requirement": {
              "id": "track",
              "metric": "total_track_mm",
              "unit": "mm",
              "max": 65
            },
            "status": "pass",
            "value": 52.5,
            "unit": "mm"
          },
          {
            "id": "spot",
            "key": "rms_spot_um|f=1|w=1",
            "requirement": {
              "id": "spot",
              "metric": "rms_spot_um",
              "field": 1,
              "wavelength": 1,
              "unit": "um",
              "max": 30
            },
            "status": "pass",
            "value": 15.095401573852323,
            "unit": "um"
          },
          {
            "id": "contrast-t",
            "key": "mtf|f=1|w=1|nu=20|axis=tangential",
            "requirement": {
              "id": "contrast-t",
              "metric": "mtf",
              "field": 1,
              "wavelength": 1,
              "frequency": 20,
              "axis": "tangential",
              "unit": "1",
              "min": 0.3
            },
            "status": "pass",
            "value": 0.526743233005974,
            "unit": "1"
          },
          {
            "id": "contrast-s",
            "key": "mtf|f=1|w=1|nu=20|axis=sagittal",
            "requirement": {
              "id": "contrast-s",
              "metric": "mtf",
              "field": 1,
              "wavelength": 1,
              "frequency": 20,
              "axis": "sagittal",
              "unit": "1",
              "min": 0.3
            },
            "status": "pass",
            "value": 0.526743233005974,
            "unit": "1"
          }
        ]
      },
      "objective_breakdown": {
        "aggregation": "weighted_rms",
        "direction": "minimize",
        "value": 0.4432687204547757,
        "unit": "1",
        "terms": [
          {
            "metric": "efl_mm",
            "key": "efl_mm",
            "unit": "mm",
            "value": 49.66467014886242,
            "target": 50,
            "scale": 2,
            "weight": 1,
            "normalized_residual": -0.16766492556878987,
            "weighted_residual": -0.07498203420285135
          },
          {
            "metric": "rms_spot_um",
            "field": 1,
            "wavelength": 1,
            "key": "rms_spot_um|f=1|w=1",
            "unit": "um",
            "value": 15.095401573852323,
            "target": 0,
            "scale": 30,
            "weight": 2,
            "normalized_residual": 0.5031800524617441,
            "weighted_residual": 0.31823900778842534
          },
          {
            "metric": "mtf",
            "field": 1,
            "wavelength": 1,
            "frequency": 20,
            "axis": "tangential",
            "key": "mtf|f=1|w=1|nu=20|axis=tangential",
            "unit": "1",
            "value": 0.526743233005974,
            "target": 1,
            "scale": 1,
            "weight": 1,
            "normalized_residual": -0.47325676699402597,
            "weighted_residual": -0.21164686036208416
          },
          {
            "metric": "mtf",
            "field": 1,
            "wavelength": 1,
            "frequency": 20,
            "axis": "sagittal",
            "key": "mtf|f=1|w=1|nu=20|axis=sagittal",
            "unit": "1",
            "value": 0.526743233005974,
            "target": 1,
            "scale": 1,
            "weight": 1,
            "normalized_residual": -0.47325676699402597,
            "weighted_residual": -0.21164686036208416
          }
        ]
      },
      "objective_value": 0.4432687204547757
    },
    {
      "kind": "saved_reload_verification",
      "parameters_mm": [
        51.2890625,
        47.5
      ],
      "inspection": {
        "engine": {
          "name": "Optiland",
          "version": "0.6.2"
        },
        "focus_mm": 47.5,
        "invariants": {
          "version": 1.0,
          "name": "Synthetic N-BK7 singlet matching defocused-singlet.zmx prescription",
          "aperture": {
            "type": "EPD",
            "value": 10
          },
          "fields": {
            "fields": [
              {
                "x": 0.0,
                "y": 0,
                "vx": 0.0,
                "vy": 0.0,
                "weight": 1.0
              }
            ],
            "telecentric": false,
            "field_definition": {
              "field_type": "AngleField"
            }
          },
          "wavelengths": {
            "wavelengths": [
              {
                "value": 0.55,
                "is_primary": true,
                "unit": "um",
                "weight": 1.0
              }
            ],
            "polarization": "ignore"
          },
          "apodization": null,
          "pickups": [],
          "solves": {
            "solves": []
          },
          "surface_group": {
            "surfaces": [
              {
                "type": "ObjectSurface",
                "geometry": {
                  "type": "Plane",
                  "cs": {
                    "x": 0.0,
                    "y": 0.0,
                    "z": "-Infinity",
                    "rx": 0.0,
                    "ry": 0.0,
                    "rz": 0.0,
                    "reference_cs": null
                  },
                  "radius": "Infinity"
                },
                "material_post": {
                  "type": "IdealMaterial",
                  "propagation_model": {
                    "class": "HomogeneousPropagation"
                  },
                  "index": 1.0,
                  "absorp": 0.0
                },
                "comment": ""
              },
              {
                "type": "Surface",
                "thickness": 5,
                "geometry": {
                  "type": "StandardGeometry",
                  "cs": {
                    "x": 0.0,
                    "y": 0.0,
                    "z": 0.0,
                    "rx": 0.0,
                    "ry": 0.0,
                    "rz": 0.0,
                    "reference_cs": null
                  },
                  "radius": 51.2890625,
                  "conic": 0.0
                },
                "material_post": {
                  "type": "Material",
                  "propagation_model": {
                    "class": "HomogeneousPropagation"
                  },
                  "filename": "C:\\Users\\erict\\AppData\\Local\\uv\\cache\\archive-v0\\1oTiDYYjy2XEHm8e\\Lib\\site-packages\\optiland\\database\\data-nk\\glass\\schott\\N-BK7.yml",
                  "name": "N-BK7",
                  "reference": null,
                  "catalog": "schott",
                  "match_policy": "strict",
                  "robust_search": null,
                  "min_wavelength": null,
                  "max_wavelength": null
                },
                "is_stop": true,
                "aperture": null,
                "comment": "",
                "interaction_model": {
                  "type": "RefractiveReflectiveModel",
                  "is_reflective": false,
                  "coating": null,
                  "bsdf": null
                }
              },
              {
                "type": "Surface",
                "geometry": {
                  "type": "StandardGeometry",
                  "cs": {
                    "x": 0.0,
                    "y": 0.0,
                    "z": 5.0,
                    "rx": 0.0,
                    "ry": 0.0,
                    "rz": 0.0,
                    "reference_cs": null
                  },
                  "radius": -50.0,
                  "conic": 0.0
                },
                "material_post": {
                  "type": "IdealMaterial",
                  "propagation_model": {
                    "class": "HomogeneousPropagation"
                  },
                  "index": 1.0,
                  "absorp": 0.0
                },
                "is_stop": false,
                "aperture": null,
                "comment": "",
                "interaction_model": {
                  "type": "RefractiveReflectiveModel",
                  "is_reflective": false,
                  "coating": null,
                  "bsdf": null
                }
              },
              {
                "type": "Surface",
                "thickness": 0.0,
                "geometry": {
                  "type": "Plane",
                  "cs": {
                    "x": 0.0,
                    "y": 0.0,
                    "rx": 0.0,
                    "ry": 0.0,
                    "rz": 0.0,
                    "reference_cs": null
                  },
                  "radius": "Infinity"
                },
                "material_post": {
                  "type": "IdealMaterial",
                  "propagation_model": {
                    "class": "HomogeneousPropagation"
                  },
                  "index": 1.0,
                  "absorp": 0.0
                },
                "is_stop": false,
                "aperture": null,
                "comment": "",
                "interaction_model": {
                  "type": "RefractiveReflectiveModel",
                  "is_reflective": false,
                  "coating": null,
                  "bsdf": null
                }
              }
            ]
          },
          "ray_tracer": {
            "ray_aiming_config": {
              "mode": "paraxial",
              "max_iter": 10,
              "tol": 1e-06
            }
          }
        },
        "prescription": [
          {
            "index": 0,
            "is_image": false,
            "radius_mm": "Infinity",
            "thickness_mm": null
          },
          {
            "index": 1,
            "is_image": false,
            "radius_mm": 51.2890625,
            "thickness_mm": 5
          },
          {
            "index": 2,
            "is_image": false,
            "radius_mm": -50.0,
            "thickness_mm": 47.5
          },
          {
            "index": 3,
            "is_image": true,
            "radius_mm": "Infinity",
            "thickness_mm": 0.0
          }
        ],
        "surfaces": [
          {
            "index": 0,
            "is_image": false,
            "radius_mm": "Infinity",
            "thickness_mm": null
          },
          {
            "index": 1,
            "is_image": false,
            "radius_mm": 51.2890625,
            "thickness_mm": 5
          },
          {
            "index": 2,
            "is_image": false,
            "radius_mm": -50.0,
            "thickness_mm": 47.5
          },
          {
            "index": 3,
            "is_image": true,
            "radius_mm": "Infinity",
            "thickness_mm": 0.0
          }
        ],
        "axial_positions_mm": [
          "-Infinity",
          0.0,
          5.0,
          52.5
        ],
        "image_surface": 3,
        "import_restrictions": {
          "format": "Optiland native JSON",
          "restrictions": "Centered spherical/plane refractive surfaces in air; EPD; meridional angle fields; millimetres; scalar analysis; no solves, pickups, configurations, coatings, scattering, apodization or unsupported directives. Catalog glass requires an explicit catalog and exact material lookup. Native JSON export only."
        }
      },
      "measurements": [
        {
          "metric": "efl_mm",
          "value": 49.66467014886242,
          "unit": "mm",
          "analysis": {
            "sampling": 64,
            "use_polarization": false,
            "wavelength": 1,
            "wavelength_um": 0.55
          }
        },
        {
          "metric": "total_track_mm",
          "value": 52.5,
          "unit": "mm",
          "analysis": {
            "sampling": 64,
            "use_polarization": false
          }
        },
        {
          "metric": "rms_spot_um",
          "field": 1,
          "wavelength": 1,
          "value": 15.095401573852323,
          "unit": "um",
          "analysis": {
            "sampling": 64,
            "use_polarization": false,
            "field_xy_deg": [
              0.0,
              0.0
            ],
            "wavelength_um": 0.55,
            "scalar": true,
            "sampled_rays": 817,
            "transmitted_rays": 817,
            "method": "geometric RMS radius about centroid",
            "distribution": "hexapolar",
            "num_rings": 16
          }
        },
        {
          "metric": "mtf",
          "field": 1,
          "wavelength": 1,
          "frequency": 20,
          "axis": "tangential",
          "value": 0.526743233005974,
          "unit": "1",
          "analysis": {
            "sampling": 64,
            "use_polarization": false,
            "field_xy_deg": [
              0.0,
              0.0
            ],
            "wavelength_um": 0.55,
            "scalar": true,
            "method": "scalar FFT MTF",
            "interpolation": "linear, no extrapolation",
            "frequency_range_cyc_per_mm": [
              0.0,
              529.2753064066362
            ]
          }
        },
        {
          "metric": "mtf",
          "field": 1,
          "wavelength": 1,
          "frequency": 20,
          "axis": "sagittal",
          "value": 0.526743233005974,
          "unit": "1",
          "analysis": {
            "sampling": 64,
            "use_polarization": false,
            "field_xy_deg": [
              0.0,
              0.0
            ],
            "wavelength_um": 0.55,
            "scalar": true,
            "method": "scalar FFT MTF",
            "interpolation": "linear, no extrapolation",
            "frequency_range_cyc_per_mm": [
              0.0,
              529.2753064066362
            ]
          }
        }
      ],
      "assessment": {
        "passes": true,
        "requirements": [
          {
            "id": "focal-length",
            "key": "efl_mm",
            "requirement": {
              "id": "focal-length",
              "metric": "efl_mm",
              "unit": "mm",
              "min": 48,
              "max": 51
            },
            "status": "pass",
            "value": 49.66467014886242,
            "unit": "mm"
          },
          {
            "id": "track",
            "key": "total_track_mm",
            "requirement": {
              "id": "track",
              "metric": "total_track_mm",
              "unit": "mm",
              "max": 65
            },
            "status": "pass",
            "value": 52.5,
            "unit": "mm"
          },
          {
            "id": "spot",
            "key": "rms_spot_um|f=1|w=1",
            "requirement": {
              "id": "spot",
              "metric": "rms_spot_um",
              "field": 1,
              "wavelength": 1,
              "unit": "um",
              "max": 30
            },
            "status": "pass",
            "value": 15.095401573852323,
            "unit": "um"
          },
          {
            "id": "contrast-t",
            "key": "mtf|f=1|w=1|nu=20|axis=tangential",
            "requirement": {
              "id": "contrast-t",
              "metric": "mtf",
              "field": 1,
              "wavelength": 1,
              "frequency": 20,
              "axis": "tangential",
              "unit": "1",
              "min": 0.3
            },
            "status": "pass",
            "value": 0.526743233005974,
            "unit": "1"
          },
          {
            "id": "contrast-s",
            "key": "mtf|f=1|w=1|nu=20|axis=sagittal",
            "requirement": {
              "id": "contrast-s",
              "metric": "mtf",
              "field": 1,
              "wavelength": 1,
              "frequency": 20,
              "axis": "sagittal",
              "unit": "1",
              "min": 0.3
            },
            "status": "pass",
            "value": 0.526743233005974,
            "unit": "1"
          }
        ]
      },
      "objective_breakdown": {
        "aggregation": "weighted_rms",
        "direction": "minimize",
        "value": 0.4432687204547757,
        "unit": "1",
        "terms": [
          {
            "metric": "efl_mm",
            "key": "efl_mm",
            "unit": "mm",
            "value": 49.66467014886242,
            "target": 50,
            "scale": 2,
            "weight": 1,
            "normalized_residual": -0.16766492556878987,
            "weighted_residual": -0.07498203420285135
          },
          {
            "metric": "rms_spot_um",
            "field": 1,
            "wavelength": 1,
            "key": "rms_spot_um|f=1|w=1",
            "unit": "um",
            "value": 15.095401573852323,
            "target": 0,
            "scale": 30,
            "weight": 2,
            "normalized_residual": 0.5031800524617441,
            "weighted_residual": 0.31823900778842534
          },
          {
            "metric": "mtf",
            "field": 1,
            "wavelength": 1,
            "frequency": 20,
            "axis": "tangential",
            "key": "mtf|f=1|w=1|nu=20|axis=tangential",
            "unit": "1",
            "value": 0.526743233005974,
            "target": 1,
            "scale": 1,
            "weight": 1,
            "normalized_residual": -0.47325676699402597,
            "weighted_residual": -0.21164686036208416
          },
          {
            "metric": "mtf",
            "field": 1,
            "wavelength": 1,
            "frequency": 20,
            "axis": "sagittal",
            "key": "mtf|f=1|w=1|nu=20|axis=sagittal",
            "unit": "1",
            "value": 0.526743233005974,
            "target": 1,
            "scale": 1,
            "weight": 1,
            "normalized_residual": -0.47325676699402597,
            "weighted_residual": -0.21164686036208416
          }
        ]
      },
      "objective_value": 0.4432687204547757
    },
    {
      "kind": "validation_baseline",
      "parameters_mm": [
        50.0,
        60.0
      ],
      "inspection": {
        "engine": {
          "name": "Optiland",
          "version": "0.6.2"
        },
        "focus_mm": 60.0,
        "invariants": {
          "version": 1.0,
          "name": "Synthetic N-BK7 singlet matching defocused-singlet.zmx prescription",
          "aperture": {
            "type": "EPD",
            "value": 10
          },
          "fields": {
            "fields": [
              {
                "x": 0.0,
                "y": 0,
                "vx": 0.0,
                "vy": 0.0,
                "weight": 1.0
              }
            ],
            "telecentric": false,
            "field_definition": {
              "field_type": "AngleField"
            }
          },
          "wavelengths": {
            "wavelengths": [
              {
                "value": 0.55,
                "is_primary": true,
                "unit": "um",
                "weight": 1.0
              }
            ],
            "polarization": "ignore"
          },
          "apodization": null,
          "pickups": [],
          "solves": {
            "solves": []
          },
          "surface_group": {
            "surfaces": [
              {
                "type": "ObjectSurface",
                "geometry": {
                  "type": "Plane",
                  "cs": {
                    "x": 0.0,
                    "y": 0.0,
                    "z": "-Infinity",
                    "rx": 0.0,
                    "ry": 0.0,
                    "rz": 0.0,
                    "reference_cs": null
                  },
                  "radius": "Infinity"
                },
                "material_post": {
                  "type": "IdealMaterial",
                  "propagation_model": {
                    "class": "HomogeneousPropagation"
                  },
                  "index": 1.0,
                  "absorp": 0.0
                },
                "comment": ""
              },
              {
                "type": "Surface",
                "thickness": 5,
                "geometry": {
                  "type": "StandardGeometry",
                  "cs": {
                    "x": 0.0,
                    "y": 0.0,
                    "z": 0.0,
                    "rx": 0.0,
                    "ry": 0.0,
                    "rz": 0.0,
                    "reference_cs": null
                  },
                  "radius": 50.0,
                  "conic": 0.0
                },
                "material_post": {
                  "type": "Material",
                  "propagation_model": {
                    "class": "HomogeneousPropagation"
                  },
                  "filename": "C:\\Users\\erict\\AppData\\Local\\uv\\cache\\archive-v0\\1oTiDYYjy2XEHm8e\\Lib\\site-packages\\optiland\\database\\data-nk\\glass\\schott\\N-BK7.yml",
                  "name": "N-BK7",
                  "reference": null,
                  "catalog": "schott",
                  "match_policy": "strict",
                  "robust_search": null,
                  "min_wavelength": null,
                  "max_wavelength": null
                },
                "is_stop": true,
                "aperture": null,
                "comment": "",
                "interaction_model": {
                  "type": "RefractiveReflectiveModel",
                  "is_reflective": false,
                  "coating": null,
                  "bsdf": null
                }
              },
              {
                "type": "Surface",
                "geometry": {
                  "type": "StandardGeometry",
                  "cs": {
                    "x": 0.0,
                    "y": 0.0,
                    "z": 5.0,
                    "rx": 0.0,
                    "ry": 0.0,
                    "rz": 0.0,
                    "reference_cs": null
                  },
                  "radius": -50.0,
                  "conic": 0.0
                },
                "material_post": {
                  "type": "IdealMaterial",
                  "propagation_model": {
                    "class": "HomogeneousPropagation"
                  },
                  "index": 1.0,
                  "absorp": 0.0
                },
                "is_stop": false,
                "aperture": null,
                "comment": "",
                "interaction_model": {
                  "type": "RefractiveReflectiveModel",
                  "is_reflective": false,
                  "coating": null,
                  "bsdf": null
                }
              },
              {
                "type": "Surface",
                "thickness": 0.0,
                "geometry": {
                  "type": "Plane",
                  "cs": {
                    "x": 0.0,
                    "y": 0.0,
                    "rx": 0.0,
                    "ry": 0.0,
                    "rz": 0.0,
                    "reference_cs": null
                  },
                  "radius": "Infinity"
                },
                "material_post": {
                  "type": "IdealMaterial",
                  "propagation_model": {
                    "class": "HomogeneousPropagation"
                  },
                  "index": 1.0,
                  "absorp": 0.0
                },
                "is_stop": false,
                "aperture": null,
                "comment": "",
                "interaction_model": {
                  "type": "RefractiveReflectiveModel",
                  "is_reflective": false,
                  "coating": null,
                  "bsdf": null
                }
              }
            ]
          },
          "ray_tracer": {
            "ray_aiming_config": {
              "mode": "paraxial",
              "max_iter": 10,
              "tol": 1e-06
            }
          }
        },
        "prescription": [
          {
            "index": 0,
            "is_image": false,
            "radius_mm": "Infinity",
            "thickness_mm": null
          },
          {
            "index": 1,
            "is_image": false,
            "radius_mm": 50.0,
            "thickness_mm": 5
          },
          {
            "index": 2,
            "is_image": false,
            "radius_mm": -50.0,
            "thickness_mm": 60
          },
          {
            "index": 3,
            "is_image": true,
            "radius_mm": "Infinity",
            "thickness_mm": 0.0
          }
        ],
        "surfaces": [
          {
            "index": 0,
            "is_image": false,
            "radius_mm": "Infinity",
            "thickness_mm": null
          },
          {
            "index": 1,
            "is_image": false,
            "radius_mm": 50.0,
            "thickness_mm": 5
          },
          {
            "index": 2,
            "is_image": false,
            "radius_mm": -50.0,
            "thickness_mm": 60
          },
          {
            "index": 3,
            "is_image": true,
            "radius_mm": "Infinity",
            "thickness_mm": 0.0
          }
        ],
        "axial_positions_mm": [
          "-Infinity",
          0.0,
          5.0,
          65.0
        ],
        "image_surface": 3,
        "import_restrictions": {
          "format": "Optiland native JSON",
          "restrictions": "Centered spherical/plane refractive surfaces in air; EPD; meridional angle fields; millimetres; scalar analysis; no solves, pickups, configurations, coatings, scattering, apodization or unsupported directives. Catalog glass requires an explicit catalog and exact material lookup. Native JSON export only."
        }
      },
      "measurements": [
        {
          "metric": "efl_mm",
          "value": 49.05139286997028,
          "unit": "mm",
          "analysis": {
            "sampling": 256,
            "use_polarization": false,
            "wavelength": 1,
            "wavelength_um": 0.55
          }
        },
        {
          "metric": "total_track_mm",
          "value": 65.0,
          "unit": "mm",
          "analysis": {
            "sampling": 256,
            "use_polarization": false
          }
        },
        {
          "metric": "mtf",
          "field": 1,
          "wavelength": 1,
          "frequency": 20,
          "axis": "tangential",
          "value": 0.0013321355840192194,
          "unit": "1",
          "analysis": {
            "sampling": 256,
            "use_polarization": false,
            "field_xy_deg": [
              0.0,
              0.0
            ],
            "wavelength_um": 0.55,
            "scalar": true,
            "method": "scalar FFT MTF",
            "interpolation": "linear, no extrapolation",
            "frequency_range_cyc_per_mm": [
              0.0,
              1072.5047374064611
            ]
          }
        },
        {
          "metric": "rms_spot_um",
          "field": 1,
          "wavelength": 1,
          "value": 965.7974573583507,
          "unit": "um",
          "analysis": {
            "sampling": 256,
            "use_polarization": false,
            "field_xy_deg": [
              0.0,
              0.0
            ],
            "wavelength_um": 0.55,
            "scalar": true,
            "sampled_rays": 12481,
            "transmitted_rays": 12481,
            "method": "geometric RMS radius about centroid",
            "distribution": "hexapolar",
            "num_rings": 64
          }
        }
      ],
      "assessment": {
        "passes": false,
        "requirements": [
          {
            "id": "focal-length",
            "key": "efl_mm",
            "requirement": {
              "id": "focal-length",
              "metric": "efl_mm",
              "unit": "mm",
              "min": 48,
              "max": 51
            },
            "status": "pass",
            "value": 49.05139286997028,
            "unit": "mm"
          },
          {
            "id": "track",
            "key": "total_track_mm",
            "requirement": {
              "id": "track",
              "metric": "total_track_mm",
              "unit": "mm",
              "max": 65
            },
            "status": "pass",
            "value": 65.0,
            "unit": "mm"
          },
          {
            "id": "contrast",
            "key": "mtf|f=1|w=1|nu=20|axis=tangential",
            "requirement": {
              "id": "contrast",
              "metric": "mtf",
              "field": 1,
              "wavelength": 1,
              "frequency": 20,
              "axis": "tangential",
              "unit": "1",
              "min": 0.3
            },
            "status": "fail",
            "value": 0.0013321355840192194,
            "unit": "1"
          },
          {
            "id": "spot",
            "key": "rms_spot_um|f=1|w=1",
            "requirement": {
              "id": "spot",
              "metric": "rms_spot_um",
              "field": 1,
              "wavelength": 1,
              "unit": "um",
              "max": 30
            },
            "status": "fail",
            "value": 965.7974573583507,
            "unit": "um"
          }
        ]
      }
    },
    {
      "kind": "validation_candidate",
      "parameters_mm": [
        51.2890625,
        47.5
      ],
      "inspection": {
        "engine": {
          "name": "Optiland",
          "version": "0.6.2"
        },
        "focus_mm": 47.5,
        "invariants": {
          "version": 1.0,
          "name": "Synthetic N-BK7 singlet matching defocused-singlet.zmx prescription",
          "aperture": {
            "type": "EPD",
            "value": 10
          },
          "fields": {
            "fields": [
              {
                "x": 0.0,
                "y": 0,
                "vx": 0.0,
                "vy": 0.0,
                "weight": 1.0
              }
            ],
            "telecentric": false,
            "field_definition": {
              "field_type": "AngleField"
            }
          },
          "wavelengths": {
            "wavelengths": [
              {
                "value": 0.55,
                "is_primary": true,
                "unit": "um",
                "weight": 1.0
              }
            ],
            "polarization": "ignore"
          },
          "apodization": null,
          "pickups": [],
          "solves": {
            "solves": []
          },
          "surface_group": {
            "surfaces": [
              {
                "type": "ObjectSurface",
                "geometry": {
                  "type": "Plane",
                  "cs": {
                    "x": 0.0,
                    "y": 0.0,
                    "z": "-Infinity",
                    "rx": 0.0,
                    "ry": 0.0,
                    "rz": 0.0,
                    "reference_cs": null
                  },
                  "radius": "Infinity"
                },
                "material_post": {
                  "type": "IdealMaterial",
                  "propagation_model": {
                    "class": "HomogeneousPropagation"
                  },
                  "index": 1.0,
                  "absorp": 0.0
                },
                "comment": ""
              },
              {
                "type": "Surface",
                "thickness": 5,
                "geometry": {
                  "type": "StandardGeometry",
                  "cs": {
                    "x": 0.0,
                    "y": 0.0,
                    "z": 0.0,
                    "rx": 0.0,
                    "ry": 0.0,
                    "rz": 0.0,
                    "reference_cs": null
                  },
                  "radius": 51.2890625,
                  "conic": 0.0
                },
                "material_post": {
                  "type": "Material",
                  "propagation_model": {
                    "class": "HomogeneousPropagation"
                  },
                  "filename": "C:\\Users\\erict\\AppData\\Local\\uv\\cache\\archive-v0\\1oTiDYYjy2XEHm8e\\Lib\\site-packages\\optiland\\database\\data-nk\\glass\\schott\\N-BK7.yml",
                  "name": "N-BK7",
                  "reference": null,
                  "catalog": "schott",
                  "match_policy": "strict",
                  "robust_search": null,
                  "min_wavelength": null,
                  "max_wavelength": null
                },
                "is_stop": true,
                "aperture": null,
                "comment": "",
                "interaction_model": {
                  "type": "RefractiveReflectiveModel",
                  "is_reflective": false,
                  "coating": null,
                  "bsdf": null
                }
              },
              {
                "type": "Surface",
                "geometry": {
                  "type": "StandardGeometry",
                  "cs": {
                    "x": 0.0,
                    "y": 0.0,
                    "z": 5.0,
                    "rx": 0.0,
                    "ry": 0.0,
                    "rz": 0.0,
                    "reference_cs": null
                  },
                  "radius": -50.0,
                  "conic": 0.0
                },
                "material_post": {
                  "type": "IdealMaterial",
                  "propagation_model": {
                    "class": "HomogeneousPropagation"
                  },
                  "index": 1.0,
                  "absorp": 0.0
                },
                "is_stop": false,
                "aperture": null,
                "comment": "",
                "interaction_model": {
                  "type": "RefractiveReflectiveModel",
                  "is_reflective": false,
                  "coating": null,
                  "bsdf": null
                }
              },
              {
                "type": "Surface",
                "thickness": 0.0,
                "geometry": {
                  "type": "Plane",
                  "cs": {
                    "x": 0.0,
                    "y": 0.0,
                    "rx": 0.0,
                    "ry": 0.0,
                    "rz": 0.0,
                    "reference_cs": null
                  },
                  "radius": "Infinity"
                },
                "material_post": {
                  "type": "IdealMaterial",
                  "propagation_model": {
                    "class": "HomogeneousPropagation"
                  },
                  "index": 1.0,
                  "absorp": 0.0
                },
                "is_stop": false,
                "aperture": null,
                "comment": "",
                "interaction_model": {
                  "type": "RefractiveReflectiveModel",
                  "is_reflective": false,
                  "coating": null,
                  "bsdf": null
                }
              }
            ]
          },
          "ray_tracer": {
            "ray_aiming_config": {
              "mode": "paraxial",
              "max_iter": 10,
              "tol": 1e-06
            }
          }
        },
        "prescription": [
          {
            "index": 0,
            "is_image": false,
            "radius_mm": "Infinity",
            "thickness_mm": null
          },
          {
            "index": 1,
            "is_image": false,
            "radius_mm": 51.2890625,
            "thickness_mm": 5
          },
          {
            "index": 2,
            "is_image": false,
            "radius_mm": -50.0,
            "thickness_mm": 47.5
          },
          {
            "index": 3,
            "is_image": true,
            "radius_mm": "Infinity",
            "thickness_mm": 0.0
          }
        ],
        "surfaces": [
          {
            "index": 0,
            "is_image": false,
            "radius_mm": "Infinity",
            "thickness_mm": null
          },
          {
            "index": 1,
            "is_image": false,
            "radius_mm": 51.2890625,
            "thickness_mm": 5
          },
          {
            "index": 2,
            "is_image": false,
            "radius_mm": -50.0,
            "thickness_mm": 47.5
          },
          {
            "index": 3,
            "is_image": true,
            "radius_mm": "Infinity",
            "thickness_mm": 0.0
          }
        ],
        "axial_positions_mm": [
          "-Infinity",
          0.0,
          5.0,
          52.5
        ],
        "image_surface": 3,
        "import_restrictions": {
          "format": "Optiland native JSON",
          "restrictions": "Centered spherical/plane refractive surfaces in air; EPD; meridional angle fields; millimetres; scalar analysis; no solves, pickups, configurations, coatings, scattering, apodization or unsupported directives. Catalog glass requires an explicit catalog and exact material lookup. Native JSON export only."
        }
      },
      "measurements": [
        {
          "metric": "efl_mm",
          "value": 49.66467014886242,
          "unit": "mm",
          "analysis": {
            "sampling": 256,
            "use_polarization": false,
            "wavelength": 1,
            "wavelength_um": 0.55
          }
        },
        {
          "metric": "total_track_mm",
          "value": 52.5,
          "unit": "mm",
          "analysis": {
            "sampling": 256,
            "use_polarization": false
          }
        },
        {
          "metric": "mtf",
          "field": 1,
          "wavelength": 1,
          "frequency": 20,
          "axis": "tangential",
          "value": 0.5283319608608219,
          "unit": "1",
          "analysis": {
            "sampling": 256,
            "use_polarization": false,
            "field_xy_deg": [
              0.0,
              0.0
            ],
            "wavelength_um": 0.55,
            "scalar": true,
            "method": "scalar FFT MTF",
            "interpolation": "linear, no extrapolation",
            "frequency_range_cyc_per_mm": [
              0.0,
              1059.116985532809
            ]
          }
        },
        {
          "metric": "rms_spot_um",
          "field": 1,
          "wavelength": 1,
          "value": 13.896093860376206,
          "unit": "um",
          "analysis": {
            "sampling": 256,
            "use_polarization": false,
            "field_xy_deg": [
              0.0,
              0.0
            ],
            "wavelength_um": 0.55,
            "scalar": true,
            "sampled_rays": 12481,
            "transmitted_rays": 12481,
            "method": "geometric RMS radius about centroid",
            "distribution": "hexapolar",
            "num_rings": 64
          }
        }
      ],
      "assessment": {
        "passes": true,
        "requirements": [
          {
            "id": "focal-length",
            "key": "efl_mm",
            "requirement": {
              "id": "focal-length",
              "metric": "efl_mm",
              "unit": "mm",
              "min": 48,
              "max": 51
            },
            "status": "pass",
            "value": 49.66467014886242,
            "unit": "mm"
          },
          {
            "id": "track",
            "key": "total_track_mm",
            "requirement": {
              "id": "track",
              "metric": "total_track_mm",
              "unit": "mm",
              "max": 65
            },
            "status": "pass",
            "value": 52.5,
            "unit": "mm"
          },
          {
            "id": "contrast",
            "key": "mtf|f=1|w=1|nu=20|axis=tangential",
            "requirement": {
              "id": "contrast",
              "metric": "mtf",
              "field": 1,
              "wavelength": 1,
              "frequency": 20,
              "axis": "tangential",
              "unit": "1",
              "min": 0.3
            },
            "status": "pass",
            "value": 0.5283319608608219,
            "unit": "1"
          },
          {
            "id": "spot",
            "key": "rms_spot_um|f=1|w=1",
            "requirement": {
              "id": "spot",
              "metric": "rms_spot_um",
              "field": 1,
              "wavelength": 1,
              "unit": "um",
              "max": 30
            },
            "status": "pass",
            "value": 13.896093860376206,
            "unit": "um"
          }
        ]
      }
    }
  ],
  "evaluations": 41,
  "baseline_restored": true,
  "saved_candidate_verified": true,
  "artifacts": {
    "baseline_model": "C:\\Users\\erict\\OneDrive\\Desktop\\Projects\\optical-design-v1\\docs\\research\\full-release\\final-mcp\\mcp-jobs\\9b08f8f459674054be95564e68ef0625\\output\\baseline-model.json",
    "baseline_sha256": "3758f736982111e1e9f05f4442bd50d920c04f2bba274f09299f221dc8ac694d",
    "source_snapshot_sha256": "73d813dea1ad75db10d87d5023b3608740c652a6ccc38b999eec38599aa803ca",
    "candidate_model": "C:\\Users\\erict\\OneDrive\\Desktop\\Projects\\optical-design-v1\\docs\\research\\full-release\\final-mcp\\mcp-jobs\\9b08f8f459674054be95564e68ef0625\\output\\candidate-model.json",
    "candidate_sha256": "b1a66a7bb7a489643cc4d718ecba99e85cf0b2d8f4e8a9a257268373d7496158"
  },
  "spec_sha256": "13421999188c70b83377c2716ecc65e91e8d0f11510b0c944d4534774af153b9",
  "variables_sha256": "db85aef954a4501a3ad8233a76ec2426ef5d7b0075dc2eb611eecdea4340d2cf",
  "python_version": "3.11.15",
  "search": {
    "method": "normalized_bounded_pattern_search",
    "global_optimum_proven": false,
    "termination": "evaluation_budget",
    "final_normalized_step": 0.00048828125,
    "verification_evaluations_reserved": 4
  },
  "parameter_readback_tolerance": {
    "relative": 1e-12,
    "absolute_mm": 1e-12,
    "nonzero_delta_requires_actual_change": true
  },
  "time_budget_policy": "cooperative_between_native_calls",
  "validation": {
    "status": "passed",
    "spec": {
      "schema": "1",
      "name": "Separate validation: higher sampling, frozen before optimization",
      "fields": [
        1
      ],
      "wavelengths": [
        1
      ],
      "frequencies_cyc_per_mm": [
        20
      ],
      "requirements": [
        {
          "id": "focal-length",
          "metric": "efl_mm",
          "unit": "mm",
          "min": 48,
          "max": 51
        },
        {
          "id": "track",
          "metric": "total_track_mm",
          "unit": "mm",
          "max": 65
        },
        {
          "id": "contrast",
          "metric": "mtf",
          "field": 1,
          "wavelength": 1,
          "frequency": 20,
          "axis": "tangential",
          "unit": "1",
          "min": 0.3
        },
        {
          "id": "spot",
          "metric": "rms_spot_um",
          "field": 1,
          "wavelength": 1,
          "unit": "um",
          "max": 30
        }
      ],
      "budget": {
        "max_evaluations": 7,
        "timeout_s": 120
      },
      "analysis": {
        "sampling": 256,
        "use_polarization": false
      },
      "minimum_gain": 0.001
    },
    "evaluations": 2,
    "baseline": {
      "kind": "validation_baseline",
      "parameters_mm": [
        50.0,
        60.0
      ],
      "inspection": {
        "engine": {
          "name": "Optiland",
          "version": "0.6.2"
        },
        "focus_mm": 60.0,
        "invariants": {
          "version": 1.0,
          "name": "Synthetic N-BK7 singlet matching defocused-singlet.zmx prescription",
          "aperture": {
            "type": "EPD",
            "value": 10
          },
          "fields": {
            "fields": [
              {
                "x": 0.0,
                "y": 0,
                "vx": 0.0,
                "vy": 0.0,
                "weight": 1.0
              }
            ],
            "telecentric": false,
            "field_definition": {
              "field_type": "AngleField"
            }
          },
          "wavelengths": {
            "wavelengths": [
              {
                "value": 0.55,
                "is_primary": true,
                "unit": "um",
                "weight": 1.0
              }
            ],
            "polarization": "ignore"
          },
          "apodization": null,
          "pickups": [],
          "solves": {
            "solves": []
          },
          "surface_group": {
            "surfaces": [
              {
                "type": "ObjectSurface",
                "geometry": {
                  "type": "Plane",
                  "cs": {
                    "x": 0.0,
                    "y": 0.0,
                    "z": "-Infinity",
                    "rx": 0.0,
                    "ry": 0.0,
                    "rz": 0.0,
                    "reference_cs": null
                  },
                  "radius": "Infinity"
                },
                "material_post": {
                  "type": "IdealMaterial",
                  "propagation_model": {
                    "class": "HomogeneousPropagation"
                  },
                  "index": 1.0,
                  "absorp": 0.0
                },
                "comment": ""
              },
              {
                "type": "Surface",
                "thickness": 5,
                "geometry": {
                  "type": "StandardGeometry",
                  "cs": {
                    "x": 0.0,
                    "y": 0.0,
                    "z": 0.0,
                    "rx": 0.0,
                    "ry": 0.0,
                    "rz": 0.0,
                    "reference_cs": null
                  },
                  "radius": 50.0,
                  "conic": 0.0
                },
                "material_post": {
                  "type": "Material",
                  "propagation_model": {
                    "class": "HomogeneousPropagation"
                  },
                  "filename": "C:\\Users\\erict\\AppData\\Local\\uv\\cache\\archive-v0\\1oTiDYYjy2XEHm8e\\Lib\\site-packages\\optiland\\database\\data-nk\\glass\\schott\\N-BK7.yml",
                  "name": "N-BK7",
                  "reference": null,
                  "catalog": "schott",
                  "match_policy": "strict",
                  "robust_search": null,
                  "min_wavelength": null,
                  "max_wavelength": null
                },
                "is_stop": true,
                "aperture": null,
                "comment": "",
                "interaction_model": {
                  "type": "RefractiveReflectiveModel",
                  "is_reflective": false,
                  "coating": null,
                  "bsdf": null
                }
              },
              {
                "type": "Surface",
                "geometry": {
                  "type": "StandardGeometry",
                  "cs": {
                    "x": 0.0,
                    "y": 0.0,
                    "z": 5.0,
                    "rx": 0.0,
                    "ry": 0.0,
                    "rz": 0.0,
                    "reference_cs": null
                  },
                  "radius": -50.0,
                  "conic": 0.0
                },
                "material_post": {
                  "type": "IdealMaterial",
                  "propagation_model": {
                    "class": "HomogeneousPropagation"
                  },
                  "index": 1.0,
                  "absorp": 0.0
                },
                "is_stop": false,
                "aperture": null,
                "comment": "",
                "interaction_model": {
                  "type": "RefractiveReflectiveModel",
                  "is_reflective": false,
                  "coating": null,
                  "bsdf": null
                }
              },
              {
                "type": "Surface",
                "thickness": 0.0,
                "geometry": {
                  "type": "Plane",
                  "cs": {
                    "x": 0.0,
                    "y": 0.0,
                    "rx": 0.0,
                    "ry": 0.0,
                    "rz": 0.0,
                    "reference_cs": null
                  },
                  "radius": "Infinity"
                },
                "material_post": {
                  "type": "IdealMaterial",
                  "propagation_model": {
                    "class": "HomogeneousPropagation"
                  },
                  "index": 1.0,
                  "absorp": 0.0
                },
                "is_stop": false,
                "aperture": null,
                "comment": "",
                "interaction_model": {
                  "type": "RefractiveReflectiveModel",
                  "is_reflective": false,
                  "coating": null,
                  "bsdf": null
                }
              }
            ]
          },
          "ray_tracer": {
            "ray_aiming_config": {
              "mode": "paraxial",
              "max_iter": 10,
              "tol": 1e-06
            }
          }
        },
        "prescription": [
          {
            "index": 0,
            "is_image": false,
            "radius_mm": "Infinity",
            "thickness_mm": null
          },
          {
            "index": 1,
            "is_image": false,
            "radius_mm": 50.0,
            "thickness_mm": 5
          },
          {
            "index": 2,
            "is_image": false,
            "radius_mm": -50.0,
            "thickness_mm": 60
          },
          {
            "index": 3,
            "is_image": true,
            "radius_mm": "Infinity",
            "thickness_mm": 0.0
          }
        ],
        "surfaces": [
          {
            "index": 0,
            "is_image": false,
            "radius_mm": "Infinity",
            "thickness_mm": null
          },
          {
            "index": 1,
            "is_image": false,
            "radius_mm": 50.0,
            "thickness_mm": 5
          },
          {
            "index": 2,
            "is_image": false,
            "radius_mm": -50.0,
            "thickness_mm": 60
          },
          {
            "index": 3,
            "is_image": true,
            "radius_mm": "Infinity",
            "thickness_mm": 0.0
          }
        ],
        "axial_positions_mm": [
          "-Infinity",
          0.0,
          5.0,
          65.0
        ],
        "image_surface": 3,
        "import_restrictions": {
          "format": "Optiland native JSON",
          "restrictions": "Centered spherical/plane refractive surfaces in air; EPD; meridional angle fields; millimetres; scalar analysis; no solves, pickups, configurations, coatings, scattering, apodization or unsupported directives. Catalog glass requires an explicit catalog and exact material lookup. Native JSON export only."
        }
      },
      "measurements": [
        {
          "metric": "efl_mm",
          "value": 49.05139286997028,
          "unit": "mm",
          "analysis": {
            "sampling": 256,
            "use_polarization": false,
            "wavelength": 1,
            "wavelength_um": 0.55
          }
        },
        {
          "metric": "total_track_mm",
          "value": 65.0,
          "unit": "mm",
          "analysis": {
            "sampling": 256,
            "use_polarization": false
          }
        },
        {
          "metric": "mtf",
          "field": 1,
          "wavelength": 1,
          "frequency": 20,
          "axis": "tangential",
          "value": 0.0013321355840192194,
          "unit": "1",
          "analysis": {
            "sampling": 256,
            "use_polarization": false,
            "field_xy_deg": [
              0.0,
              0.0
            ],
            "wavelength_um": 0.55,
            "scalar": true,
            "method": "scalar FFT MTF",
            "interpolation": "linear, no extrapolation",
            "frequency_range_cyc_per_mm": [
              0.0,
              1072.5047374064611
            ]
          }
        },
        {
          "metric": "rms_spot_um",
          "field": 1,
          "wavelength": 1,
          "value": 965.7974573583507,
          "unit": "um",
          "analysis": {
            "sampling": 256,
            "use_polarization": false,
            "field_xy_deg": [
              0.0,
              0.0
            ],
            "wavelength_um": 0.55,
            "scalar": true,
            "sampled_rays": 12481,
            "transmitted_rays": 12481,
            "method": "geometric RMS radius about centroid",
            "distribution": "hexapolar",
            "num_rings": 64
          }
        }
      ],
      "assessment": {
        "passes": false,
        "requirements": [
          {
            "id": "focal-length",
            "key": "efl_mm",
            "requirement": {
              "id": "focal-length",
              "metric": "efl_mm",
              "unit": "mm",
              "min": 48,
              "max": 51
            },
            "status": "pass",
            "value": 49.05139286997028,
            "unit": "mm"
          },
          {
            "id": "track",
            "key": "total_track_mm",
            "requirement": {
              "id": "track",
              "metric": "total_track_mm",
              "unit": "mm",
              "max": 65
            },
            "status": "pass",
            "value": 65.0,
            "unit": "mm"
          },
          {
            "id": "contrast",
            "key": "mtf|f=1|w=1|nu=20|axis=tangential",
            "requirement": {
              "id": "contrast",
              "metric": "mtf",
              "field": 1,
              "wavelength": 1,
              "frequency": 20,
              "axis": "tangential",
              "unit": "1",
              "min": 0.3
            },
            "status": "fail",
            "value": 0.0013321355840192194,
            "unit": "1"
          },
          {
            "id": "spot",
            "key": "rms_spot_um|f=1|w=1",
            "requirement": {
              "id": "spot",
              "metric": "rms_spot_um",
              "field": 1,
              "wavelength": 1,
              "unit": "um",
              "max": 30
            },
            "status": "fail",
            "value": 965.7974573583507,
            "unit": "um"
          }
        ]
      }
    },
    "candidate": {
      "kind": "validation_candidate",
      "parameters_mm": [
        51.2890625,
        47.5
      ],
      "inspection": {
        "engine": {
          "name": "Optiland",
          "version": "0.6.2"
        },
        "focus_mm": 47.5,
        "invariants": {
          "version": 1.0,
          "name": "Synthetic N-BK7 singlet matching defocused-singlet.zmx prescription",
          "aperture": {
            "type": "EPD",
            "value": 10
          },
          "fields": {
            "fields": [
              {
                "x": 0.0,
                "y": 0,
                "vx": 0.0,
                "vy": 0.0,
                "weight": 1.0
              }
            ],
            "telecentric": false,
            "field_definition": {
              "field_type": "AngleField"
            }
          },
          "wavelengths": {
            "wavelengths": [
              {
                "value": 0.55,
                "is_primary": true,
                "unit": "um",
                "weight": 1.0
              }
            ],
            "polarization": "ignore"
          },
          "apodization": null,
          "pickups": [],
          "solves": {
            "solves": []
          },
          "surface_group": {
            "surfaces": [
              {
                "type": "ObjectSurface",
                "geometry": {
                  "type": "Plane",
                  "cs": {
                    "x": 0.0,
                    "y": 0.0,
                    "z": "-Infinity",
                    "rx": 0.0,
                    "ry": 0.0,
                    "rz": 0.0,
                    "reference_cs": null
                  },
                  "radius": "Infinity"
                },
                "material_post": {
                  "type": "IdealMaterial",
                  "propagation_model": {
                    "class": "HomogeneousPropagation"
                  },
                  "index": 1.0,
                  "absorp": 0.0
                },
                "comment": ""
              },
              {
                "type": "Surface",
                "thickness": 5,
                "geometry": {
                  "type": "StandardGeometry",
                  "cs": {
                    "x": 0.0,
                    "y": 0.0,
                    "z": 0.0,
                    "rx": 0.0,
                    "ry": 0.0,
                    "rz": 0.0,
                    "reference_cs": null
                  },
                  "radius": 51.2890625,
                  "conic": 0.0
                },
                "material_post": {
                  "type": "Material",
                  "propagation_model": {
                    "class": "HomogeneousPropagation"
                  },
                  "filename": "C:\\Users\\erict\\AppData\\Local\\uv\\cache\\archive-v0\\1oTiDYYjy2XEHm8e\\Lib\\site-packages\\optiland\\database\\data-nk\\glass\\schott\\N-BK7.yml",
                  "name": "N-BK7",
                  "reference": null,
                  "catalog": "schott",
                  "match_policy": "strict",
                  "robust_search": null,
                  "min_wavelength": null,
                  "max_wavelength": null
                },
                "is_stop": true,
                "aperture": null,
                "comment": "",
                "interaction_model": {
                  "type": "RefractiveReflectiveModel",
                  "is_reflective": false,
                  "coating": null,
                  "bsdf": null
                }
              },
              {
                "type": "Surface",
                "geometry": {
                  "type": "StandardGeometry",
                  "cs": {
                    "x": 0.0,
                    "y": 0.0,
                    "z": 5.0,
                    "rx": 0.0,
                    "ry": 0.0,
                    "rz": 0.0,
                    "reference_cs": null
                  },
                  "radius": -50.0,
                  "conic": 0.0
                },
                "material_post": {
                  "type": "IdealMaterial",
                  "propagation_model": {
                    "class": "HomogeneousPropagation"
                  },
                  "index": 1.0,
                  "absorp": 0.0
                },
                "is_stop": false,
                "aperture": null,
                "comment": "",
                "interaction_model": {
                  "type": "RefractiveReflectiveModel",
                  "is_reflective": false,
                  "coating": null,
                  "bsdf": null
                }
              },
              {
                "type": "Surface",
                "thickness": 0.0,
                "geometry": {
                  "type": "Plane",
                  "cs": {
                    "x": 0.0,
                    "y": 0.0,
                    "rx": 0.0,
                    "ry": 0.0,
                    "rz": 0.0,
                    "reference_cs": null
                  },
                  "radius": "Infinity"
                },
                "material_post": {
                  "type": "IdealMaterial",
                  "propagation_model": {
                    "class": "HomogeneousPropagation"
                  },
                  "index": 1.0,
                  "absorp": 0.0
                },
                "is_stop": false,
                "aperture": null,
                "comment": "",
                "interaction_model": {
                  "type": "RefractiveReflectiveModel",
                  "is_reflective": false,
                  "coating": null,
                  "bsdf": null
                }
              }
            ]
          },
          "ray_tracer": {
            "ray_aiming_config": {
              "mode": "paraxial",
              "max_iter": 10,
              "tol": 1e-06
            }
          }
        },
        "prescription": [
          {
            "index": 0,
            "is_image": false,
            "radius_mm": "Infinity",
            "thickness_mm": null
          },
          {
            "index": 1,
            "is_image": false,
            "radius_mm": 51.2890625,
            "thickness_mm": 5
          },
          {
            "index": 2,
            "is_image": false,
            "radius_mm": -50.0,
            "thickness_mm": 47.5
          },
          {
            "index": 3,
            "is_image": true,
            "radius_mm": "Infinity",
            "thickness_mm": 0.0
          }
        ],
        "surfaces": [
          {
            "index": 0,
            "is_image": false,
            "radius_mm": "Infinity",
            "thickness_mm": null
          },
          {
            "index": 1,
            "is_image": false,
            "radius_mm": 51.2890625,
            "thickness_mm": 5
          },
          {
            "index": 2,
            "is_image": false,
            "radius_mm": -50.0,
            "thickness_mm": 47.5
          },
          {
            "index": 3,
            "is_image": true,
            "radius_mm": "Infinity",
            "thickness_mm": 0.0
          }
        ],
        "axial_positions_mm": [
          "-Infinity",
          0.0,
          5.0,
          52.5
        ],
        "image_surface": 3,
        "import_restrictions": {
          "format": "Optiland native JSON",
          "restrictions": "Centered spherical/plane refractive surfaces in air; EPD; meridional angle fields; millimetres; scalar analysis; no solves, pickups, configurations, coatings, scattering, apodization or unsupported directives. Catalog glass requires an explicit catalog and exact material lookup. Native JSON export only."
        }
      },
      "measurements": [
        {
          "metric": "efl_mm",
          "value": 49.66467014886242,
          "unit": "mm",
          "analysis": {
            "sampling": 256,
            "use_polarization": false,
            "wavelength": 1,
            "wavelength_um": 0.55
          }
        },
        {
          "metric": "total_track_mm",
          "value": 52.5,
          "unit": "mm",
          "analysis": {
            "sampling": 256,
            "use_polarization": false
          }
        },
        {
          "metric": "mtf",
          "field": 1,
          "wavelength": 1,
          "frequency": 20,
          "axis": "tangential",
          "value": 0.5283319608608219,
          "unit": "1",
          "analysis": {
            "sampling": 256,
            "use_polarization": false,
            "field_xy_deg": [
              0.0,
              0.0
            ],
            "wavelength_um": 0.55,
            "scalar": true,
            "method": "scalar FFT MTF",
            "interpolation": "linear, no extrapolation",
            "frequency_range_cyc_per_mm": [
              0.0,
              1059.116985532809
            ]
          }
        },
        {
          "metric": "rms_spot_um",
          "field": 1,
          "wavelength": 1,
          "value": 13.896093860376206,
          "unit": "um",
          "analysis": {
            "sampling": 256,
            "use_polarization": false,
            "field_xy_deg": [
              0.0,
              0.0
            ],
            "wavelength_um": 0.55,
            "scalar": true,
            "sampled_rays": 12481,
            "transmitted_rays": 12481,
            "method": "geometric RMS radius about centroid",
            "distribution": "hexapolar",
            "num_rings": 64
          }
        }
      ],
      "assessment": {
        "passes": true,
        "requirements": [
          {
            "id": "focal-length",
            "key": "efl_mm",
            "requirement": {
              "id": "focal-length",
              "metric": "efl_mm",
              "unit": "mm",
              "min": 48,
              "max": 51
            },
            "status": "pass",
            "value": 49.66467014886242,
            "unit": "mm"
          },
          {
            "id": "track",
            "key": "total_track_mm",
            "requirement": {
              "id": "track",
              "metric": "total_track_mm",
              "unit": "mm",
              "max": 65
            },
            "status": "pass",
            "value": 52.5,
            "unit": "mm"
          },
          {
            "id": "contrast",
            "key": "mtf|f=1|w=1|nu=20|axis=tangential",
            "requirement": {
              "id": "contrast",
              "metric": "mtf",
              "field": 1,
              "wavelength": 1,
              "frequency": 20,
              "axis": "tangential",
              "unit": "1",
              "min": 0.3
            },
            "status": "pass",
            "value": 0.5283319608608219,
            "unit": "1"
          },
          {
            "id": "spot",
            "key": "rms_spot_um|f=1|w=1",
            "requirement": {
              "id": "spot",
              "metric": "rms_spot_um",
              "field": 1,
              "wavelength": 1,
              "unit": "um",
              "max": 30
            },
            "status": "pass",
            "value": 13.896093860376206,
            "unit": "um"
          }
        ]
      }
    },
    "evaluation_differences": [
      "analysis"
    ],
    "scope": "separate-spec numerical check; not measured physical validation or unbiased holdout",
    "budget_policy": "all analyses share optimization budget; validation stage also obeys its own timeout",
    "spec_sha256": "2d48a04a9f2c1efd5de2f763918c02236cae293e227cc568c3432645d65b9916"
  },
  "rejected_candidate": null
}
